label,score_total,score_swd,score_Nd,score_Nd_drop,score_Rd,score_pressure,score_fdot_prior,score_rizk_gas_shape,score_highT_guard,f_n,K_d,rho_d,fission_rate,Dv_scale,Dg_scale,b_scale,gb_scale,gd_scale,coalescence_d_scale,capture_scale,swD_1p3_1600K,swB_1p3_1600K,Rd_1p3_1600K,Nd_1p3_1600K,Nd_1p3_1400K,Nd_1p3_1725K,Nd_drop_1725_over_1400_log10,swD_3p2_1600K,swB_3p2_1600K,max_f_cap_step_3p2_1600K,capture_fraction_sum_3p2_1600K,capture_raw_sum_3p2_1600K,dt_h,n_modes,use_full_exp,score_swig_diag
LHS_0027,1.3716577859564447,0.7961790076418406,0.6108007324035428,0.0,0.14451264137372272,0.6201935560000439,0.02931700336897011,0.0,1.645391497645597,9.560840922398859e-08,183347.3360670183,30941073560683.543,5.349177481767518e+19,0.2785283355454993,1.0892082476535752,3.9593165743016487,0.20299947182248348,0.2979520168625037,8.965605067136641,0.3857974758410653,2.450012688581448,1.0221734763179675,136.4422379345053,2.302678054177983e+18,4.621091310688132e+18,4.7518352685887066e+17,-0.9878831734778168,4.145336761675627,4.2262010760818844,0.00011348825283014058,0.03597077398602771,0.03597077398602771,12.0,22,0,1.7634519551028833
LHS_0021,1.414316110753226,1.0199730793296882,0.26136651326115745,0.0,0.1988578008506483,0.37839317510196474,0.021011776788348993,0.0,2.213384446081259,4.6985326242526694e-08,574977.7942567728,30381895982374.156,4.763851636728949e+19,0.5911018179965486,0.552338904589693,0.2328096364386405,1.5879848027821046,0.3275358986252938,8.150282044134265,2.9694156145569575,2.003727231745666,2.604228348330661,79.26782766060288,9.604154144024605e+18,1.5134225277055523e+19,1.3462292914230113e+18,-1.0508411585145851,6.7079357209814034,7.501520051761378,0.0013438712464510377,0.5764162242859391,0.5764162242859391,12.0,22,0,3.490398157060668
LHS_0009,1.4578337223178637,0.8873318790209589,0.43378379747031987,0.10943074621566463,0.1029987518977968,0.24118067372545712,0.06513223471981376,0.0,2.3448474673784254,6.340653827632808e-07,657855.6299393469,12117722473795.693,5.80901153763196e+19,2.9882240832362443,1.3880204632967426,2.585593017851899,0.23189023007914922,0.661851345433239,3.546620207269921,0.9708152407551588,2.4423775520433133,1.3247434153634943,101.38455808108309,5.595111594357736e+18,7.274951881502277e+18,1.7792037260725432e+18,-0.6116044457083116,5.7263508981401605,4.330098012274244,0.00028600614395951006,0.09888469352137962,0.09888469352137962,12.0,22,0,2.2649173999334726
LHS_0018,1.552129911697013,0.9828701084927101,0.5131031259098846,0.11369342015288615,0.09566880993838497,0.44423937573389505,0.05318173754521261,0.0,0.9506362397160179,8.373422772328089e-07,449859.40627800126,12816846821660.441,4.4237264819274875e+19,0.2173755762922914,0.9095091367499577,0.2715026402206847,0.3248138162415084,1.0683009300315338,5.661033193098701,0.8124435930082312,1.902067912252408,1.2801464608406687,106.86559372931266,3.7206918321059415e+18,5.282399091618102e+18,1.3175102109868854e+18,-0.6030772198089259,3.462937670014639,4.3966738113586645,0.00016944065866325944,0.05054497050979216,0.05054497050979216,12.0,22,0,1.5818753521616984
ANCHOR_high_gb_capture,1.6130157208697964,0.9654582423989486,0.4787150578284497,0.2495832083849583,0.09241273292776772,0.39585154699545627,0.0,0.0,0.48715740827182497,3e-07,300000.0,30000000000000.0,5e+19,0.5,1.0,1.0,2.5,1.0,2.5,2.0,2.807552691770734,2.0972097984292186,99.53549100456233,6.796814496981273e+18,8.483890947470226e+18,3.4700975555792353e+18,-0.3882533930544335,6.026800950909762,7.497128854853904,0.0007282306149092312,0.2820618498223484,0.2820618498223484,12.0,22,0,3.389327602077855
LHS_0046,1.6156707862608461,0.8986079408400084,0.4877886273103097,0.2650487239171822,0.10927149964119873,0.27413867765509337,0.06383586173857154,0.0,1.1301372050734857,5.253469945410265e-08,534899.2394952545,15709145201293.76,5.791697439547316e+19,1.5927559961283515,0.5361786885830201,3.329654211085113,2.1055077899388746,0.8614395431571007,2.5913488183021167,1.7015397143100817,2.2144957606658062,2.819767555428791,92.34927440164421,6.712522917511968e+18,7.937179346723875e+18,3.392344793696415e+18,-0.3691662066593238,6.037330771604438,9.465008781514749,0.0007106107775443749,0.25421649526726325,0.25421649526726325,12.0,22,0,3.995680903814741
LHS_0034,1.6229266168394687,0.9205031261470447,0.7107909195916334,0.0,0.19179385037070246,0.9547257187851462,0.08636385669850635,0.14648727065517772,1.584534133621144,1.1533129195417559e-07,241387.17169974477,21694259259836.094,4.0983226630355706e+19,0.20094468354940737,2.3461872005691933,0.5781944700947018,0.2612876750060478,1.273264866413112,8.483455362159539,2.7992639018140344,3.326871975710547,0.12235951276319684,169.84113235988926,1.6211337575269274e+18,3.6910243659506724e+18,3.9905657952946003e+17,-0.9661124364340329,6.073620789340232,1.0525854055382426,0.0007204893902522149,0.41901172142613813,0.41901172142613813,12.0,22,0,1.4329039230765481
LHS_0004,1.6566006898523862,0.8277483267023246,0.57471423054773,0.3359252781181833,0.169569618743556,0.3093898105577554,0.006738888897479866,0.0,0.16636618471543593,2.7057580933204017e-07,202176.44084641794,74625207060756.45,4.923014505834624e+19,0.4847457013283295,1.0258603686138261,0.8158666998802174,2.512606768841453,0.36517767610661384,1.9441640039786625,0.3499396248958138,2.625420886666678,2.1909761130021392,80.01102968845856,1.2236599560436558e+19,1.4355493247592616e+19,7.658975106342466e+18,-0.2728474612744291,5.102190688404587,8.345993933122456,0.00013021720576170275,0.05249957367696564,0.05249957367696564,12.0,22,0,3.3502994333934297
LHS_0039,1.783649210122642,0.8269842158996452,0.5953547742929823,0.4711658596893712,0.11027617478640217,0.44378423861095945,0.0761571968520687,0.0,0.0,1.0441538315345077e-08,178953.63758069725,44106318113657.74,5.9583663349523644e+19,0.31934774554575196,0.4720122795999384,2.039741039575118,0.7840117652495594,0.20793232470868286,0.7649063566511053,1.8396322735061945,2.455174453823497,1.9175615794791614,92.86261786232613,7.319324124034065e+18,7.761359234407465e+18,6.18352572022128e+18,-0.09870161365044265,5.014336667079023,7.166199303319612,0.0007161449002222313,0.2054545992958945,0.2054545992958945,12.0,22,0,2.848891446289017
LHS_0035,1.7886956846826454,0.7939613174213154,1.038209843303016,0.0,0.28262701440047616,0.7533580448343711,0.051060095681973776,0.0,2.8738998802139846,2.8828640071633514e-07,230990.65601708376,10381171754860.078,5.6238030121075515e+19,0.5536479155856855,0.7623169217081266,0.7196989991035768,1.757564241105251,4.421040793113982,9.827631082490962,0.7677673061067556,2.734232965304147,1.4249134236473984,201.5222515656159,7.975866669523936e+17,1.869487260001902e+18,1.3604890901101357e+17,-1.1380274464314803,4.553556753894025,6.162258902407959,0.00029117785330357547,0.08618433969857603,0.08618433969857603,12.0,22,0,2.5612194877464765
ANCHOR_slight_high_Fdot,1.81246024903928,0.9121904375905635,0.5783088574207425,0.4320396882530864,0.09739442611628424,0.4699132896823568,0.07918124604762482,0.0,0.0,3e-07,300000.0,30000000000000.0,6e+19,0.3,1.0,1.0,1.0,1.0,1.0,1.0,2.9369794775343046,1.214091726738309,95.80316792207397,7.973935018534642e+18,8.760464010143615e+18,6.226078140300769e+18,-0.14831254280060305,5.549339901003618,5.127511366058143,0.0003637833892621665,0.1037951409713832,0.1037951409713832,12.0,22,0,2.4730268786801077
LHS_0053,1.8518534778371405,0.7728042640097743,0.7163121936401361,0.47057792884203037,0.2180017744655655,0.14187228529227613,0.022796995090119666,0.0,0.05279692771524639,2.01501830114631e-07,396664.6283962471,46079131234180.586,5.269470765431604e+19,2.325302194812558,1.9564169356336099,3.728892513489339,0.7038458675813715,0.23409256436935,0.8205019378301808,0.6680018026838944,2.4993374467633678,1.8136192518850194,70.80603028977187,1.6808367974827213e+19,1.7808140520544084e+19,1.4162309822877565e+19,-0.09948448290495258,5.640556013185429,6.8222601700471825,0.0002142952789720367,0.08562621818534132,0.08562621818534132,12.0,22,0,3.1295184689156645
ANCHOR_prev_region_nomFdot,1.877591227315177,1.0128101435776447,0.5737692610890934,0.42426848575037734,0.08947212349721952,0.46264347269708095,0.0,0.0,0.0,3e-07,300000.0,30000000000000.0,5e+19,0.3,1.0,1.0,1.0,1.0,1.0,1.0,3.1389814516076116,1.1882390593882362,98.23512445398498,7.904961171612564e+18,8.754139562731417e+18,6.081401818042465e+18,-0.15820976645233656,5.961331169890879,5.1106769792590026,0.0003163520423997404,0.1123499363421728,0.1123499363421728,12.0,22,0,2.613977225194814
LHS_0030,1.8969011755759677,1.042696286521542,0.6434254829111076,0.34698318672970263,0.06000647902358738,0.268224035220604,0.04456242122891971,0.0,0.8450981163625689,4.3027339020561324e-07,174554.0162000591,20804010672041.402,4.512399922639597e+19,0.8279632037799406,0.8535362881611868,3.4254876210725937,0.8426170062067891,0.5344411045436748,2.413195588173354,0.5493684114642214,1.7179537547540296,1.9781328526654218,110.14830419215961,3.068947180147742e+18,3.502275726741281e+18,1.929457750853248e+18,-0.2589150608690781,3.3405166273365943,6.727094506926266,0.0001373622882061935,0.032078533977754016,0.032078533977754016,12.0,22,0,2.3196487727859787
LHS_0005,1.9053286848683737,0.9070335764509958,0.6109574286787677,0.5022229964789933,0.1342897162138697,0.34622678317863004,0.031810700886873794,0.0,0.0009118712946635317,5.255363246348329e-07,291790.14516452694,25427272528332.71,4.64685695207399e+19,0.27008195216411096,0.918254604166166,1.1914077347075873,0.35428170101941403,0.4889773717770757,0.5061222882472075,1.0775931059594257,2.065820533444388,1.329109487387247,88.52096070107953,7.109934907797322e+18,7.353921060254444e+18,6.414576092562578e+18,-0.05935100238162233,3.9663541148988983,4.646208627123265,0.00024362278904905809,0.06413013476475217,0.06413013476475217,12.0,22,0,1.7981140819336494
LHS_0011,1.90712258619487,0.9112401381541403,0.6246550372583495,0.4984432568196095,0.12872660552569096,0.30141409077458936,0.006120520506788816,0.0,0.09012252094608542,1.7516157346001637e-07,550979.8920724452,17467743786423.418,5.0709639701735784e+19,1.0835020521464187,1.9100177152636464,1.0232768576742803,4.77512699927888,1.499399562112234,0.4376414386742822,0.6602691092347176,2.731150176078045,3.3369510910046363,89.2474476180794,9.172116408541261e+18,9.515635141454334e+18,8.208652437807058e+18,-0.06416591389454891,5.975433745268055,11.330603216751634,0.00031597306485451314,0.1349395334143289,0.1349395334143289,12.0,22,0,4.627121792053638
LHS_0024,1.992681006859611,0.8634128053436718,0.7130643781451687,0.5095669973757789,0.23973633944578981,0.2758743686836489,0.014192825159469681,0.0,0.013577933198745562,1.2468625224031608e-07,594187.7630241308,26484242250364.824,5.166100249269692e+19,0.292859347580294,1.8378760488524428,4.504875352219093,0.3102753623155673,0.2578298909177817,0.4756392106412128,0.4016640688565454,2.0557182769165774,1.5109471453977792,68.72390034121462,1.511999298523063e+19,1.5585254847512955e+19,1.3888081697934103e+19,-0.050071645564883284,4.002524981048001,5.643471046767445,0.00010485750541127993,0.03208623925112019,0.03208623925112019,12.0,22,0,2.107754989901365
LHS_0014,2.0095161778266672,1.5920148150850504,0.38007666150563063,0.0,0.10525290655566476,0.9233169716907551,0.04406507561404128,0.2534829826306243,1.2076343041218862,1.1624772635577387e-08,384886.50928092125,33687665741989.777,4.517570395482944e+19,0.2387297221833418,0.6827139244083444,4.905080993725712,1.4469432166812126,3.37552313874733,6.8059060086782655,0.3737012554153506,4.093521580855801,0.00561869115845595,134.45903779209536,4.020115010038916e+18,8.785777024515405e+18,1.0432908505508718e+18,-0.9253747783234845,7.7386771225052815,0.09901838267931454,0.00015635459053353352,0.08332694919817218,0.08332694919817218,12.0,22,0,1.662286389972726
ANCHOR_nominal,2.0303370874133946,1.1004059559628208,0.6335400768740624,0.4169686108777336,0.1562865176388637,0.24300630293977532,0.0,0.0,0.002484273329711447,1e-06,500000.0,30000000000000.0,5e+19,1.0,1.0,1.0,1.0,1.0,1.0,1.0,3.1948900044502313,1.3400832102058624,83.40423082757408,1.314628540767781e+19,1.4535954235006929e+19,9.877285862983547e+18,-0.16780592390663604,6.726325341091707,5.032025419789973,0.0003100074337008408,0.12299821692138702,0.12299821692138702,12.0,22,0,2.8834644792718658
LHS_0010,2.0314365708994924,1.0874651533429787,0.6835040378124957,0.45458974705160865,0.04914340351294274,0.37425422646276824,0.002745293076536955,0.0,0.09260134390001128,2.496102294174304e-07,197044.7201618043,16460553593461.762,4.9684933314372305e+19,0.41857250891328396,0.3034041670634863,2.500698295211944,3.7987737957652943,1.833166059271825,1.1919955021777031,0.4292304000359977,1.6654211456846948,2.6702787064651257,109.9310886740951,2.9927736986757965e+18,3.1905271777179853e+18,2.420509379034506e+18,-0.11995567861201942,3.075960991972609,9.15817677380874,0.00012928385423763262,0.027577281382920395,0.027577281382920395,12.0,22,0,2.9328127174322893
LHS_0013,2.1017302319556217,1.760193277865965,0.3107430692097669,0.0,0.09389022833692454,0.5608172730556322,0.0716855324781249,0.03053571259114689,1.1507765945665491,6.037784843471211e-08,777915.3515082706,18989832532624.785,4.239205518467884e+19,0.4595995270045325,0.4983921510668462,0.4910098774028692,0.2187065052248725,0.9591089626645815,4.6605333206935455,1.259471848012706,4.4257920825020785,0.40092080718404055,119.46549793811657,6.196905956970865e+18,1.2103849772283716e+19,1.7025773936653002e+18,-0.8518166621174921,8.219878938022179,2.279880893080762,0.00045059766446679713,0.2397963659002743,0.2397963659002743,12.0,22,0,2.622076426342122
LHS_0029,2.1070618090423547,1.254122098666675,0.678542398226671,0.27372830524354186,0.19929758639975734,0.41724549876010686,0.024251717928574133,0.0,0.0,3.561555724238396e-07,420769.76338795276,69871141678953.4,5.287151101249342e+19,0.2572765301531236,1.2408919941149055,2.9427660012288888,0.5040142235620099,0.39379035682346225,2.318515145634617,0.7423117239294831,3.6827801110639906,0.635965066480498,75.31141639508252,2.0582813226691957e+19,2.6901324024099574e+19,1.1857528793804114e+19,-0.3557794676206387,7.1970962318283,3.238092008825118,0.0002736947873465665,0.11577571432218457,0.11577571432218457,12.0,22,0,2.421290110891876
ANCHOR_high_b_coal,2.2162957608320593,1.7667175046650299,0.4244061172915906,0.05012449787584746,0.09519539316925026,0.6676897614135504,0.0,0.07943241197448149,1.0021815087433201,1e-07,300000.0,30000000000000.0,5e+19,0.5,1.0,2.5,1.0,1.5,4.0,1.0,4.462417465761763,0.3946836483372549,135.94815401899268,4.239958861460342e+18,7.46779439863794e+18,1.4454748162397207e+18,-0.713181822975154,8.242550770427773,2.873321833694489,0.0004415172148571691,0.20333943870691223,0.20333943870691223,12.0,22,0,2.836298856397211
LHS_0037,2.2184375773328444,1.2246098938260388,0.6307693317241556,0.49726849211682855,0.10528329447487486,0.2218986521181203,0.04757021884411275,0.0,0.12099087024447286,3.285299637874147e-07,246805.7231528903,41655450139890.414,5.578792690173534e+19,2.0789660777515877,0.7157361371283334,0.24062859209717816,0.6174076899902023,0.45632142969665007,0.3752380676500596,0.7008343410330763,3.448521152462214,1.3301083946917072,94.54221394346051,9.742422963018504e+18,1.0144297065167299e+19,8.72080673051346e+18,-0.06566529677132542,7.051122650985716,5.015598598107431,0.0002575901256386346,0.07957479892420188,0.07957479892420188,12.0,22,0,3.056285027480016
LHS_0051,2.2337143666142887,1.450810233026751,0.5540170261695382,0.3807676956940605,0.034598388920150526,0.4154617841323677,0.02255611798509701,0.0,0.07908636277353906,2.7467659161113067e-08,191066.54786555827,34911510622328.473,4.746941573507998e+19,0.7793964366020847,0.5971219811499949,1.264521855080397,0.7178044135695,0.4111958585338107,1.0829695927836462,0.9177425763249895,3.8026078157836345,1.4205610416676921,117.33701004820414,5.619373186846645e+18,6.439629887830091e+18,3.9325680969786307e+18,-0.2141846557033637,7.3185642068941545,6.260553122105404,0.00034265490778714706,0.13513252371928344,0.13513252371928344,12.0,22,0,3.5241794731185228
LHS_0057,2.267813138501918,1.5126154979968092,0.5375644819583738,0.3538558320208474,0.030999715808362104,0.5464129008477564,0.05936275045207107,0.0,0.05229977719626741,7.596938333044662e-08,511437.55632494105,14265647991483.096,4.361212557282061e+19,0.386554218438266,0.40199338204704915,0.313830987956315,0.3730340490099089,1.686960609442768,1.3488792684469575,1.4217316001605445,3.97728646043039,0.5659422777743847,117.6734836274204,5.827233633066084e+18,6.957809615140313e+18,3.9216243562260547e+18,-0.24900654986883974,7.681548643677548,2.9043209421604335,0.0004004709018592781,0.18178827129898115,0.18178827129898115,12.0,22,0,2.538763194516807
LHS_0036,2.35604897465255,1.6473175764555175,0.5702088334356208,0.19940959739400463,0.1370253954509878,0.6532230451664633,0.0689686955354187,0.18069989401881204,0.12939912597320566,2.9731088130983837e-08,749739.2445398716,36612157714945.125,5.860554376761465e+19,0.22137386932493455,0.5702148658870462,0.46482475731011025,1.9842795698259366,2.0215506623164394,3.1414738827678623,0.6000390225969009,4.194786985232,0.1503672049732129,85.96936392596764,1.5761232015234968e+19,2.3227937634686312e+19,7.976002406273239e+18,-0.4642253749883877,8.427658558392706,1.6447072170671455,0.00039723563910053965,0.15878607427582125,0.15878607427582125,12.0,22,0,2.329666148556881
LHS_0043,2.36803890299611,1.8338503047723798,0.4459019351436423,0.0,0.16784804781595236,0.3755907991141856,0.07836867626286484,0.0,2.8195904662912463,1.382864561175596e-07,820145.790157467,10102736753753.172,4.174469843778212e+19,1.880849146512083,1.034000991530204,2.822711636289768,1.6624210929419339,2.2026857878021766,4.385167067963854,0.5880641522471923,4.21899671938358,1.9810743721800492,138.02988198139894,3.830021645626907e+18,7.096918366147025e+18,6.740123091400628e+17,-1.0224019817860728,8.13332380140734,8.084377024990404,0.0002411576287022694,0.13438195898170624,0.13438195898170624,12.0,22,0,4.577904363555622
LHS_0002,2.4277794109737836,1.3630434986305644,0.6737503197229511,0.5298644706326051,0.12476280136402731,0.18764487421535567,0.04867558552449386,0.0,0.10694526161737841,5.594450826203225e-08,309275.779771414,11953458878323.064,4.46986512509149e+19,1.5362644415720663,2.5303232916300518,4.0754783281712506,0.9994093354597346,0.2609470508785388,0.4094416789542838,1.5138697507170213,1.0379547783676342,3.3576373047732035,87.99462620548631,3.6368163507813617e+18,3.679950262863944e+18,3.4779884336040325e+18,-0.024513815535783186,3.089493077400116,11.193003076587534,0.0003342859284454439,0.10222264534347321,0.10222264534347321,12.0,22,0,3.571218272471844
LHS_0049,2.48608934106557,1.3213151650631925,0.6796785996010682,0.5224092339004346,0.2868205746427785,0.0800019287366877,0.0895432477822036,0.0,0.09239094419823685,9.252129059914424e-07,983600.7377404922,12914833033307.4,4.068429142636261e+19,2.0457810973716817,1.5794702588001577,0.990347492487482,0.5368174820989116,0.582330299621296,0.566827623412973,1.3964484578412608,1.0775018723193637,1.8049815160831144,59.20051375801288,1.2398038972327526e+19,1.2600254478256665e+19,1.165611811709202e+19,-0.033825376638097523,2.9499094048363346,5.826202011403922,0.00020918123748588218,0.07300074812488272,0.07300074812488272,12.0,22,0,1.9378987969654642
LHS_0026,2.5473662254385263,1.653592448285627,0.6383093997944409,0.39396181361951876,0.09032798426325717,0.6796023048580065,0.005789420042844891,0.06900326139758282,0.08395945101953733,3.973952922155988e-08,349043.45105477015,11234407557725.05,4.9337891354074055e+19,0.5175860425721744,0.5076363535675578,3.1544656819768457,0.574604460891838,2.9397762277119495,1.0432330984487193,0.412781112113881,4.214802348616233,0.3801718233280925,145.63202192528956,3.257751597690171e+18,3.75748609247283e+18,2.385063915518233e+18,-0.19739735995385566,8.083290203209533,2.679388217219843,0.00013221213057761183,0.0555915315792027,0.0555915315792027,12.0,22,0,2.6264560272373414
ANCHOR_high_gd_coal,2.558016253148856,2.0746476515326333,0.43766708748552013,0.05533753799120995,0.10495756225295637,0.7822693351812883,0.0,0.20637507712642747,1.0148708295524518,1e-07,300000.0,30000000000000.0,5e+19,0.5,1.0,1.0,0.8,2.5,4.0,1.0,4.764979786929714,0.054278840655011824,141.56260111223375,4.009838226394697e+18,7.131056440781355e+18,1.409293020752675e+18,-0.7041525726334514,9.111429355200059,0.6482635651570565,0.00043724276149344194,0.21254996881594626,0.21254996881594626,12.0,22,0,2.419985674880866
LHS_0052,2.5619333239542588,2.156398902855316,0.3406034581177859,0.0,0.13274380287265355,0.43336491141242345,0.04027325005569273,0.0,2.035665793562335,5.453470183637555e-07,228958.72555715594,51104131607629.14,5.4858414851065545e+19,1.6368080456008514,0.9679516695358273,1.4599334991963666,4.245074833398533,1.3945936657339746,4.063898708565929,0.6240851227680193,4.792524614377212,1.5473213345263102,130.43342137463765,5.155954590835525e+18,9.739233123349092e+18,1.0870264975059967e+18,-0.9522846308198825,8.970239356980764,7.065508519054833,0.00040781385123254065,0.16617675884962635,0.16617675884962635,12.0,22,0,4.57252713149589
LHS_0045,2.5691661970055324,1.5036429932763442,0.6879105426978619,0.5274310739578619,0.12746702978843613,0.2357954153798445,0.011763695203460297,0.02882857926369568,0.053724663532462455,9.033837366100393e-08,168117.42115252055,20217837429767.19,4.8663832556989006e+19,0.623084063097042,0.8299384775474797,0.8645009602236632,1.316672196919327,0.28933501560950303,0.5258069090141131,0.5073535307092254,0.9719606966040527,2.885959131220113,88.6542086152926,3.33013639967216e+18,3.3811128565529887e+18,3.1727944941387387e+18,-0.027617723900546884,1.9516556405589829,9.677783515578733,0.00011361436382439376,0.022009660225926146,0.022009660225926146,12.0,22,0,2.7508828657387236
LHS_0050,2.59230394940665,1.8902694410206113,0.5141387525113196,0.31864724604737105,0.032224737978518374,0.5828985773026054,0.012380644056743694,0.06787934014716039,0.09624412185403979,7.570600467350557e-07,337947.2221032998,28817258615171.86,4.8594750903931355e+19,0.43409386194928434,1.610791478291843,1.6754495459541088,0.44925094698206247,1.6274995599217623,1.563845144533277,1.1860078498923652,4.5444234742479,0.28232205722616815,114.58969313928559,7.210303006567845e+18,9.064226656552242e+18,4.584731554797709e+18,-0.29601684485133006,8.852219401580353,1.8225279137821442,0.00039165621402703665,0.17856120977193699,0.17856120977193699,12.0,22,0,2.619681575181305
LHS_0038,2.6124355115142444,1.539178669048059,0.6889929296473467,0.5211533389197324,0.13356926443791242,0.3044209966055607,0.05993564285905422,0.0,0.0,4.834940076951489e-07,151000.64563868818,22186810150106.207,5.739917458755756e+19,0.3141924130611119,0.456716954498315,4.424968805390197,2.995393536920946,0.7246048186481797,0.6614204898192878,1.7435097530683685,0.9094139711474004,2.581790640703277,87.21952036314508,3.27214040300011e+18,3.331678548883876e+18,3.069773723409286e+18,-0.03555672831486614,1.9786930917299277,8.360400094820005,0.00045664316746018977,0.06429403762829075,0.06429403762829075,12.0,22,0,2.301486045161928
LHS_0054,2.645375578446337,2.120629057492311,0.45560348932626765,0.0,0.17251472069067525,0.7594104572254023,0.04450354706210107,0.1490832139497306,1.9815140719820221,1.5843565214479714e-08,158855.8938174487,69124981025483.64,5.5395380703781536e+19,0.7579534537033976,0.37406893522688817,1.1380539636038134,3.064217787377872,1.016557594462127,6.229335646696346,1.3261249510787843,4.937144116271681,0.3128330770773647,157.99955124939942,2.9882686237458417e+18,7.69256711727035e+18,6.016427880035283e+17,-1.1067325790288196,8.978289112626333,2.8420797322464497,0.0010256750722917702,0.41685708943297084,0.41685708943297084,12.0,22,0,3.1945115072386914
LHS_0033,2.7025742319972483,1.726151535866353,0.6120023533013318,0.5036555345031359,0.04066111317427612,0.7414250253929628,0.05716937137918025,0.15661750244949588,0.037611756869590236,3.138693629578605e-08,467992.3632789527,13576330992165.117,5.70347281297362e+19,0.3432479424340183,1.3288256361843735,0.22015907836111318,2.7786426436573626,5.030840161850542,0.33789337973282485,2.1958479404108386,4.184848303821238,0.24006990792569682,118.61304172378722,5.986786645190949e+18,6.252094427171663e+18,5.475031211532598e+18,-0.05763892936702639,8.777083147719093,1.9985999430779149,0.0010561107971329123,0.4492292563711362,0.4492292563711362,12.0,22,0,2.5388245546806116
LHS_0022,2.761184420105021,1.8930172809316355,0.5952699581411932,0.4401939459502253,0.036414312028422095,0.40304798599364766,0.019536225909890414,0.0,0.05559092892624271,2.363216888496196e-07,218769.9965161626,24676553089101.18,5.230054689929148e+19,1.4256032213736884,0.7468736490724651,0.3496474877437385,4.615007658038091,2.354321907421428,0.5954501371250325,1.2106800495917447,4.3204064877343,2.0066765618566693,128.5861151726123,4.851251312610282e+18,5.283310145884959e+18,3.8449403517502715e+18,-0.13801649901348215,8.662958365433285,8.285357089657051,0.0006137207770594084,0.22935874238806817,0.22935874238806817,12.0,22,0,4.708549829822023
LHS_0017,2.9615501247991016,2.1637392454212936,0.5747883559840351,0.32656427882226335,0.08527273944489012,0.6513511701770809,0.03894244751630133,0.2149297314324928,0.0,6.723547227472968e-08,476889.3652100598,35335357120019.0,5.46905702668257e+19,0.3512620607694129,0.3138930166884949,0.5273996863068321,0.648540499199844,2.426388777815558,1.6663745678882491,0.30621419327264354,4.740390971406528,0.041420698130740945,97.93068877669727,1.204950277000554e+19,1.5280039433918915e+19,7.894401532860336e+18,-0.28680526290853225,9.84655604888189,0.479642837816317,0.00012433191146287592,0.05581562305541631,0.05581562305541631,12.0,22,0,2.437447341292465
LHS_0008,2.974987172109453,2.5752879800948008,0.3675754757159147,0.045965336106546656,0.06709164856018238,0.6060371880686893,0.03695034220764004,0.16013434343836946,0.858133972190286,1.5641742000336945e-07,306650.0357506518,72474478939209.1,5.444027953886066e+19,0.6701394166986177,2.875608631211863,0.6902252605176936,3.572717120049069,1.180403783604837,3.5887087137081037,0.360844298905643,5.424129793294928,0.2602429162751392,110.22648660733611,9.6690447329149e+18,1.7655619544157071e+19,3.36122247868938e+18,-0.720385702476481,10.46560625590702,2.7496238219471154,0.00033174436650772844,0.13926292259227413,0.13926292259227413,12.0,22,0,3.603196782353883
LHS_0023,3.0177704981319935,2.67272806761804,0.17234070832545265,0.0,0.1394670475707327,0.7863553707475479,0.08424983954981902,0.2569649577688663,2.1032605982144665,1.3294197589183042e-07,619107.717056241,61206479567294.27,4.11832071900919e+19,0.5047686305098901,2.6184793208771793,0.29630091763144517,1.3267522639727714,2.869647629564084,7.7451219520548396,0.871956836225804,5.502458183693148,0.0017318893396707402,128.9780986968886,6.122379268423046e+18,2.109377838221042e+19,8.937630209408365e+17,-1.3729319969163365,10.037012662449596,0.024755622102222288,0.0005414997112899847,0.29548779223675264,0.29548779223675264,12.0,22,0,2.695407197557702
LHS_0040,3.023524222530877,2.665592363117069,0.27065388437560906,0.0,0.13218027060406098,0.4545242506317706,0.06783323625869357,0.04256142454185994,1.7174930415062686,1.8023731049940398e-08,681391.0719445002,53954953236670.09,4.276975555177961e+19,0.9730312415734741,2.1440426104469585,0.2852843644095855,0.4824694605223698,0.21928585568928555,4.935638726776185,0.9898507949158901,5.435308071681915,0.630915228627763,103.35287863478325,1.1753516560228377e+19,2.7681408645453808e+19,2.202243135735001e+18,-1.09932292163995,10.872275853372445,3.894584699930577,0.000775547217340784,0.39805608975843926,0.39805608975843926,12.0,22,0,4.149700194272259
LHS_0047,3.096908730342486,1.7961995224083114,0.7607116385390301,0.5259315905496106,0.4532077557133616,0.19658418529968716,0.009971493388749352,0.0,0.0,4.1091764356074995e-07,927401.6008905725,19712596058915.918,5.116129133303261e+19,0.24280722069830799,0.44076283355564055,1.9253149136488283,3.6859190587771344,0.5965349224711355,1.253076939136855,2.6928886356276363,0.4520501199955524,2.841718489707272,39.19780339828051,1.79189595296791e+19,1.8142235789371064e+19,1.6948823297171368e+19,-0.029551255140602455,2.0153433756627774,8.572040155520337,0.0005070587258335583,0.14688926493996363,0.14688926493996363,12.0,22,0,2.3043189803193633
LHS_0048,3.1300114333817617,2.551147914710908,0.4824700410961985,0.0,0.19136253806839343,0.8398793626693206,0.07755548123638864,0.2396097504973901,2.1671609472080173,1.2310098812700989e-08,736969.2736370418,15050839938583.75,5.977581217194804e+19,1.005053197975656,1.776887060479257,0.333740021128812,3.3030209367501198,6.252648296071864,6.047188079078736,0.4878046724189254,5.397432133763594,0.03888219150824719,167.25687609382467,2.7538903090983485e+18,7.259768496641177e+18,5.504998650191374e+17,-1.1201655550873681,9.811374072214026,0.7545501678669643,0.0004560316324418935,0.17885353820158584,0.17885353820158584,12.0,22,0,2.875159614884659
LHS_0012,3.4961676912232247,2.136194713429152,0.7016136707373457,0.5314264073183187,0.5477103693738252,0.08745074321271717,0.09441494785578125,0.22055254514821382,0.0,2.1352822932170924e-07,967670.3069050843,14318816539870.709,4.023046538244337e+19,0.8964720338549991,0.4182865217352923,0.7794211069541085,2.5745029911197577,0.33786201652931797,3.174453356803161,0.315111145999758,0.17790983552162645,3.0894641843988566,31.528367246868854,1.3552109655144196e+19,1.3712586104069806e+19,1.302154348429475e+19,-0.02245690204597193,0.37499651429616976,10.164044926663754,2.9254314037346557e-05,0.007101833988527831,0.007101833988527831,12.0,22,0,2.4964360633489813
LHS_0042,3.6321003245741927,3.0370096791719132,0.4598425569146673,0.21731294145091268,0.03173255613305045,0.7025378276222599,0.0036837223045564703,0.2549795148327994,0.436127042139311,1.0012957088792387e-07,264292.74409143,49724720211799.68,5.0425907943230185e+19,0.7017256444837571,0.6147830699414205,1.4891302795127948,1.5107914780156895,4.619665514672434,2.0709083490332825,1.5813183396321238,5.713157978605616,0.0031602605462257884,119.9550098275983,7.901916787381954e+18,1.1327737069680204e+19,4.1345653740356234e+18,-0.4377132967640712,11.732617957459574,0.039491884845119785,0.0007749485317420121,0.36409947404095794,0.36409947404095794,12.0,22,0,3.071219814207197
LHS_0055,3.715715332289515,2.5342717875781244,0.8720526066670938,0.4621252234435493,0.2210528123753362,0.2358088988582296,0.03820644577962556,0.0,0.08066402745937787,6.12861642128218e-07,846173.7990379959,38645417589911.97,4.578925299951234e+19,1.4105335416714666,2.4257358316573123,0.42542353235827707,0.8747157317770894,0.7774350984302701,0.6248788648547632,2.5846533812404746,4.835940135119362,0.8008064473359423,73.72343069029303,2.8812151950504616e+19,3.1644491117472727e+19,2.45617106487479e+19,-0.11003950525703984,12.14565380410838,3.2078564340923523,0.00131641949685511,0.6445293290292113,0.6445293290292113,12.0,22,0,3.9948294374936824
LHS_0044,3.7877638607706796,2.8924589776157523,0.610108591063278,0.4111272590236491,0.06319113009040742,0.5795453171267184,0.06354428319302763,0.20283601774387383,0.004826253858359664,1.8889138030560825e-08,213488.34373631276,65723605580731.92,4.3194228474734576e+19,0.5697775013638857,0.3842607690712301,0.255201866018502,0.5500329814407021,0.6798311907716127,0.8572782399119413,1.5903857098326837,5.588965781411638,0.056794874402536256,105.31819927446591,1.142174780192268e+19,1.3290260926848311e+19,8.852642896070583e+18,-0.1764605617955993,11.901603721028597,0.6137279745897881,0.0005997263104511337,0.34081785962742583,0.34081785962742583,12.0,22,0,3.240971536020822
LHS_0006,3.8221235925843695,3.0503657951265244,0.6222038925075523,0.0,0.26994144258223157,0.8905300410616066,0.08195301322953298,0.25980684980879554,3.434292481366538,1.4055678155637073e-08,281605.45302974427,43190866789077.62,4.14015872239818e+19,1.1417942612670822,2.943983215463979,2.3109995493658264,0.2464742610081817,7.148051277095557,7.209537645379727,2.038400800062777,6.039749758054772,2.904438322727537e-07,197.76788672485745,1.8640734345164104e+18,6.879161967826636e+18,2.5245767216915805e+17,-1.4353469614968308,10.581057671015543,4.864761396845865e-06,0.001121479056592978,0.6252023040406157,0.6252023040406157,12.0,22,0,3.0503713064962104
LHS_0041,3.9899029086779745,3.1381979738396737,0.7927838350177171,0.044090886251226244,0.27310570306596804,0.7402678535510616,0.05386338444637402,0.12726379371309732,2.06465371927011,3.709476535214214e-08,274776.28746200656,11028211527914.23,5.660221006392167e+19,2.415510794616713,1.501335335689836,1.7908725224105437,2.4206858458562817,5.514662697296877,2.85170867038464,2.116881405445026,6.086961978822101,0.34177267018957874,216.25871328140963,1.4367828510303862e+18,2.53834540296514e+18,4.796432898593191e+17,-0.7236323448621361,11.489034978974248,2.911594569041545,0.0014581338406457638,0.6135567820383059,0.6135567820383059,12.0,22,0,4.290284640882196
LHS_0001,3.991765596901197,2.892378639039856,1.022737394425588,0.0,0.37337484895577755,0.9546313403792227,0.06903259828401473,0.24406295352496948,3.6290154011715985,1.6768484073176054e-08,162359.96939015322,17763599307356.074,4.2651804122538525e+19,1.811000280956767,0.6420826273745658,1.1022448557040692,1.0707883782000762,5.3399293616654315,5.346740416558204,2.005113244762536,5.8348807309306725,0.012279689497976835,264.3329371796313,7.542052109603684e+17,1.981941977483514e+18,1.491925397426077e+17,-1.1233438289886928,10.425580429231745,0.16554559896808685,0.0009782949835233188,0.5557033441863628,0.5557033441863628,12.0,22,0,3.0142194064029
LHS_0025,4.108086977984577,2.9643125753152595,0.9136514776751284,0.3715195419201559,0.2284346799212082,0.542581635646023,0.01704020745445346,0.2597886421826242,0.0,2.2938417835183066e-08,645325.4003407496,77609513111974.08,4.807616276981632e+19,0.38211930023520135,1.1445959834998263,0.4428015247968604,0.9326689891560375,5.91765693429726,1.4852417140091836,0.5243179634077237,5.389662012811873,8.661599583534134e-06,71.2679528697903,3.554594541544101e+19,4.4762608394144506e+19,2.6351286405328413e+19,-0.2301135644196678,12.29565217617857,9.620922479901464e-05,0.00023702262987336018,0.10994513637198366,0.10994513637198366,12.0,22,0,2.964416646100453
LHS_0031,4.121352333876534,3.465691304409611,0.5305328471233276,0.2057548495573064,0.06347911956435182,0.6236079392644573,0.04816126148378094,0.2597538916685404,0.38608731646204186,2.511189389135302e-08,432417.6088360535,53822568937618.03,5.58639018267459e+19,0.8814351900181538,1.4373388642505285,1.3582361937056073,1.1359418434703197,6.886698443323826,2.1364007693040437,1.8771366876823785,6.148327610170182,2.851519800919498e-05,103.62704324052426,1.3190129852952572e+19,1.959619321412606e+19,6.85107753162423e+18,-0.45641283052304904,12.955516192363259,0.0003081358727843744,0.0011453812263536468,0.47258791004860656,0.47258791004860656,12.0,22,0,3.466005103241787
LHS_0019,4.1620810005648785,3.7756675337335137,0.354019840332506,0.0,0.0772142571015977,0.623713198267727,0.07091543145226034,0.25809424692630994,1.3221055697269049,1.3252443527471106e-08,558304.0079368897,64254514802163.195,5.886883425091789e+19,1.2912454556896777,2.7658265122280934,0.3798467563616519,4.167640663041891,2.6759625550436064,3.8616888512533896,0.9039149846630343,6.60156706682752,0.002164348899977795,109.9428432288528,1.185925857257869e+19,2.536359133216717e+19,3.3290727976832343e+18,-0.8818874549647685,13.292207496949663,0.036092186186320714,0.0011399246516757442,0.4337711105891431,0.4337711105891431,12.0,22,0,3.8017766607156758
LHS_0015,4.216710451622945,3.4103514098138925,0.6500455693567865,0.27534168225174643,0.11122189145325427,0.5759198256702335,0.0025477676139979547,0.2542347701555676,0.08753215793476708,3.6951400100769025e-07,718623.8661766874,39981965759101.805,5.029418465274967e+19,0.722118808075826,0.3444582347853726,0.8962827691243931,0.2660760691002628,4.146706340065981,1.7862166106402126,0.4627482011100886,6.043303094674833,0.002559770517613115,92.84652311054914,1.8025562741290217e+19,2.4953711827686253e+19,1.0940937755247587e+19,-0.358080608156249,13.120039797742214,0.02888026680330557,0.0002362962244727767,0.1073584603616419,0.1073584603616419,12.0,22,0,3.4367620636189007
LHS_0020,4.333481351996354,3.255605549516689,0.7323213879668121,0.49323057174013707,0.11496691235301286,0.4494019419969674,0.03343677189845886,0.16741045360276796,0.11055234066368343,3.330761270500845e-08,323544.6450932232,56802710917700.8,5.4001618479589605e+19,1.0387642043034764,0.8018200696286661,0.6187201067752491,0.2857943615122129,0.45731531183316837,0.352686554702314,1.0419802542714616,6.026654158871875,0.1140945575304827,95.0283176252216,1.6765964371952687e+19,1.7939240914849593e+19,1.5227688051646523e+19,-0.07117009081100377,13.181794091548705,1.023438978066803,0.0005028304744227295,0.22183494014528873,0.22183494014528873,12.0,22,0,3.763984044578522
LHS_0028,4.38924972980543,3.619311953542602,0.5312669104042296,0.35107375383479417,0.051465387361748244,0.574861466532626,0.025134297936325458,0.15852678780483834,0.161243418594705,1.7370658402044315e-07,351701.74373894325,23619060819334.285,4.718844935918899e+19,1.3282430901517026,1.6633297330662804,2.209798507988735,1.9023385218542392,3.675117018342555,0.9714357531626768,2.335381157352192,6.511602181930382,0.1357615738201993,135.04522743801002,6.311920625673202e+18,7.770946129648884e+18,4.326773871340292e+18,-0.2543096999087675,13.461628877361587,1.2131644818818497,0.0012190683663296058,0.6334291117688307,0.6334291117688307,12.0,22,0,4.234283982977245
LHS_0032,4.538507421229617,3.6558777755114176,0.669502766896352,0.3728934274017632,0.09555022304849084,0.2979524017095945,0.01524350971553631,0.03171873593728226,0.048558441238971996,7.077296637954772e-07,368932.3472699899,58003738353159.16,5.178613677728482e+19,2.762683385398022,2.2566308782960682,0.3968242748024984,1.1917113613701489,0.903077358696744,0.9189806161583229,0.3260235828978113,6.5875971658597265,0.5413092395988423,98.51835868911043,1.6447008657173117e+19,2.0006200309964915e+19,1.1903859728732152e+19,-0.2254768121735775,14.002279922679397,3.3357918804440363,0.00021011423877465954,0.09671139128297049,0.09671139128297049,12.0,22,0,4.972666748938468
LHS_0007,4.579656293931331,4.176705196265201,0.3306247528914022,0.009143353740706057,0.10533834674057094,0.5679594575797238,0.07362202101175565,0.179259181708567,1.6478405746163616,6.462187775756349e-08,891360.7407512447,16580382731362.03,5.923685942289362e+19,2.564193190829661,0.3590461431321353,1.643255835162478,0.41506477650953577,3.1271131110869765,2.778668983135389,2.3851581689139763,7.249794673156226,0.07250572107996847,141.43245941011023,6.117723111874904e+18,1.173148486498771e+19,1.9283672089451686e+18,-0.7841632467695222,14.30363524719856,0.5845367614077236,0.0020413583530232097,0.8020329561073866,0.8020329561073866,12.0,22,0,4.512207509382808
LHS_0056,4.7852142894915755,3.85034167677898,0.5941013453492613,0.46250148577846095,0.06892423819189243,0.524835851336261,0.05636720329927698,0.12988427874781613,0.1155772719311648,7.932508294574876e-08,259608.31001123437,23916898387662.004,4.3913980130251014e+19,1.7797632367859726,0.3345320065825412,2.1119391717936713,0.3918501065668421,1.918231998059048,0.3826552350256424,0.8049065587843179,6.846648907126846,0.14901953776029164,143.44620792156658,5.537608300817326e+18,6.053120104970117e+18,4.698050725968352e+18,-0.11006158954714326,14.036590961700751,1.206379221995313,0.0003207415114755704,0.16034430680215295,0.16034430680215295,12.0,22,0,4.383684343229049
LHS_0000,4.937986287182524,4.068775157258284,0.598282364031465,0.41392764372901847,0.03158403993741757,0.5907135875983256,0.031023661085242658,0.24927831890712568,0.05074843001222019,9.024343217315786e-07,404898.3283877298,31965026709433.51,4.655285742724886e+19,1.210925378418925,1.1889233994408286,0.20038285272833442,1.0509924461387625,7.89046105957971,0.708280512058528,2.550808011971574,6.8224496920465425,0.004938569837693251,115.83184561330006,1.0480157364915272e+19,1.2212045105383879e+19,8.195138234391158e+18,-0.1732321161192009,14.815623065792028,0.04611034873376029,0.0010797854762195987,0.5709931779775888,0.5709931779775888,12.0,22,0,4.1151487282031205
LHS_0016,5.818354795823618,5.183084291910196,0.46798299602208293,0.22450173127269776,0.04776203071742239,0.5517363846261321,0.036345890450346086,0.2421971095860896,0.8227068469415201,4.4788811441483565e-08,501345.49500856217,27955381379865.883,4.598583893642208e+19,2.7131103970430726,2.0510325260722087,0.5545305657703488,2.204447418744893,3.9254417176488356,1.4114282073922453,1.1307767635440382,8.186785207836875,0.016048025151787583,132.5898063675713,8.384832238375731e+18,1.219406614018799e+19,4.53933186197706e+18,-0.42915661193771204,17.305947983349174,0.2156168572011253,0.0009894598509548895,0.4809956909462475,0.4809956909462475,12.0,22,0,5.3400946304313095
LHS_0003,6.173083943950746,4.84761432572773,0.9813800974433013,0.5137514193851415,0.21461018941924673,0.38064675203166204,0.028458220833335924,0.2545478737513558,0.1539308544696958,2.107231564487099e-08,864956.0838502946,47176715800842.44,5.338610363213756e+19,2.190719787745101,1.2578140641989988,0.6446755319424464,0.33110516748268093,1.1991816637349628,0.30076118339933877,0.47660397344238564,7.074123987600619,0.0032384239208867877,76.87541640471838,3.7172486679158006e+19,3.953803196677738e+19,3.555280439303666e+19,-0.046141184786778484,18.13684174940779,0.03537466138171705,0.0003268333415465807,0.13414329215481433,0.13414329215481433,12.0,22,0,4.8825225978624145
