dvgb_case,dvgb_label,dvgb_rizk_factor,ngf_factor,Ngf0_areal,T_Fc_sat_K,T_FGR_onset_K,Dv_gb_at_1600K_m2_s,Rgf_nm_1200K,Ngf_areal_1200K,FGR_percent_1200K,Fc_1200K,p_gf_over_eq_1200K,grainface_gas_percent_1200K,Rgf_nm_1400K,Ngf_areal_1400K,FGR_percent_1400K,Fc_1400K,p_gf_over_eq_1400K,grainface_gas_percent_1400K,Rgf_nm_1600K,Ngf_areal_1600K,FGR_percent_1600K,Fc_1600K,p_gf_over_eq_1600K,grainface_gas_percent_1600K,Rgf_nm_1800K,Ngf_areal_1800K,FGR_percent_1800K,Fc_1800K,p_gf_over_eq_1800K,grainface_gas_percent_1800K
Matthews_LANL2025,Matthews/LANL 2025,,0.1,2000000000000.0,1750.0,1750.0,5.891260596785367e-17,97.66800327310712,1836211778601.1648,0.0,0.04043043835970457,652.6373332954176,5.760969778013332,120.26078616901088,1766832905997.7375,0.0,0.05898269596961684,14.918325293660825,5.742668008017913,306.0597363745055,1153798330287.7856,0.0,0.2494728961659661,2.084028276752277,6.203631486764867,811.4149857057238,329005298970.95984,3.497678866947884,0.5,1.1274480425433753,6.260783387353157
Matthews_LANL2025,Matthews/LANL 2025,,1.0,20000000000000.0,1650.0,1650.0,5.891260596785367e-17,47.334049869596576,16686752725533.977,0.0,0.08629789877285308,86.49010757815766,5.760969778013332,78.04416651777872,13344929396222.488,0.0,0.1876196136067658,2.88722252436135,5.742668008017913,185.32259124884135,6135369526474.211,0.0,0.48638314439798896,1.0595038597551336,6.203631486764867,284.40400513015703,2678042871507.7993,4.2766135835103425,0.49999999999999994,1.0030299286679016,5.481848670790698
Matthews_LANL2025,Matthews/LANL 2025,,5.0,100000000000000.0,1600.0,1600.0,5.891260596785367e-17,29.578356492764602,73063857185847.03,0.0,0.14754745970279295,21.68979779439696,5.760969778013332,59.6725243911097,43756786673723.016,0.0,0.35964605926993665,1.3511634958431546,5.742668008017913,89.05602833098608,27312552911393.4,0.43501640710436407,0.5,1.0015340872339618,5.768615079660504,131.2789086575056,12568950789877.342,4.451458842498086,0.5000000000000001,1.0004357001706823,5.307003411802954
Matthews_LANL2025,Matthews/LANL 2025,,10.0,200000000000000.0,1550.0,1550.0,5.891260596785367e-17,24.57739901063025,133840088897894.17,0.0,0.18661180773358835,12.208832719900498,5.760969778013332,50.38973940399385,72869538304622.78,0.0,0.427082037193776,1.137119934500622,5.742668008017913,64.1823871242551,52584434750229.33,0.6292778092862695,0.5,1.0005667068291377,5.574353677478598,94.89908937326534,24052756303569.766,4.561079355181736,0.5,1.0003061498310546,5.1973828991193045
Rizk_x0p07,0.07 x Rizk,0.07,0.1,2000000000000.0,1650.0,1650.0,1.845414192867641e-15,100.9594952730258,1826531763054.737,0.0,0.04297368869512148,78.33226953990349,5.760969778013332,194.9936951459399,1509665005526.454,0.0,0.13249600683170598,3.5352565787008,5.742668008017913,517.281713779438,707660082574.3894,0.0,0.4370790737388108,1.145383788902868,6.203631486764867,879.4873391654783,280046247414.4591,4.138722973884437,0.5,1.0101764836700597,5.619739280416604
Rizk_x0p07,0.07 x Rizk,0.07,1.0,20000000000000.0,1600.0,1600.0,1.845414192867641e-15,52.9042519523817,16072067079503.893,0.0,0.10383265412172,11.345925156190303,5.760969778013332,131.4394885284395,8878151499186.873,0.0,0.3540424485335451,1.2264674639812105,5.742668008017913,194.21139440928428,5743009417014.039,0.1497068928895922,0.5,1.001174204308644,6.053924593875275,284.90755112211775,2668584883729.7505,4.2902239441399255,0.5,1.0004258538994575,5.468238310161115
Rizk_x0p07,0.07 x Rizk,0.07,5.0,100000000000000.0,1600.0,1600.0,1.845414192867641e-15,37.10518493778824,64249877480069.17,0.0,0.20418440454634107,3.4515837441198562,5.760969778013332,74.35264061536189,34763343893844.836,0.0,0.44360394704365963,1.0169111413589345,5.742668008017913,89.1128427364854,27277737462884.43,0.4417497342074991,0.49999999999999994,1.0001917207354942,5.761881752557368,131.2955478593553,12565765243062.346,4.452300049934775,0.5,1.0002606138500159,5.306162204366266
Rizk_x0p07,0.07 x Rizk,0.07,10.0,200000000000000.0,1550.0,1550.0,1.845414192867641e-15,32.69241360293513,109714958543284.28,0.0,0.2706704691975459,2.259487992781909,5.760969778013332,55.60936686920916,65248473850891.45,0.0,0.4657440572710506,1.0052798060118289,5.742668008017913,64.19272770468565,52567494831933.43,0.6312523880704015,0.5000000000000003,1.0001436553158396,5.572379098694466,94.90233725006941,24051109999489.92,4.561314809580165,0.5,1.0002544670189515,5.197147444720875
Rizk_x1,1 x Rizk,1.0,0.1,2000000000000.0,1650.0,1650.0,2.6363059898109156e-14,110.3823147254993,1798049975628.1152,0.0,0.050568703082107154,22.426090489131692,5.760969778013332,303.11853028884974,1162278957211.8477,0.0,0.24649970916174527,1.7030332722681765,5.742668008017913,592.4640872302859,605575528857.3274,0.0,0.4906518501235339,1.0160520300639926,6.203631486764867,884.79357232363,276697364960.45337,4.188246886646593,0.5,1.0011454640037871,5.5702153676544475
Rizk_x1,1 x Rizk,1.0,1.0,20000000000000.0,1600.0,1600.0,2.6363059898109156e-14,65.99881663932297,14623871741090.89,0.0,0.1470333085551237,3.8896254018114327,5.760969778013332,153.63330023188882,7577361976037.176,0.0,0.4128286382568418,1.0269103023183048,5.742668008017913,194.26884891867311,5739612958985.549,0.15511870945558878,0.49999999999999994,1.0002268308134865,6.048512777309279,284.9440488894014,2667901302846.0703,4.291060233704607,0.49999999999999994,1.0002653587568138,5.467402020596434
Rizk_x1,1 x Rizk,1.0,5.0,100000000000000.0,1600.0,1600.0,2.6363059898109156e-14,49.596281417224574,51778431947716.33,0.0,0.2939870419157971,1.5886763336829988,5.760969778013332,75.32072820754796,34262999572270.582,0.0,0.44867871170584506,1.0021954784187332,5.742668008017913,89.11939770298656,27273724911540.312,0.442041070547679,0.5,1.0001292474242438,5.761590416217189,131.2962844742525,12565624247390.686,4.452338815864168,0.5,1.0002525587694509,5.306123438436872
Rizk_x1,1 x Rizk,1.0,10.0,200000000000000.0,1550.0,1550.0,2.6363059898109156e-14,42.74673773733888,86420188292728.03,0.0,0.36450393796994224,1.2519958345877444,5.760969778013332,55.800399593742036,64991188278702.89,0.0,0.4671003132866389,1.001244666546796,5.742668008017913,64.1938760634515,52565614097905.586,0.6313285348863273,0.5,1.0001257882969026,5.57230295187854,94.90247440742934,24051040480030.33,4.5613248605870655,0.5,1.0002522620771723,5.197137393713975
Rizk_x100,100 x Rizk,100.0,0.1,2000000000000.0,1650.0,1650.0,2.6363059898109154e-12,179.49617354219382,1564007564223.3337,0.0,0.11631354755171472,3.617381940841872,5.760969778013332,465.16870716424563,793094196636.552,0.0,0.3961200428873857,1.0263069999059402,5.742668008017913,602.9373227501056,593038986662.2177,0.0,0.49763239506354773,1.0013423409968036,6.203631486764867,885.5298874651679,276237410397.12524,4.193066985987218,0.5,1.000264562251621,5.565395268313822
Rizk_x100,100 x Rizk,100.0,1.0,20000000000000.0,1600.0,1600.0,2.6363059898109154e-12,116.83555164376686,9897736518146.955,0.0,0.3118652448639204,1.2287108771478659,5.760969778013332,157.3918677092211,7383116150449.864,0.0,0.4221680299309076,1.0012215089832002,5.742668008017913,194.29768871236217,5737909212843.684,0.1556699680057059,0.5,1.0001251333748977,6.047961518759161,284.94695013240454,2667846975606.7007,4.291129646666565,0.4999999999999999,1.0002520496628677,5.467332607634474
Rizk_x100,100 x Rizk,100.0,5.0,100000000000000.0,1600.0,1600.0,2.6363059898109154e-12,65.71128903591442,39714110271102.17,0.0,0.3958274182987861,1.016906070437026,5.760969778013332,75.41239664682938,34216149433851.883,0.0,0.44915649408289954,1.0008332587762165,5.742668008017913,89.11990184642262,27273416342293.367,0.4420647915634835,0.49999999999999994,1.0001241927139823,5.761566695201384,131.29633376705482,12565614812325.77,4.45234173445095,0.4999999999999997,1.000251955040896,5.30612051985009
Rizk_x100,100 x Rizk,100.0,10.0,200000000000000.0,1550.0,1550.0,2.6363059898109154e-12,49.39276457610133,74465868548491.47,0.0,0.4193387459925276,1.0052107200533982,5.760969778013332,55.82078150473257,64963825512629.375,0.0,0.4672448024997151,1.000816838268214,5.742668008017913,64.19396244118828,52565472636137.195,0.6313343615962563,0.5,1.0001244242331169,5.572297125168611,94.9024669981541,24051044235481.402,4.561325682336272,0.5,1.0002520975141442,5.197136571964768
