T_K,D_Xe_tot,D1_Xe,D3_Xe,D2_Xe_diagnostic,D_v_tot,D1_v,D3_v,D2_v_paper_broken
800.0,9.250000000000012e-20,1.1816648126117042e-34,9.25e-20,1.3090767189140957e-84,2.4800000000000004e-22,2.9778519810694073e-38,2.48e-22,0.033974209242428416
807.035175879397,9.250000000000022e-20,2.206899151903176e-34,9.25e-20,1.493252548283356e-85,2.4800000000000004e-22,6.091598475655552e-38,2.48e-22,0.02714255340851316
814.070351758794,9.250000000000041e-20,4.077385184857663e-34,9.25e-20,1.852497598250438e-86,2.4800000000000013e-22,1.2307988828809894e-37,2.48e-22,0.021796081578617316
821.105527638191,9.250000000000075e-20,7.454398146847667e-34,9.25e-20,2.4910786817149745e-87,2.4800000000000023e-22,2.45701986822034e-37,2.48e-22,0.01758982463130569
828.1407035175879,9.250000000000135e-20,1.348936323598698e-33,9.25e-20,3.6194153766390325e-88,2.4800000000000046e-22,4.847629182829797e-37,2.48e-22,0.014263687490033882
835.1758793969849,9.250000000000242e-20,2.416745051834294e-33,9.25e-20,5.6648637455147086e-89,2.4800000000000093e-22,9.455362088714338e-37,2.48e-22,0.01162047653046763
842.2110552763819,9.250000000000429e-20,4.287849140545732e-33,9.25e-20,9.523118824935623e-90,2.4800000000000183e-22,1.8238099626403034e-36,2.48e-22,0.009509880930966306
849.2462311557789,9.250000000000754e-20,7.535682099451325e-33,9.25e-20,1.7147583012120483e-90,2.4800000000000347e-22,3.479798651193976e-36,2.48e-22,0.00781672656915288
856.2814070351759,9.250000000001312e-20,1.312144730314859e-32,9.25e-20,3.298447672794226e-91,2.4800000000000657e-22,6.569287479708657e-36,2.48e-22,0.006452314144910813
863.3165829145729,9.250000000002264e-20,2.2642031194018957e-32,9.25e-20,6.76081749159128e-92,2.4800000000001226e-22,1.2273961312766706e-35,2.48e-22,0.005347996590030353
870.3517587939698,9.250000000003872e-20,3.872743129278213e-32,9.25e-20,1.4730587484201917e-92,2.480000000000227e-22,2.2701922093464184e-35,2.48e-22,0.004450391434996246
877.3869346733668,9.250000000006568e-20,6.56725383022817e-32,9.25e-20,3.4038184558608017e-93,2.4800000000004156e-22,4.1577413816934454e-35,2.48e-22,0.003717793416252347
884.4221105527638,9.250000000011043e-20,1.1043326754715951e-31,9.25e-20,8.322925430984586e-94,2.480000000000754e-22,7.541738817288591e-35,2.48e-22,0.0031174728716602982
891.4572864321608,9.250000000018418e-20,1.8418465418031873e-31,9.25e-20,2.148959198983396e-94,2.480000000001355e-22,1.3552008311055082e-34,2.48e-22,0.002623631230951166
898.4924623115578,9.250000000030474e-20,3.0473900791922137e-31,9.25e-20,5.8471134881649204e-95,2.480000000002413e-22,2.4129585867189855e-34,2.48e-22,0.0022158464004042463
905.5276381909548,9.250000000050027e-20,5.002704216537568e-31,9.25e-20,1.673293567496029e-95,2.480000000004258e-22,4.257974118323437e-34,2.48e-22,0.0018778851709850366
912.5628140703518,9.250000000081501e-20,8.150089113955231e-31,9.25e-20,5.0270327769151925e-96,2.4800000000074483e-22,7.448231116733545e-34,2.48e-22,0.0015967919044303739
919.5979899497488,9.250000000131788e-20,1.3178828991631106e-30,9.25e-20,1.582653452699527e-96,2.4800000000129177e-22,1.291776951895479e-33,2.48e-22,0.0013621861513887096
926.6331658291457,9.250000000211555e-20,2.1155441233533333e-30,9.25e-20,5.212574996681818e-97,2.480000000022217e-22,2.221727603975516e-33,2.48e-22,0.0011657189845275505
933.6683417085427,9.250000000337186e-20,3.3718620027828055e-30,9.25e-20,1.7930802605016704e-97,2.4800000000379e-22,3.7900510839495646e-33,2.48e-22,0.0010006504288050222
940.7035175879397,9.250000000533691e-20,5.336904518211383e-30,9.25e-20,6.431997649263535e-98,2.48000000006414e-22,6.414014169915703e-33,2.48e-22,0.0008615196824384036
947.7386934673367,9.250000000838974e-20,8.389738851239633e-30,9.25e-20,2.4023509056464702e-98,2.4800000001077015e-22,1.0770171690578723e-32,2.48e-22,0.000743886735215473
954.7738693467337,9.250000001310124e-20,1.310123591206016e-29,9.25e-20,9.329184606063333e-99,2.4800000001794725e-22,1.7947261153855878e-32,2.48e-22,0.0006441291464175229
961.8090452261306,9.250000002032565e-20,2.032564970429837e-29,9.25e-20,3.761535777769927e-99,2.4800000002968447e-22,2.968447501701585e-32,2.48e-22,0.0005592816063911796
968.8442211055276,9.250000003133334e-20,3.1333336079769987e-29,9.25e-20,1.5726161413467808e-99,2.4800000004874012e-22,4.8740151350049476e-32,2.48e-22,0.0004869088107810328
975.8793969849246,9.250000004800194e-20,4.800193833262851e-29,9.25e-20,6.8086512933467e-100,2.480000000794583e-22,7.94583098050183e-32,2.48e-22,0.00042500437077879383
982.9145728643216,9.250000007309019e-20,7.30901816619763e-29,9.25e-20,3.048927508551235e-100,2.480000001286333e-22,1.2863329469823605e-31,2.48e-22,0.000371910147036207
989.9497487437186,9.250000011062773e-20,1.106277231521141e-28,9.25e-20,1.4104853032288103e-100,2.480000002068206e-22,2.068206330363956e-31,2.48e-22,0.0003262516621754148
996.9849246231156,9.250000016646714e-20,1.664671387419084e-28,9.25e-20,6.733383780085807e-101,2.4800000033031146e-22,3.30311489942207e-31,2.48e-22,0.0002868862155536963
1004.0201005025126,9.250000024906119e-20,2.490611935688825e-28,9.25e-20,3.313359398067682e-101,2.4800000052408775e-22,5.240877780956544e-31,2.48e-22,0.00025286106724127565
1011.0552763819096,9.250000037055147e-20,3.705514695134013e-28,9.25e-20,1.6788791879740725e-101,2.480000008262175e-22,8.262175160119219e-31,2.48e-22,0.00022337963061438865
1018.0904522613066,9.250000054828508e-20,5.482850697835023e-28,9.25e-20,8.750823294332003e-102,2.480000012943526e-22,1.2943526483195726e-30,2.48e-22,0.00019777405541698264
1025.1256281407036,9.250000080691688e-20,8.069168779733451e-28,9.25e-20,4.687448741083073e-102,2.4800000201527785e-22,2.0152778810768094e-30,2.48e-22,0.00017548292632874166
1032.1608040201004,9.25000011813088e-20,1.1813087885090821e-27,9.25e-20,2.5779701132035217e-102,2.4800000311886143e-22,3.1188614274787907e-30,2.48e-22,0.00015603306918350173
1039.1959798994976,9.250000172050837e-20,1.720508367374944e-27,9.25e-20,1.4543999189334688e-102,2.4800000479832072e-22,4.798320737600273e-30,2.48e-22,0.0001390246655762682
1046.2311557788944,9.250000249318253e-20,2.4931825296117438e-27,9.25e-20,8.409689410787412e-103,2.480000073394975e-22,7.339497498115423e-30,2.48e-22,0.00012411904003333283
1053.2663316582914,9.250000359500334e-20,3.595003338078547e-27,9.25e-20,4.97972977819856e-103,2.4800001116291597e-22,1.11629159583975e-29,2.48e-22,0.00011102861238699671
1060.3015075376884,9.250000515864088e-20,5.158640877820408e-27,9.25e-20,3.0172707133643106e-103,2.4800001688388326e-22,1.6883883242962366e-29,2.48e-22,9.950860929451803e-05
1067.3366834170854,9.25000073672223e-20,7.367222301522364e-27,9.25e-20,1.8692667771490702e-103,2.4800002539792104e-22,2.539792104975087e-29,2.48e-22,8.935020896199458e-05
1074.3718592964824,9.250001047237901e-20,1.0472379010835572e-26,9.25e-20,1.1831912430767635e-103,2.4800003800158195e-22,3.8001581950712796e-29,2.48e-22,8.037485669637843e-05
1081.4070351758794,9.2500014818341e-20,1.4818341001598264e-26,9.25e-20,7.646367948063244e-104,2.480000565624465e-22,5.656244652193937e-29,2.48e-22,7.242953948357319e-05
1088.4422110552764,9.250002087396781e-20,2.0873967811765942e-26,9.25e-20,5.041656667761072e-104,2.480000837571422e-22,8.37571422127429e-29,2.48e-22,6.538284814762344e-05
1095.4773869346734,9.25000292751529e-20,2.927515289501731e-26,9.25e-20,3.3893877069671174e-104,2.4800012340299177e-22,1.2340299177426318e-28,2.48e-22,5.9121687940700525e-05
1102.5125628140704,9.250004088073164e-20,4.088073162840386e-26,9.25e-20,2.321782917710273e-104,2.480001809179342e-22,1.809179341679078e-28,2.48e-22,5.3548524328111605e-05
1109.5477386934674,9.250005684589808e-20,5.684589807701246e-26,9.25e-20,1.619596348789564e-104,2.4800026395536975e-22,2.639553697398151e-28,2.48e-22,4.857907158373968e-05
1116.5829145728644,9.25000787182354e-20,7.871823540221899e-26,9.25e-20,1.1497906683343759e-104,2.4800038327647193e-22,3.8327647193791773e-28,2.48e-22,4.4140348633010117e-05
1123.6180904522612,9.250010856284204e-20,1.0856284203814965e-25,9.25e-20,8.302497512751827e-105,2.4800055394344307e-22,5.539434430682773e-28,2.48e-22,4.016904018665242e-05
1130.6532663316584,9.250014912475417e-20,1.491247541722057e-25,9.25e-20,6.0944804440017115e-105,2.4800079694465535e-22,7.969446553692734e-28,2.48e-22,3.661011224187505e-05
1137.6884422110552,9.250020403900148e-20,2.0403900147829735e-25,9.25e-20,4.545388485885709e-105,2.480011413984962e-22,1.141398496202744e-27,2.48e-22,3.3415639996934956e-05
1144.7236180904522,9.250027810127981e-20,2.7810127980832195e-25,9.25e-20,3.442613404139176e-105,2.480016275294128e-22,1.627529412794716e-27,2.48e-22,3.0543813534387157e-05
1151.7587939698492,9.250037761549226e-20,3.7761549225824463e-25,9.25e-20,2.6465052975488195e-105,2.48002310670134e-22,2.310670134005237e-27,2.48e-22,2.7958092599096416e-05
1158.7939698492462,9.250051083843074e-20,5.108384307393424e-25,9.25e-20,2.0640317205315786e-105,2.4800326662210815e-22,3.266622108173269e-27,2.48e-22,2.5626486685924148e-05
1165.8291457286432,9.250068854680103e-20,6.885468010282238e-25,9.25e-20,1.6323679943263394e-105,2.4800459880655708e-22,4.598806557077021e-27,2.48e-22,2.3520940664188658e-05
1172.8643216080402,9.25009247578216e-20,9.247578216047879e-25,9.25e-20,1.3085303749592136e-105,2.480064477670871e-22,6.447767087101686e-27,2.48e-22,2.1616809466151248e-05
1179.8994974874372,9.250123764197076e-20,1.2376419707586138e-24,9.25e-20,1.0627378640799783e-105,2.4800900374881966e-22,9.003748819690974e-27,2.48e-22,1.989240808728592e-05
1186.9346733668342,9.250165067537717e-20,1.6506753771633932e-24,9.25e-20,8.741059412874491e-106,2.4801252328753304e-22,1.2523287533058539e-26,2.48e-22,1.832862539364447e-05
1193.9698492462312,9.250219409015157e-20,2.1940901515697712e-24,9.25e-20,7.278177939226071e-106,2.4801735100647415e-22,1.7351006474137441e-26,2.48e-22,1.6908592092392054e-05
1201.0050251256282,9.250290669399899e-20,2.9066939989963455e-24,9.25e-20,6.132435108527874e-106,2.4802394815197167e-22,2.3948151971689613e-26,2.48e-22,1.5617394765367642e-05
1208.0402010050252,9.250383814614947e-20,3.838146149474045e-24,9.25e-20,5.226749053225669e-106,2.4803292981848833e-22,3.2929818488342146e-26,2.48e-22,1.4441829148934529e-05
1215.075376884422,9.250505179548752e-20,5.0517954875150435e-24,9.25e-20,4.504648444018899e-106,2.480451133397007e-22,4.511333970071233e-26,2.48e-22,1.33701869124964e-05
1222.1105527638192,9.250662820931109e-20,6.628209311094922e-24,9.25e-20,3.9243538219363293e-106,2.4806158097940976e-22,6.158097940975567e-26,2.48e-22,1.2392071080408104e-05
1229.145728643216,9.250866954806456e-20,8.669548064554136e-24,9.25e-20,3.4546647703200545e-106,2.48083760874637e-22,8.376087463699406e-26,2.48e-22,1.1498235988276544e-05
1236.1809045226132,9.251130497342247e-20,1.1304973422471525e-23,9.25e-20,3.0720731002711317e-106,2.481135311994978e-22,1.1353119949778532e-25,2.48e-22,1.0680448289929154e-05
1243.21608040201,9.25146973151242e-20,1.4697315124193168e-23,9.25e-20,2.7587169051739733e-106,2.481533537761315e-22,1.5335377613147055e-25,2.48e-22,9.93136605622609e-06
1250.251256281407,9.251905126697207e-20,1.9051266972075545e-23,9.25e-20,2.5009170286154536e-106,2.482064449106698e-22,2.0644491066982597e-25,2.48e-22,9.244433448323629e-06
1257.286432160804,9.252462343555748e-20,2.462343555748139e-23,9.25e-20,2.2881207861805266e-106,2.482769931408628e-22,2.7699314086283126e-25,2.48e-22,8.613788819913401e-06
1264.321608040201,9.253173462787821e-20,3.1734627878212756e-23,9.25e-20,2.112133096535891e-106,2.4837043592266373e-22,3.704359226637536e-25,2.48e-22,8.034184416858544e-06
1271.356783919598,9.25407848375543e-20,4.078483755429733e-23,9.25e-20,1.9665522667335255e-106,2.4849381014519956e-22,4.938101451995485e-25,2.48e-22,7.500916108042832e-06
1278.391959798995,9.255227147553634e-20,5.227147553633316e-23,9.25e-20,1.846352779311359e-106,2.486561948532158e-22,6.56194853215833e-25,2.48e-22,7.009761806017432e-06
1285.427135678392,9.256681149196151e-20,6.681149196150154e-23,9.25e-20,1.7475745732069559e-106,2.4886926879885813e-22,8.692687988581371e-25,2.48e-22,6.556927426711998e-06
1292.462311557789,9.258516815333128e-20,8.516815333127022e-23,9.25e-20,1.667090123132855e-106,2.4914801058874024e-22,1.1480105887402453e-24,2.48e-22,6.138999399510159e-06
1299.497487437186,9.260828337592872e-20,1.0828337592871768e-22,9.25e-20,1.6024288309959515e-106,2.495115754121129e-22,1.5115754121129237e-24,2.48e-22,5.752902876899875e-06
1306.532663316583,9.263731667514224e-20,1.3731667514224398e-22,9.25e-20,1.5516439954170827e-106,2.4998438983639073e-22,1.9843898363907555e-24,2.48e-22,5.395864910478043e-06
1313.56783919598,9.267369197424153e-20,1.7369197424153428e-22,9.25e-20,1.5132116896900508e-106,2.505975151771399e-22,2.5975151771398756e-24,2.48e-22,5.065381960471367e-06
1320.6030150753768,9.271915372866697e-20,2.1915372866696244e-22,9.25e-20,1.485953773460709e-106,2.513903407709675e-22,3.390340770967511e-24,2.48e-22,4.75919119177873e-06
1327.638190954774,9.27758340669695e-20,2.7583406696950564e-22,9.25e-20,1.4689793422995606e-106,2.5241268142789457e-22,4.412681427894574e-24,2.48e-22,4.475245083059021e-06
1334.6733668341708,9.284633293155783e-20,3.463329315578306e-22,9.25e-20,1.4616404247150698e-106,2.53727368793943e-22,5.727368793942999e-24,2.48e-22,4.2116889384487404e-06
1341.708542713568,9.293381352625789e-20,4.338135262578933e-22,9.25e-20,1.4634988358043005e-106,2.5541344475445026e-22,7.413444754450285e-24,2.48e-22,3.966840945660097e-06
1348.7437185929648,9.304211574880155e-20,5.421157488015537e-22,9.25e-20,1.4743019077103263e-106,2.5757008686244997e-22,9.57008686244998e-24,2.48e-22,3.7391744708071293e-06
1355.7788944723618,9.317589071076605e-20,6.758907107660545e-22,9.25e-20,1.4939654216225232e-106,2.6032142167096668e-22,1.2321421670966689e-23,2.48e-22,3.527302320446048e-06
1362.8140703517588,9.334075993186548e-20,8.407599318654788e-22,9.25e-20,1.5225625225644967e-106,2.6382241245852144e-22,1.5822412458521438e-23,2.48e-22,3.3299627359443417e-06
1369.8492462311558,9.354350334723551e-20,1.0435033472355109e-21,9.25e-20,1.5603177483925831e-106,2.6826604393911527e-22,2.026604393911526e-23,2.48e-22,3.1460069152035787e-06
1376.8844221105528,9.37922808936019e-20,1.2922808936018914e-21,9.25e-20,1.6076055784418364e-106,2.7389206903018283e-22,2.5892069030182824e-23,2.48e-22,2.974387882635894e-06
1383.9195979899498,9.409689315195509e-20,1.596893151955095e-21,9.25e-20,1.6649531271700863e-106,2.809976326306924e-22,3.29976326306924e-23,2.48e-22,2.8141505507045574e-06
1390.9547738693468,9.446908733043299e-20,1.969087330432994e-21,9.25e-20,1.733046790349463e-106,2.8995014579612833e-22,4.1950145796128346e-23,2.48e-22,2.664422835776341e-06
1397.9899497487436,9.492291578235909e-20,2.4229157823590937e-21,9.25e-20,1.8127428082474002e-106,3.012028520075135e-22,5.320285200751352e-23,2.48e-22,2.52440770791233e-06
1405.0251256281408,9.547515528264725e-20,2.9751552826472537e-21,9.25e-20,1.9050818514632268e-106,3.1531360691753804e-22,6.731360691753803e-23,2.48e-22,2.3933760689010163e-06
1412.0603015075376,9.614579644401485e-20,3.645796444014851e-21,9.25e-20,2.0113078683880647e-106,3.329674857184959e-22,8.496748571849591e-23,2.48e-22,2.2706603656150173e-06
1419.0954773869348,9.695861395677795e-20,4.458613956777947e-21,9.25e-20,2.1328915651196522e-106,3.5500394003776217e-22,1.0700394003776218e-22,2.48e-22,2.155648856910852e-06
1426.1306532663316,9.794182979782396e-20,5.441829797823955e-21,9.25e-20,2.271559024803585e-106,3.8244935119912616e-22,1.344493511991262e-22,2.48e-22,2.0477804620118396e-06
1433.1658291457288,9.912888319240665e-20,6.628883192406647e-21,9.25e-20,2.429326119104618e-106,4.165559712404528e-22,1.6855597124045278e-22,2.48e-22,1.946540126807607e-06
1440.2010050251256,1.0055932294484209e-19,8.059322944842096e-21,9.25e-20,2.608539525055911e-106,4.588484100029261e-22,2.1084841000292602e-22,2.48e-22,1.8514546519341451e-06
1447.2361809045226,1.0227983980069291e-19,9.779839800692912e-21,9.25e-20,2.811925341272379e-106,5.11179018995741e-22,2.63179018995741e-22,2.48e-22,1.7620889330055189e-06
1454.2713567839196,1.0434545878488467e-19,1.1845458784884665e-20,9.25e-20,3.042646504249736e-106,5.757937440552101e-22,3.2779374405521016e-22,2.48e-22,1.6780425690746535e-06
1461.3065326633166,1.0682091400040967e-19,1.432091400040967e-20,9.25e-20,3.3043704446120766e-106,6.554102729326546e-22,4.0741027293265457e-22,2.48e-22,1.5989468004088505e-06
1468.3417085427136,1.097822311956101e-19,1.728223119561009e-20,9.25e-20,3.601348702031702e-106,7.53310595184331e-22,5.05310595184331e-22,2.48e-22,1.5244617410675115e-06
1475.3768844221106,1.1331854654118446e-19,2.0818546541184454e-20,9.25e-20,3.9385105445229484e-106,8.734504249176669e-22,6.254504249176668e-22,2.48e-22,1.4542738756414015e-06
1482.4120603015076,1.175341935296978e-19,2.5034193529697803e-20,9.25e-20,4.321573022739144e-106,1.020588317430322e-21,7.725883174303221e-22,2.48e-22,1.3880937929230955e-06
1489.4472361809044,1.2255109375126247e-19,3.0051093751262465e-20,9.25e-20,4.757170344306721e-106,1.2004377445132435e-21,9.524377445132434e-22,2.48e-22,1.3256541322845028e-06
1496.4824120603016,1.2851149154215582e-19,3.6011491542155834e-20,9.25e-20,5.253005990742506e-106,1.4198458867725118e-21,1.1718458867725117e-21,2.48e-22,1.2667077211907042e-06
1503.5175879396984,1.35581077183701e-19,4.308107718370102e-20,9.25e-20,5.81803163625978e-106,1.6870034620569534e-21,1.4390034620569533e-21,2.48e-22,1.211025884623304e-06
1510.5527638190956,1.4395254848444202e-19,5.145254848444203e-20,9.25e-20,6.462657682960208e-106,2.011690545024032e-21,1.763690545024032e-21,2.48e-22,1.1583969092593241e-06
1517.5879396984924,1.538496662495907e-19,6.13496662495907e-20,9.25e-20,7.199001123316535e-106,2.405564052927445e-21,2.157564052927445e-21,2.48e-22,1.1086246470867993e-06
1524.6231155778896,1.6553186537077463e-19,7.303186537077463e-20,9.25e-20,8.041177505657704e-106,2.882493386662691e-21,2.6344933866626912e-21,2.48e-22,1.0615272447639893e-06
1531.6582914572864,1.792994901015939e-19,8.679949010159389e-20,9.25e-20,9.005645043894277e-106,3.4589516347223585e-21,3.2109516347223586e-21,2.48e-22,1.0169359864715242e-06
1538.6934673366834,1.954997295688788e-19,1.0299972956887879e-19,9.25e-20,1.011161041757021e-105,4.1544707828128574e-21,3.9064707828128575e-21,2.48e-22,9.746942392869158e-07
1545.7286432160804,2.1453333775673678e-19,1.2203333775673677e-19,9.25e-20,1.1381507598466065e-105,4.992170536411804e-21,4.7441705364118044e-21,2.48e-22,9.346564912489471e-07
1552.7638190954774,2.368622311450056e-19,1.443622311450056e-19,9.25e-20,1.2841563170323878e-105,5.999371671672567e-21,5.7513716716725674e-21,2.48e-22,8.966874732912556e-07
1559.7989949748744,2.6301806694253057e-19,1.7051806694253059e-19,9.25e-20,1.4522464144241924e-105,7.208306297285863e-21,6.960306297285863e-21,2.48e-22,8.60661357125623e-07
1566.8341708542714,2.936119154894976e-19,2.011119154894976e-19,9.25e-20,1.6460147292123333e-105,8.656939053071272e-21,8.408939053071271e-21,2.48e-22,8.264610219583364e-07
1573.8693467336684,3.2934515197550674e-19,2.3684515197550675e-19,9.25e-20,1.8696732617450403e-105,1.0389915108587514e-20,1.0141915108587513e-20,2.48e-22,7.939773836390858e-07
1580.9045226130654,3.710217051982637e-19,2.785217051982637e-19,9.25e-20,2.12816278680111e-105,1.2459652876917217e-20,1.2211652876917217e-20,2.48e-22,7.631087804811842e-07
1587.9396984924624,4.1956181474235674e-19,3.2706181474235675e-19,9.25e-20,2.4272836101936624e-105,1.4927601646729585e-20,1.4679601646729584e-20,2.48e-22,7.337604105630491e-07
1594.9748743718592,4.760174627625832e-19,3.8351746276258315e-19,9.25e-20,2.773850440519484e-105,1.786568688330059e-20,1.761768688330059e-20,2.48e-22,7.058438158316108e-07
1602.0100502512564,5.415896625893666e-19,4.490896625893666e-19,9.25e-20,3.175875911509298e-105,2.135796878190457e-20,2.110996878190457e-20,2.48e-22,6.792764087855181e-07
1609.0452261306532,6.176478037163505e-19,5.251478037163505e-19,9.25e-20,3.642788155653029e-105,2.550254280245131e-20,2.525454280245131e-20,2.48e-22,6.539810379254256e-07
1616.0804020100504,7.057512714673093e-19,6.132512714673093e-19,9.25e-20,4.185688861589811e-105,3.0413714402254786e-20,3.016571440225479e-20,2.48e-22,6.29885588525733e-07
1623.1155778894472,8.076735798597986e-19,7.151735798597986e-19,9.25e-20,4.817659478423278e-105,3.622448404649161e-20,3.5976484046491614e-20,2.48e-22,6.069226156115511e-07
1630.1507537688442,9.254292779793337e-19,8.329292779793337e-19,9.25e-20,5.554124698149251e-105,4.3089382847872255e-20,4.284138284787226e-20,2.48e-22,5.850290063203453e-07
1637.1859296482412,1.0613039136465297e-18,9.688039136465296e-19,9.25e-20,6.413284098760696e-105,5.118770390551547e-20,5.0939703905515473e-20,2.48e-22,5.641456690935247e-07
1644.2211055276382,1.2178873634012363e-18,1.1253873634012362e-18,9.25e-20,7.416624920204586e-105,6.072717961801045e-20,6.047917961801045e-20,2.48e-22,5.442172473822251e-07
1651.2562814070352,1.398110864946129e-18,1.3056108649461289e-18,9.25e-20,8.589531438761483e-105,7.194816098001066e-20,7.170016098001067e-20,2.48e-22,5.251918557667085e-07
1658.2914572864322,1.6052881172964763e-18,1.5127881172964763e-18,9.25e-20,9.962009380819231e-105,8.5128361181492e-20,8.4880361181492e-20,2.48e-22,5.070208365825077e-07
1665.3266331658292,1.843160845083375e-18,1.750660845083375e-18,9.25e-20,1.1569547367824321e-104,1.0058823276310166e-19,1.0034023276310166e-19,2.48e-22,4.896585353211973e-07
1672.3618090452262,2.1159492568730784e-18,2.0234492568730783e-18,9.25e-20,1.3454141621864537e-104,1.1869705519247702e-19,1.1844905519247703e-19,2.48e-22,4.730620932311732e-07
1679.3969849246232,2.428407863112232e-18,2.335907863112232e-18,9.25e-20,1.5665515218909285e-104,1.3987981807110713e-19,1.3963181807110713e-19,2.48e-22,4.5719125568611906e-07
1686.43216080402,2.7858871575142275e-18,2.6933871575142274e-18,9.25e-20,1.826256921293576e-104,1.6462499431904397e-19,1.6437699431904398e-19,2.48e-22,4.420081950173027e-07
1693.4673366834172,3.1944017064912335e-18,3.1019017064912334e-18,9.25e-20,2.1315110158440444e-104,1.9349330767926149e-19,1.9324530767926149e-19,2.48e-22,4.274773466220629e-07
1700.502512562814,3.6607052347418464e-18,3.568205234741846e-18,9.25e-20,2.4905907157088672e-104,2.271276098024412e-19,2.2687960980244117e-19,2.48e-22,4.135652572659271e-07
1707.5376884422112,4.1923733414615746e-18,4.0998733414615745e-18,9.25e-20,2.913314181612852e-104,2.662639940884488e-19,2.6601599408844876e-19,2.48e-22,4.002404445909499e-07
1714.572864321608,4.7978945309886975e-18,4.705394530988697e-18,9.25e-20,3.411332675306026e-104,3.117442864488726e-19,3.114962864488726e-19,2.48e-22,3.874732669291042e-07
1721.6080402010052,5.4867702941784435e-18,5.394270294178443e-18,9.25e-20,3.9984782896374735e-104,3.645300672971155e-19,3.6428206729711546e-19,2.48e-22,3.752358025976596e-07
1728.643216080402,6.26962503255237e-18,6.17712503255237e-18,9.25e-20,4.6911783272951385e-104,4.257183944535995e-19,4.2547039445359947e-19,2.48e-22,3.6350173792443264e-07
1735.678391959799,7.158326676456071e-18,7.065826676456071e-18,9.25e-20,5.508949178384872e-104,4.965594133650069e-19,4.963114133650069e-19,2.48e-22,3.5224626331510414e-07
1742.713567839196,8.166118911218535e-18,8.073618911218535e-18,9.25e-20,6.474985030103998e-104,5.78476059173104e-19,5.78228059173104e-19,2.48e-22,3.4144597673331114e-07
1749.748743718593,9.307765991805193e-18,9.215265991805193e-18,9.25e-20,7.616859704201364e-104,6.7308607483186865e-19,6.728380748318687e-19,2.48e-22,3.3107879401732917e-07
1756.78391959799,1.0599711196847497e-17,1.0507211196847497e-17,9.25e-20,8.967363451893203e-104,7.822265907675843e-19,7.819785907675843e-19,2.48e-22,3.2112386550551757e-07
1763.819095477387,1.2060250047374825e-17,1.1967750047374825e-17,9.25e-20,1.056550075121313e-103,9.079815346171375e-19,9.077335346171375e-19,2.48e-22,3.115614984866833e-07
1770.854271356784,1.3709719494240245e-17,1.3617219494240245e-17,9.25e-20,1.2457680179185662e-103,1.0527121644825523e-18,1.0524641644825522e-18,2.48e-22,3.0237308503159596e-07
1777.8894472361808,1.5570704361275225e-17,1.5478204361275226e-17,9.25e-20,1.4699133426388876e-103,1.219091046028885e-18,1.218843046028885e-18,2.48e-22,2.9354103479838516e-07
1784.924623115578,1.766826241881188e-17,1.757576241881188e-17,9.25e-20,1.7355607669690024e-103,1.4101398227567793e-18,1.4098918227567793e-18,2.48e-22,2.8504871243785125e-07
1791.9597989949748,2.0030169554532203e-17,1.9937669554532204e-17,9.25e-20,2.0505384040698862e-103,1.6292711600369571e-18,1.629023160036957e-18,2.48e-22,2.768803792550976e-07
1798.994974874372,2.2687186605822743e-17,2.2594686605822745e-17,9.25e-20,2.42416850850713e-103,1.880335277144019e-18,1.880087277144019e-18,2.48e-22,2.690211388116146e-07
1806.0301507537688,2.5673349520104576e-17,2.5580849520104578e-17,9.25e-20,2.867554621316965e-103,2.167671517718765e-18,2.1674235177187652e-18,2.48e-22,2.61456886177284e-07
1813.065326633166,2.902628461713699e-17,2.893378461713699e-17,9.25e-20,3.3939240566671544e-103,2.4961654479790434e-18,2.4959174479790436e-18,2.48e-22,2.541742605649256e-07
1820.1005025125628,3.278755084025296e-17,3.269505084025296e-17,9.25e-20,4.019036390942811e-103,2.8713120137500218e-18,2.871064013750022e-18,2.48e-22,2.4716060110117725e-07
1827.1356783919598,3.700301100203572e-17,3.6910511002035724e-17,9.25e-20,4.761670661813587e-103,3.2992853321649706e-18,3.2990373321649707e-18,2.48e-22,2.4040390550687985e-07
1834.1708542713568,4.1723234154271986e-17,4.163073415427199e-17,9.25e-20,5.644206422162403e-103,3.78701574187363e-18,3.78676774187363e-18,2.48e-22,2.3389279147788077e-07
1841.2060301507538,4.7003931342309706e-17,4.691143134230971e-17,9.25e-20,6.693316695603087e-103,4.342274786971551e-18,4.342026786971551e-18,2.48e-22,2.2761646057341163e-07
1848.2412060301508,5.2906427140356146e-17,5.281392714035615e-17,9.25e-20,7.94079433444715e-103,4.973768864817284e-18,4.973520864817284e-18,2.48e-22,2.2156466443410548e-07
1855.2763819095478,5.949816950698358e-17,5.940566950698358e-17,9.25e-20,9.424537391556675e-103,5.69124232663845e-18,5.69099432663845e-18,2.48e-22,2.157276731653689e-07
1862.3115577889448,6.685328064932171e-17,6.676078064932171e-17,9.25e-20,1.118972400814901e-102,6.505590882542435e-18,6.5053428825424355e-18,2.48e-22,2.100962457343695e-07
1869.3467336683418,7.505315174029536e-17,7.496065174029536e-17,9.25e-20,1.329021313687941e-102,7.42898622945919e-18,7.42873822945919e-18,2.48e-22,2.0466160224039713e-07
1876.3819095477388,8.418708449598047e-17,8.409458449598047e-17,9.25e-20,1.5790214337243375e-102,8.47501289187079e-18,8.474764891870789e-18,2.48e-22,1.9941539792894207e-07
1883.4170854271358,9.435298278987919e-17,9.426048278987919e-17,9.25e-20,1.876627810456577e-102,9.658818341153428e-18,9.658570341153428e-18,2.48e-22,1.9434969882953757e-07
1890.4522613065326,1.0565809765782528e-16,1.0556559765782528e-16,9.25e-20,2.2309667968636312e-102,1.0997277540207939e-17,1.0997029540207938e-17,2.48e-22,1.8945695890635663e-07
1897.4874371859296,1.1821982923150022e-16,1.181273292315002e-16,9.25e-20,2.652918721270824e-102,1.2509173146027358e-17,1.2508925146027358e-17,2.48e-22,1.8472999861876567e-07
1904.5226130653266,1.3216658933030778e-16,1.3207408933030777e-16,9.25e-20,3.155454686031294e-102,1.4215392694194694e-17,1.4215144694194695e-17,2.48e-22,1.8016198479661142e-07
1911.5577889447236,1.4763872864083837e-16,1.4754622864083835e-16,9.25e-20,3.7540377961620195e-102,1.613914418628103e-17,1.613889618628103e-17,2.48e-22,1.7574641174197532e-07
1918.5929648241206,1.6478953262045065e-16,1.6469703262045064e-16,9.25e-20,4.467101066224645e-102,1.8306191603986522e-17,1.8305943603986523e-17,2.48e-22,1.714770834755587e-07
1925.6281407035176,1.8378629047679786e-16,1.8369379047679785e-16,9.25e-20,5.316616562275942e-102,2.0745111982908052e-17,2.0744863982908053e-17,2.48e-22,1.6734809705177243e-07
1932.6633165829146,2.0481144179860726e-16,2.0471894179860725e-16,9.25e-20,6.328773074713444e-102,2.348757579431143e-17,2.3487327794311432e-17,2.48e-22,1.6335382687206716e-07
1939.6984924623116,2.280638056447464e-16,2.2797130564474637e-16,9.25e-20,7.534782866566801e-102,2.6568652505518303e-17,2.6568404505518304e-17,2.48e-22,1.5948890993107693e-07
1946.7336683417086,2.5375989713884787e-16,2.5366739713884786e-16,9.25e-20,8.971841893858405e-102,3.002714331877761e-17,3.002689531877761e-17,2.48e-22,1.5574823193479294e-07
1953.7688442211056,2.821353368655148e-16,2.820428368655148e-16,9.25e-20,1.0684272460658632e-101,3.3905943225100227e-17,3.3905695225100224e-17,2.48e-22,1.5212691423428577e-07
1960.8040201005026,3.134463586216381e-16,3.133538586216381e-16,9.25e-20,1.2724882681912153e-101,3.825243465377352e-17,3.825218665377352e-17,2.48e-22,1.4862030152245534e-07
1967.8391959798996,3.47971421342722e-16,3.47878921342722e-16,9.25e-20,1.5156583536053327e-101,4.3118915150488113e-17,4.311866715048811e-17,2.48e-22,1.452239502449613e-07
1974.8743718592966,3.8601293129934305e-16,3.8592043129934304e-16,9.25e-20,1.805431187852743e-101,4.8563061677490896e-17,4.8562813677490894e-17,2.48e-22,1.4193361767987575e-07
1981.9095477386936,4.2789908094333686e-16,4.2780658094333685e-16,9.25e-20,2.150731677083347e-101,5.464843429830127e-17,5.464818629830127e-17,2.48e-22,1.3874525164373977e-07
1988.9447236180904,4.739858110768019e-16,4.738933110768019e-16,9.25e-20,2.562187711003033e-101,6.14450221875689e-17,6.14447741875689e-17,2.48e-22,1.3565498078461343e-07
1995.9798994974874,5.246589033198691e-16,5.245664033198691e-16,9.25e-20,3.052453111833014e-101,6.902983509400742e-17,6.902958709400742e-17,2.48e-22,1.3265910542539568e-07
2003.0150753768844,5.80336210165421e-16,5.80243710165421e-16,9.25e-20,3.636591312155965e-101,7.748754358133021e-17,7.748729558133021e-17,2.48e-22,1.297540889231891e-07
2010.0502512562814,6.414700302306236e-16,6.413775302306236e-16,9.25e-20,4.332531062137734e-101,8.691117157908622e-17,8.691092357908622e-17,2.48e-22,1.2693654951279205e-07
2017.0854271356784,7.085496366463236e-16,7.084571366463236e-16,9.25e-20,5.1616075434156753e-101,9.740284499264631e-17,9.74025969926463e-17,2.48e-22,1.2420325260454388e-07
2024.1206030150754,7.821039668662623e-16,7.820114668662623e-16,9.25e-20,6.149204720005886e-101,1.0907460034961345e-16,1.0907435234961345e-16,2.48e-22,1.215511035087395e-07
2031.1557788944724,8.627044825284657e-16,8.626119825284657e-16,9.25e-20,7.325517652963954e-101,1.2204925769910018e-16,1.2204900969910019e-16,2.48e-22,1.1897714056067485e-07
2038.1909547738694,9.50968208361432e-16,9.508757083614321e-16,9.25e-20,8.726456924070831e-101,1.3646136223086721e-16,1.3646111423086722e-16,2.48e-22,1.1647852862209279e-07
2045.2261306532664,1.0475609594976909e-15,1.047468459497691e-15,9.25e-20,1.0394721347073648e-100,1.5245819934379608e-16,1.524579513437961e-16,2.48e-22,1.1405255293639969e-07
2052.261306532663,1.1532007669370538e-15,1.153108266937054e-15,9.25e-20,1.2381069901698703e-100,1.7020088816774872e-16,1.7020064016774873e-16,2.48e-22,1.1169661331649228e-07
2059.2964824120604,1.2686615112914942e-15,1.2685690112914943e-15,9.25e-20,1.4745829433306175e-100,1.898655588301715e-16,1.898653108301715e-16,2.48e-22,1.0940821864541651e-07
2066.3316582914576,1.3947767753427823e-15,1.3946842753427824e-15,9.25e-20,1.7560681269350133e-100,2.1164461905898132e-16,2.1164437105898133e-16,2.48e-22,1.0718498167135448e-07
2073.3668341708544,1.5324439263535234e-15,1.5323514263535235e-15,9.25e-20,2.0910777688128993e-100,2.357481160269029e-16,2.357478680269029e-16,2.48e-22,1.0502461407962614e-07
2080.402010050251,1.6826284394910423e-15,1.6825359394910424e-15,9.25e-20,2.4897248341332674e-100,2.62405199669801e-16,2.62404951669801e-16,2.48e-22,1.0292492182549884e-07
2087.437185929648,1.8463684741522853e-15,1.8462759741522854e-15,9.25e-20,2.9640167520448033e-100,2.9186569405304894e-16,2.918654460530489e-16,2.48e-22,1.0088380071263278e-07
2094.472361809045,2.0247797154167558e-15,2.024687215416756e-15,9.25e-20,3.5282065850244595e-100,3.244017837161254e-16,3.244015357161254e-16,2.48e-22,9.889923220294216e-08
2101.5075376884424,2.2190604933024566e-15,2.2189679933024567e-15,9.25e-20,4.199208492041585e-100,3.6030982229659376e-16,3.6030957429659374e-16,2.48e-22,9.696927944455579e-08
2108.542713567839,2.430497192958152e-15,2.430404692958152e-15,9.25e-20,4.997089091519961e-100,3.9991227112109447e-16,3.9991202312109445e-16,2.48e-22,9.509208350538884e-08
2115.577889447236,2.6604699693923125e-15,2.6603774693923126e-15,9.25e-20,5.945648392194581e-100,4.4355977585304e-16,4.4355952785304e-16,2.48e-22,9.326585980061491e-08
2122.613065326633,2.910458780816585e-15,2.910366280816585e-15,9.25e-20,7.073106382104785e-100,4.916333897049634e-16,4.916331417049634e-16,2.48e-22,9.148889470305923e-08
2129.6482412060304,3.1820497551677278e-15,3.181957255167728e-15,9.25e-20,8.412914209782838e-100,5.445469521583122e-16,5.445467041583122e-16,2.48e-22,8.975954232620317e-08
2136.683417085427,3.476941904868316e-15,3.476849404868316e-15,9.25e-20,1.0004712229206324e-99,6.027496325851879e-16,6.027493845851878e-16,2.48e-22,8.807622147012536e-08
2143.718592964824,3.796954205390901e-15,3.796861705390901e-15,9.25e-20,1.1895461095293203e-99,6.667286486354646e-16,6.667284006354646e-16,2.48e-22,8.643741272129707e-08
2150.753768844221,4.144033053704842e-15,4.143940553704842e-15,9.25e-20,1.41407766876961e-99,7.370121697395616e-16,7.370119217395616e-16,2.48e-22,8.484165569769703e-08
2157.7889447236184,4.520260123208011e-15,4.520167623208011e-15,9.25e-20,1.6806505021698485e-99,8.141724165818401e-16,8.141721685818401e-16,2.48e-22,8.328754643122895e-08
2164.824120603015,4.927860632277272e-15,4.927768132277272e-15,9.25e-20,1.9970579609352935e-99,8.988289679228717e-16,8.988287199228718e-16,2.48e-22,8.177373487990437e-08
2171.859296482412,5.369212044112686e-15,5.369119544112686e-15,9.25e-20,2.372521111693569e-99,9.916522866909658e-16,9.916520386909659e-16,2.48e-22,8.029892256270509e-08
2178.8944723618088,5.846853216098409e-15,5.846760716098409e-15,9.25e-20,2.8179467806920355e-99,1.093367477824431e-15,1.093367229824431e-15,2.48e-22,7.886186031046319e-08
2185.929648241206,6.363494017461541e-15,6.363401517461541e-15,9.25e-20,3.3462315364565024e-99,1.2047582909271524e-15,1.2047580429271524e-15,2.48e-22,7.746134612648413e-08
2192.964824120603,6.9220254345749935e-15,6.921932934574994e-15,9.25e-20,3.9726196535408194e-99,1.3266713814005319e-15,1.326671133400532e-15,2.48e-22,7.609622315101612e-08
2200.0,7.52553018382339e-15,7.52543768382339e-15,9.25e-20,4.71512448251595e-99,1.4600208443360038e-15,1.4600205963360039e-15,2.48e-22,7.476537772400893e-08
