label,image,csv,f_n,K_d,rho_d,Dv_dislocation_scale,Dg_dislocation_scale,NGF_AREAL_0
A0_L3_reference,/home/destro/sciantix-official/UN_model/optuna/Rizk Rho Constant/Rizk_Rho_Constant_sensitivity_Nd0_rho_v11/A0_L3_reference_CONTACT_SHEET.png,/home/destro/sciantix-official/UN_model/optuna/Rizk Rho Constant/Rizk_Rho_Constant_sensitivity_Nd0_rho_v11/A0_L3_reference_results.csv,0.00042,410000.0,35000000000000.0,10.0,17.0,10000000000000.0
A1_Nd0_1p75e19_rho3p5e13,/home/destro/sciantix-official/UN_model/optuna/Rizk Rho Constant/Rizk_Rho_Constant_sensitivity_Nd0_rho_v11/A1_Nd0_1p75e19_rho3p5e13_CONTACT_SHEET.png,/home/destro/sciantix-official/UN_model/optuna/Rizk Rho Constant/Rizk_Rho_Constant_sensitivity_Nd0_rho_v11/A1_Nd0_1p75e19_rho3p5e13_results.csv,0.00042,500000.0,35000000000000.0,10.0,17.0,10000000000000.0
A2_N4_Nd0_2p10e19_rho3p5e13,/home/destro/sciantix-official/UN_model/optuna/Rizk Rho Constant/Rizk_Rho_Constant_sensitivity_Nd0_rho_v11/A2_N4_Nd0_2p10e19_rho3p5e13_CONTACT_SHEET.png,/home/destro/sciantix-official/UN_model/optuna/Rizk Rho Constant/Rizk_Rho_Constant_sensitivity_Nd0_rho_v11/A2_N4_Nd0_2p10e19_rho3p5e13_results.csv,0.00042,600000.0,35000000000000.0,10.0,17.0,10000000000000.0
A3_Nd0_2p40e19_rho3p5e13,/home/destro/sciantix-official/UN_model/optuna/Rizk Rho Constant/Rizk_Rho_Constant_sensitivity_Nd0_rho_v11/A3_Nd0_2p40e19_rho3p5e13_CONTACT_SHEET.png,/home/destro/sciantix-official/UN_model/optuna/Rizk Rho Constant/Rizk_Rho_Constant_sensitivity_Nd0_rho_v11/A3_Nd0_2p40e19_rho3p5e13_results.csv,0.00042,685714.2857142857,35000000000000.0,10.0,17.0,10000000000000.0
A4_Nd0_2p70e19_rho3p5e13,/home/destro/sciantix-official/UN_model/optuna/Rizk Rho Constant/Rizk_Rho_Constant_sensitivity_Nd0_rho_v11/A4_Nd0_2p70e19_rho3p5e13_CONTACT_SHEET.png,/home/destro/sciantix-official/UN_model/optuna/Rizk Rho Constant/Rizk_Rho_Constant_sensitivity_Nd0_rho_v11/A4_Nd0_2p70e19_rho3p5e13_results.csv,0.00042,771428.5714285715,35000000000000.0,10.0,17.0,10000000000000.0
B0_Nd0_2p10e19_rho3p0e13,/home/destro/sciantix-official/UN_model/optuna/Rizk Rho Constant/Rizk_Rho_Constant_sensitivity_Nd0_rho_v11/B0_Nd0_2p10e19_rho3p0e13_CONTACT_SHEET.png,/home/destro/sciantix-official/UN_model/optuna/Rizk Rho Constant/Rizk_Rho_Constant_sensitivity_Nd0_rho_v11/B0_Nd0_2p10e19_rho3p0e13_results.csv,0.00042,700000.0,30000000000000.0,10.0,17.0,10000000000000.0
B1_Nd0_2p10e19_rho4p0e13,/home/destro/sciantix-official/UN_model/optuna/Rizk Rho Constant/Rizk_Rho_Constant_sensitivity_Nd0_rho_v11/B1_Nd0_2p10e19_rho4p0e13_CONTACT_SHEET.png,/home/destro/sciantix-official/UN_model/optuna/Rizk Rho Constant/Rizk_Rho_Constant_sensitivity_Nd0_rho_v11/B1_Nd0_2p10e19_rho4p0e13_results.csv,0.00042,525000.0,40000000000000.0,10.0,17.0,10000000000000.0
B2_Nd0_2p10e19_rho4p5e13,/home/destro/sciantix-official/UN_model/optuna/Rizk Rho Constant/Rizk_Rho_Constant_sensitivity_Nd0_rho_v11/B2_Nd0_2p10e19_rho4p5e13_CONTACT_SHEET.png,/home/destro/sciantix-official/UN_model/optuna/Rizk Rho Constant/Rizk_Rho_Constant_sensitivity_Nd0_rho_v11/B2_Nd0_2p10e19_rho4p5e13_results.csv,0.00042,466666.6666666667,45000000000000.0,10.0,17.0,10000000000000.0
B3_Nd0_2p10e19_rho5p0e13,/home/destro/sciantix-official/UN_model/optuna/Rizk Rho Constant/Rizk_Rho_Constant_sensitivity_Nd0_rho_v11/B3_Nd0_2p10e19_rho5p0e13_CONTACT_SHEET.png,/home/destro/sciantix-official/UN_model/optuna/Rizk Rho Constant/Rizk_Rho_Constant_sensitivity_Nd0_rho_v11/B3_Nd0_2p10e19_rho5p0e13_results.csv,0.00042,420000.0,50000000000000.0,10.0,17.0,10000000000000.0
REF_N6,/home/destro/sciantix-official/UN_model/optuna/Rizk Rho Constant/Rizk_Rho_Constant_sensitivity_Nd0_rho_v11/REF_N6_CONTACT_SHEET.png,/home/destro/sciantix-official/UN_model/optuna/Rizk Rho Constant/Rizk_Rho_Constant_sensitivity_Nd0_rho_v11/REF_N6_results.csv,0.00042,600000.0,45000000000000.0,10.0,17.0,10000000000000.0
