label,K_d,rho_d,Nd0,Sd_1600_AP3p4_percent,Rd_1600_AP3p4_nm,Nd_1600_AP3p4_m-3,dislocation_gas_1600_percent,bulk_gas_1600_percent
A0_L3_reference,410000.0,35000000000000.0,1.435e+19,2.6804201832789443,79.27354319329505,1.2844862536542947e+19,28.793160782329185,65.06968286025143
A1_Nd0_1p75e19_rho3p5e13,500000.0,35000000000000.0,1.75e+19,2.400234975548002,71.23421905288829,1.5852550604195504e+19,28.355651002908463,65.49253069005431
A2_N4_Nd0_2p10e19_rho3p5e13,600000.0,35000000000000.0,2.1e+19,2.167786285786072,64.5839983240458,1.921113706394515e+19,27.92374966726881,65.90983916856877
A3_Nd0_2p40e19_rho3p5e13,685714.2857142857,35000000000000.0,2.4e+19,2.011501351922404,60.11866867833094,2.2100579202971697e+19,27.588370609416312,66.2338373688478
A4_Nd0_2p70e19_rho3p5e13,771428.5714285715,35000000000000.0,2.7e+19,1.8827342423077575,56.441575635941895,2.4997871126529835e+19,27.27869454731095,66.53298100013292
B0_Nd0_2p10e19_rho3p0e13,700000.0,30000000000000.0,2.1e+19,1.6511776932176652,58.55741120278229,1.963177635836193e+19,23.168089657777426,70.50443220897725
B1_Nd0_2p10e19_rho4p0e13,525000.0,40000000000000.0,2.1e+19,2.7445736890054437,70.44133117346824,1.874578461726349e+19,32.76184818876829,61.2351599693052
B2_Nd0_2p10e19_rho4p5e13,466666.6666666667,45000000000000.0,2.1e+19,3.3761929272371893,76.16574356160541,1.8241459689799617e+19,37.64257632960823,56.518987446281095
B3_Nd0_2p10e19_rho5p0e13,420000.0,50000000000000.0,2.1e+19,4.052486346859233,81.75053002166786,1.77076618466141e+19,42.52335687712346,51.80283388213673
REF_N6,600000.0,45000000000000.0,2.7e+19,2.931365422314816,66.39554309415696,2.3909173771847807e+19,36.88138173269974,57.25468084557095
