candidate,K_d,case,swelling_rmse_pp,swelling_nrmse,swelling_bias_pp,swelling_d_percent_mean,swelling_d_percent_min,swelling_d_percent_max,Rd_nm_mean,Rd_nm_min,Rd_nm_max,Nd_mean,Nd_min,Nd_max,matrix_gas_percent_mean,matrix_gas_percent_min,matrix_gas_percent_max,bulk_gas_percent_mean,bulk_gas_percent_min,bulk_gas_percent_max,dislocation_gas_percent_mean,dislocation_gas_percent_min,dislocation_gas_percent_max,grainface_gas_percent_mean,grainface_gas_percent_min,grainface_gas_percent_max,release_gas_percent_mean,release_gas_percent_min,release_gas_percent_max,Rgf_nm_mean,Rgf_nm_min,Rgf_nm_max,Ngf_vol_mean,Ngf_vol_min,Ngf_vol_max,Ngf_areal_mean,Ngf_areal_min,Ngf_areal_max,p_b_mean,p_b_min,p_b_max,p_d_mean,p_d_min,p_d_max,p_gf_mean,p_gf_min,p_gf_max,p_b_over_eq_mean,p_b_over_eq_min,p_b_over_eq_max,p_d_over_eq_mean,p_d_over_eq_min,p_d_over_eq_max,p_gf_over_eq_mean,p_gf_over_eq_min,p_gf_over_eq_max
K_d_low,100000.0,AP3.2,1.066898560673472,0.5798301800826393,0.8306123103019825,2.4854826750235395,0.225082469075584,13.407716178576669,114.5021175153891,56.53919518770732,272.6877182751365,2.7191761604998313e+18,1.5785904270637233e+18,2.9730635652158003e+18,0.12920009324430223,0.0092924669613101,0.1618769750112541,70.57491471361709,42.54092383462656,75.34401695621558,23.17058870281676,18.82754555730072,48.31031357944039,5.86221990017352,5.608835858410492,6.75309409827271,0.26307659014833124,0.0,2.711322250818574,114.51052399406427,43.47362540123446,237.33686228103164,2.794590727482974e+18,9.613876901820012e+17,4.2762035200169e+18,11178362909931.898,3845550760728.005,17104814080067.602,1278305975.2255993,764304532.2496637,1400533737.0014694,59663445.53263594,8322115.978945649,262729313.1499329,49934624106.97177,9356498.709866948,792273629738.111,1.0001884978260325,1.0000106808925555,1.0018615126828652,2.095303881810001,1.0059611745699495,6.691217980953304,978.6492180806521,1.0002081088697414,15515.7510436902
K_d_low,100000.0,AP3.8,0.26906917831338073,0.11301670638165365,-0.11746042113340531,2.3537667165992726,0.2219429881135678,12.361057385495837,112.51808142755851,56.27272663107262,260.22185242680666,2.7326072972121687e+18,1.6746949893431388e+18,2.9734383797608366e+18,0.1305195481541425,0.010596153996858,0.1619227437336636,70.92451986108526,44.59876560693535,75.35656816291349,22.85887460464396,18.81855517417144,46.41790996089348,5.848366682338233,5.604776495580115,6.7515098529910045,0.23771930377842557,0.0,2.545608078626157,113.41456300913748,43.47180855785324,234.39678168621373,2.80973664093858e+18,9.856566607489016e+17,4.273615221302056e+18,11238946563754.318,3942626642995.6064,17094460885208.225,1283938980.6520262,784670733.2615659,1400825693.9813032,61669476.01148303,8683613.249911677,273021776.54826146,54493307101.04556,9476099.029226946,864617979254.4304,1.000219961807001,1.0000272549378144,1.0020329471002218,2.142441654026367,1.0060028577999192,6.920576484698247,1067.906916308389,1.0003694921015749,16932.31005584439
K_d_low,100000.0,AP3.4,1.5932423332551264,0.5957522935211145,0.5217483005280875,2.3746017550624705,0.2293528011634505,12.39561741895197,113.35877601152704,56.89772990684378,260.61331414578933,2.7301709061914895e+18,1.6718209266258785e+18,2.9725599443562383e+18,0.11233550397493292,0.0096992554659733,0.1387261340673644,74.20015737375505,51.56765178265154,77.93917034313762,19.471297094359034,16.15170927497169,39.07384935724404,5.744240052265942,5.463039985879371,6.046809792080853,0.4719699756450696,0.0,3.8857596187590815,130.52696449256896,46.55968021754787,274.7325774636275,2.580607919518841e+18,7.174780659182597e+17,4.1889628084544855e+18,10322431678075.363,2869912263673.039,16755851233817.94,1275162826.4045942,784446814.8737409,1388683781.2085474,59028832.39403731,8612650.707286028,259070923.8701139,55887611128.40354,8084111.613751792,886777085112.776,1.0002167047201405,1.0000148730476817,1.0021183246401526,2.0852864851956046,1.0044626566012478,6.639886240125327,1172.9950942894473,1.0002879586215363,18599.729944723946
K_d_low,100000.0,ANP6,0.42337577828406964,0.18558406103088712,-0.4097596001194731,2.7263144205140635,0.2899482521210551,13.49263841187086,121.69535316672179,61.571772322452645,273.56273910329327,2.691789305714684e+18,1.5733938270513894e+18,2.965424841796651e+18,0.04968209480595107,0.0041838959282868,0.0614641307398893,84.53869103612455,72.5477545808374,86.4084178208588,8.53474599675855,7.226831302942504,16.347162243621998,4.319039074819468,2.2809247484383444,6.303286745458817,2.557841797491487,0.0,8.819974531173962,343.95013429088925,68.13163919304633,1370.5777297422044,1.5816608676387694e+18,2.882847096413429e+16,3.5953088231568696e+18,6326643470555.077,115313883856.53716,14381235292627.48,1210991519.6707854,761422931.5801615,1315039756.8485892,44742217.27085133,8135454.495138874,183759821.2325929,50764628650.416824,1629636.42527981,805609373413.9987,1.00022937876617,1.0000048890700377,1.0023238372228656,1.7758191476652583,1.0019933031790134,5.096584628354869,1559.0819995447534,1.0019435436516777,24724.64487705779
K_d_150000,150000.0,AP3.2,0.6122545753282094,0.3327436119558376,0.4613657618281698,2.0512819120157224,0.2311052784669861,10.060705760395775,94.96931914651827,49.83222054367294,203.67116333908123,4.1461545172083784e+18,2.842832071124343e+18,4.458518117875583e+18,0.12923055960262922,0.0092654279610693,0.1619318905431706,70.95852602009073,43.53996352282609,75.68440566501643,22.77423467441824,18.4762235457109,47.2759373234311,5.8705976982746595,5.61764213132734,6.753503904795319,0.26741104761376316,0.0,2.746183253359067,114.69406904740462,43.502891261291296,237.9403205342853,2.792107849995843e+18,9.565173794696562e+17,4.275419395694449e+18,11168431399983.371,3826069517878.625,17101677582777.797,1278147951.6169446,765257973.7912273,1400209921.1689274,56409507.36526604,10948045.391909543,232614852.7467575,49937391019.51824,9332764.526149437,792318570908.9685,1.0001883432992966,1.0000105883886972,1.0018616070643585,1.7720524629717267,1.0019743136256352,5.221493082797488,979.3858355921102,1.0002082113048751,15527.545959636263
K_d_150000,150000.0,AP3.8,0.4562472585578082,0.19163682284637942,-0.40999616784236065,1.9557858925215914,0.2276922721889492,9.343244910493084,93.62567296799017,49.58342695717614,196.2725880233438,4.161478882085422e+18,2.950055431879679e+18,4.459129268533009e+18,0.13055045538843144,0.0105717214978136,0.1619777314680881,71.29967419056774,45.5121980642889,75.6983329993021,22.471258815207506,18.46580856192228,45.470660867545774,5.856678858757228,5.613579483911768,6.75178448413147,0.2418376800791132,0.0,2.578981766727046,113.58525495082775,43.50122417973227,234.9461587604998,2.8073685752511165e+18,9.810525073452526e+17,4.2728275398842655e+18,11229474301004.465,3924210029381.0103,17091310159537.062,1283765992.3334944,785427131.2301041,1400500367.0169635,58151298.52587568,11353738.982994394,241509086.81083477,54496364442.00198,9453934.2026212,864667620016.1206,1.00021963197539,1.0000270392559414,1.002033031430312,1.8072624191291993,1.0020245443177704,5.394075750170871,1068.715248723601,1.000369565080644,16945.25412143209
K_d_150000,150000.0,AP3.4,1.0988219183967471,0.41087640241059775,-0.021529509013835903,1.9675584161828146,0.2355736180110022,9.267324801929307,94.22967996057386,50.154298049566925,195.48096923237608,4.1592612886756884e+18,2.9617767810942126e+18,4.457728081397895e+18,0.11235650826405347,0.0096732288184071,0.1387667880457981,74.52140504458805,52.36387921181405,78.23046243619088,19.139632317351996,15.850842599722036,38.252635431856966,5.7503234387603115,5.463397929798541,6.046732387039038,0.47628269103559917,0.0,3.910414197712017,130.69699865372036,46.586963327666645,275.4105648240585,2.5787116849724933e+18,7.13949934625912e+17,4.188219101836652e+18,10314846739889.973,2855799738503.6484,16752876407346.607,1275067095.1684387,785598979.462904,1388415200.993235,55860910.87812295,11381587.322149456,229421042.51018977,55888494682.902985,8064204.729799666,886791742467.4313,1.0002166248858266,1.0000147753076931,1.0021186301517169,1.7647076380620261,1.0014371923625418,5.183086191395685,1173.725592144575,1.000288107207121,18611.426557838466
K_d_150000,150000.0,ANP6,0.6556728093417323,0.2874099769201365,-0.5913196184686933,2.238462297663632,0.2998765017424061,9.845680055843635,100.4794789855509,54.40213718210463,201.4092155240436,4.1136135840161367e+18,2.8768624377783475e+18,4.446373517911871e+18,0.049685811517396636,0.0041767170144347,0.0614745420150595,84.67902441753782,72.88080542750971,86.53159179460243,8.390626714064766,7.099071923760179,16.016628886901856,4.3209108811374,2.280876374841992,6.307861739622317,2.559752175742613,0.0,8.817512593732026,344.1548665648271,68.15068656817421,1369.9272790762436,1.5811967229914913e+18,2.8855853366240308e+16,3.594792452958428e+18,6324786891965.966,115423413464.96124,14379169811833.717,1210995262.6455176,762309426.8203709,1314906784.9242196,43469375.98502216,11028666.229772998,164174834.29424262,50763065501.328064,1630379.7320056374,805584347008.9382,1.0002294531118012,1.0000049037142973,1.002324750897078,1.5359328462515731,1.0005743304572483,4.02318101672283,1559.4852077045452,1.0019513473601522,24731.09317566184
K_d_200000,200000.0,AP3.2,0.4256149401274652,0.2313100762121087,0.22513152023225236,1.7934581360672421,0.235339564196424,8.264398677033151,83.2324198157125,45.55299562215591,168.11139411884687,5.5839012572846e+18,4.15270615060862e+18,5.943681232540266e+18,0.12925991351243948,0.0092616971812553,0.1619749367125568,71.26240117537232,44.20876882876704,75.94976899642023,22.459431983915778,18.202384183274813,46.57275243419466,5.877464525111341,5.624904855447318,6.753798836540928,0.27144240208813375,0.0,2.7800367954839227,114.85087686992364,43.52566481772232,238.57532133969497,2.790035187842187e+18,9.514323524170388e+17,4.274809091785695e+18,11160140751368.746,3805729409668.1553,17099236367142.78,1277931663.6395743,765187131.8573349,1399956976.9947505,55040492.456028245,13228113.918526644,213963046.291616,49939515686.729034,9307924.749840332,792352921914.8699,1.0001882553078858,1.000010501010971,1.001861723117209,1.5923878016464337,1.0009775944480328,4.390386356317623,979.9565705611096,1.000208332169088,15536.6724781986
K_d_200000,200000.0,AP3.8,0.6878485453532655,0.2889159493202781,-0.604843973775964,1.7171068397911753,0.2317461805075277,7.712151872821511,82.19560482085183,45.31777674615287,162.79819687479247,5.600624092126093e+18,4.2671527836084224e+18,5.944539115462169e+18,0.13058002266878846,0.010568948995487,0.1620207905011374,71.5986572384018,46.14215459789185,75.96464064442257,22.161646706755867,18.190990637261105,44.808261230644725,5.863488496683428,5.620829789736923,6.752103739255401,0.2456275354901438,0.0,2.6109080732401324,113.73769458853174,43.52409974940661,235.553328553696,2.805308425072437e+18,9.76001441002889e+17,4.272214853214188e+18,11221233700289.748,3904005764011.556,17088859412856.75,1283547804.0194821,785320024.572334,1400246489.2821078,56609690.629164755,13657446.312487734,221975828.78593028,54498707409.5678,9429566.316710178,864705495354.5463,1.0002194220700342,1.0000268318230434,1.0020331420506523,1.620671239709976,1.0010128581364606,4.531284257641009,1069.341203165383,1.0003697120135864,16955.26479586292
K_d_200000,200000.0,AP3.4,0.9815131982179266,0.36701180150348145,-0.3486682965665432,1.7273723083342853,0.2399458146108069,7.637635147772888,82.70153182746446,45.85106850004927,162.07224065843815,5.59807337966837e+18,4.282963663944226e+18,5.94259573898838e+18,0.11237728995379237,0.0096686895078621,0.13879872285592,74.77731127469403,52.90355878029237,78.45763029499838,18.874677167971214,15.61625435531966,37.68637055274029,5.755250814944672,5.463712081602062,6.046890854972063,0.4803834524362949,0.0,3.936689895857412,130.83457769053823,46.60818753101542,276.00169408117586,2.577136965143222e+18,7.10894991464619e+17,4.187640465032648e+18,10308547860572.887,2843579965858.476,16750561860130.594,1274909846.001359,785708005.1731198,1388204872.278233,54544648.94855654,13710005.808771254,211058787.219798,55889188576.54958,8046933.222225449,886803101048.8834,1.0002165753762455,1.0000146608083145,1.002118910401666,1.5863371197323697,1.0006846428203526,4.359131040699225,1174.2920211267585,1.0002883217251943,18620.483997507083
K_d_200000,200000.0,ANP6,0.833724490004366,0.3654577908613847,-0.7276463912540304,1.9568926774725286,0.3066402317244394,8.068170182648435,87.83732347359314,49.80096218905044,166.20392303613357,5.545975917091133e+18,4.19529620593496e+18,5.926896236341532e+18,0.049689800292594906,0.0041749139441969,0.0614827474969275,84.79186552733749,73.11036860428689,86.62838918232724,8.273902818016825,6.998712796057114,15.778680337121807,4.322427377587097,2.280959123097706,6.311415274118713,2.5621144767660007,0.0,8.825817021549408,344.50201245008327,68.1655557230635,1371.8861751019151,1.5807696039559967e+18,2.877350650473708e+16,3.5943893707755587e+18,6323078415823.985,115094026018.9483,14377557483102.234,1210952121.7603445,762524159.2544264,1314802048.9531388,43391254.22922477,13360357.978757257,152152359.04974934,50761894771.82073,1628098.1664759428,805565600178.9685,1.0002295091735227,1.0000048900565073,1.0023254782950013,1.4039247284794785,1.0002450041606143,3.413213459464591,1559.8000150311077,1.001957817606185,24736.120947112897
K_d_250000,250000.0,AP3.2,0.40221684915868033,0.21859385388310257,0.056942625895240837,1.6176107985243326,0.2385094947415668,7.139903840187994,75.1241377340091,42.47847532491129,145.93946857140622,7.028436293982996e+18,5.483848801182685e+18,7.428656930789737e+18,0.12928708060368718,0.0092638661638281,0.1620109895215055,71.52164059198856,44.73973551540967,76.17064374136977,22.190593110426025,17.97449019006231,46.0101231865671,5.8833878728442714,5.631229623927851,6.754131192232459,0.2750913441374599,0.0,2.811288366874509,114.99147069961799,43.54459300813028,239.06659699194492,2.788179863675687e+18,9.475260326553568e+17,4.274301754352068e+18,11152719454702.746,3790104130621.4272,17097207017408.271,1277716524.0854194,764868750.6159462,1399745798.389682,54563935.45987048,15225353.68478153,200934334.6838516,49941272607.09623,9288798.940554803,792381216845.0989,1.0001881869389877,1.000010421557158,1.0018618522609393,1.476706068019064,1.0005803678529264,3.84476764765561,980.4292625089516,1.0002084672227,15544.222135095491
K_d_250000,250000.0,AP3.8,0.8587913812163158,0.3607168014650026,-0.7465900906180938,1.5529326447854594,0.2347902078610674,6.680825182452551,74.26822803652621,42.25441199802655,141.7014778901673,7.046387411665516e+18,5.605551656097466e+18,7.429766811924465e+18,0.13060732056682287,0.0105715613444645,0.1620568233062669,71.85430163778305,46.64987968103533,76.18620082661879,21.896686843190732,17.962385445367065,44.270803832380906,5.86936950343594,5.627136790027802,6.752486904794432,0.24903469502346193,0.0,2.6400700162937736,113.88726018851787,43.54310214344441,236.2189851585599,2.8033482286543514e+18,9.705085174333184e+17,4.271705816470416e+18,11213392914617.406,3882034069733.274,17086823265881.66,1283334328.5982494,785010681.1567411,1400034708.6371083,56006753.834690265,15679582.879556805,208319805.93090716,54500640971.51166,9402996.775833732,864736640768.3107,1.0002192496585374,1.0000266420037085,1.0020332687175693,1.5003848423225725,1.0005840563124595,3.9650589671862537,1069.8593667757968,1.0003698770689071,16963.541973892334
K_d_250000,250000.0,AP3.4,1.0078666443493427,0.3768659998556553,-0.572958802983837,1.562172419756457,0.2432178953214512,6.612385380350669,74.70547053155695,42.75883802143103,141.06085337314244,7.043545167105669e+18,5.624061059880336e+18,7.42727035538609e+18,0.11239664664748415,0.0096688532956503,0.1388255095591036,74.99646668109555,53.340730225188445,78.64677326240852,18.647548641907473,15.420968000268518,37.22426582524694,5.759499554045676,5.464081058146295,6.047133718435951,0.4840884763038247,0.0,3.9612540381226697,130.98774147055784,46.625823400961785,276.697423419605,2.57551427405766e+18,7.073245303043718e+17,4.1871595990681134e+18,10302057096230.64,2829298121217.488,16748638396272.451,1274750879.6358764,785594030.0925813,1388028933.7336397,54108310.89137757,15745588.659821533,198234201.30427352,55889778898.83887,8026701.440078223,886812679612.2773,1.0002165327373642,1.0000145525477646,1.0021191753125591,1.4715313414752416,1.0003979790920818,3.818136983728461,1174.7614468541137,1.0002884978688082,18627.981348468584
K_d_250000,250000.0,ANP6,0.9675898225294064,0.42413680207439314,-0.8338166621429639,1.7632715488504054,0.3115352770522888,6.964101341739928,79.09786503441119,46.47885369972593,144.30665077341604,6.986160799356526e+18,5.532449155866273e+18,7.407171439837335e+18,0.049693691418223496,0.004174223278408,0.0614896410708989,84.88893200090187,73.29820683586355,86.70952425181143,8.173278146310494,6.9146228540606325,15.58116899225059,4.323681343432654,2.281095424845078,6.314363253057022,2.5644148179367776,0.0,8.835354523762373,344.8489289205215,68.17794774892975,1374.9684847007347,1.5804541218628846e+18,2.864464617376238e+16,3.594053452994265e+18,6321816487451.539,114578584695.04951,14376213811977.06,1210900665.3515081,762600919.7146732,1314714100.210719,43868409.53854416,15385986.316028995,143839405.70701894,50760956872.76782,1624525.7392960663,805550573753.4775,1.0002295557165608,1.0000048756905384,1.0023260938818217,1.3200762664225425,1.0001352045548442,3.0114822946450697,1560.0623914427322,1.001962899659457,24740.30672485633
baseline,300000.0,AP3.2,0.45298550567846496,0.24618522979970175,-0.07135100582179706,1.4866764756726818,0.2409649514668126,6.355404166593903,69.05704267230539,40.111801220921954,130.47438236718392,8.478107786433852e+18,6.830913973339033e+18,8.91351041252958e+18,0.12931226257140424,0.0092678614388651,0.1620423654758867,71.75106176846042,45.193845690530296,76.36166433267664,21.95256710867876,17.777427406869645,45.52697064355245,5.888652406096636,5.636909894474991,6.754390603110834,0.27840645419277293,0.0,2.8398790181636726,115.12572347745089,43.56094234242848,239.6067183385649,2.786456013531267e+18,9.43259021995276e+17,4.273863477589864e+18,11145824054125.068,3773036087981.105,17095453910359.451,1277512643.2156267,764486814.818791,1399562543.527849,54589831.10946767,17024100.34695568,191177045.2364073,49942788935.19894,9267862.21989552,792405556518.418,1.0001881296786046,1.0000103497811144,1.0018619896862742,1.3957153038699612,1.0003836752580997,3.4542592957324216,980.8363347296923,1.000208585376693,15550.716693367736
baseline,300000.0,AP3.8,0.9885744333051986,0.4152293739684238,-0.8561700954400846,1.4300046525806485,0.2371557939092607,5.95695400701106,68.32248447594826,39.89728105820902,126.89642416683576,8.497155592145276e+18,6.959651369732777e+18,8.914874413394124e+18,0.13063259414290296,0.010575844690143,0.1620881589101996,72.08074613613431,47.08703699820969,76.37773346974508,21.661901645505957,17.76479052684608,43.80643210800066,5.874564297283858,5.632796089405184,6.752646581955069,0.25215532693297715,0.0,2.666976347092227,113.9992334167792,43.55950743525455,236.57544199823147,2.8018244548812856e+18,9.67586119634439e+17,4.271266288208009e+18,11207297819525.143,3870344478537.757,17085065152832.035,1283133177.3943408,784650726.21729,1399851065.5788963,55933649.31703494,17503488.543632086,198083276.0313131,54502308494.79284,9388831.898166625,864763391239.4578,1.0002191001521206,1.0000264702104484,1.002033405715161,1.416070083588362,1.000378995689608,3.5599027643027457,1070.3053918334726,1.0003700046694208,16970.659297455346
baseline,300000.0,AP3.4,1.0782140536539788,0.4031706175285241,-0.7394770725806734,1.4383258717668104,0.2457514871505018,5.893580890629238,68.70679928530397,40.37820960847404,126.31884963557198,8.494102733117721e+18,6.98049392504761e+18,8.911819275261392e+18,0.11241466772206048,0.009670554387364,0.138848847616723,75.1907599981663,53.71821937884275,78.81039832984459,18.446100100187994,15.252055948529152,36.82375214061845,5.7632431948544625,5.464382585972338,6.047216224293328,0.48748203906919807,0.0,3.983975340179099,131.10307385297287,46.64105304184032,277.26787527887,2.574270287907191e+18,7.044170206086047e+17,4.186744300564786e+18,10297081151628.764,2817668082434.419,16746977202259.145,1274599040.0237916,785413435.9429318,1387876022.64908,54167606.64862155,17579947.799001716,188631538.2548492,55890306196.86267,8010188.977631694,886821144434.313,1.000216495535612,1.0000144530583186,1.0021194291468414,1.3912097956134781,1.0002600419054537,3.4309026082987337,1175.1659298151546,1.000288640661026,18634.43452240965
baseline,300000.0,ANP6,1.0718288367690956,0.4698293063996598,-0.9191479494862559,1.6182057492062938,0.3151840517059034,6.194401609366657,72.56057331170007,43.91050519242111,129.02349434275183,8.43227610883075e+18,6.885006437319263e+18,8.887309887827252e+18,0.04969743884462707,0.0041739422605975,0.0614956509858785,84.97516993103935,73.46105681071897,86.78012994384682,8.08378833122224,6.841469404980725,15.408753313699076,4.3247868603529405,2.281215157785728,6.316905000186582,2.5665574385408507,0.0,8.84480077553564,345.2038406800185,68.1886768798044,1377.6454802747626,1.5801223226356454e+18,2.8533431656608884e+16,3.593762622449146e+18,6320489290542.583,114133726626.43556,14375050489796.582,1210847720.6794853,762627381.9649423,1314637454.8424969,44645474.440131046,17207651.37322404,137685084.36525327,50760173691.2067,1621437.0839420345,805538033003.125,1.0002295960859282,1.0000048619083943,1.0023266334920191,1.262168194688851,1.0000861754978456,2.723343068441168,1560.2895774648573,1.001966828977752,24743.927463187672
