candidate,K_d,case,metric,data_type,availability,n_compared,rmse_pp,bias_pp
K_d_low,100000.0,AP3.2,matrix_gas_percent,Rizk_model_benchmark_not_experiment,shared_1.1FIMA_curve,37,4.4694416056967015,-3.976623815613589
K_d_low,100000.0,AP3.2,bulk_gas_percent,Rizk_model_benchmark_not_experiment,shared_1.1FIMA_curve,37,3.850680814741321,-3.683573277783013
K_d_low,100000.0,AP3.2,dislocation_gas_percent,Rizk_model_benchmark_not_experiment,shared_1.1FIMA_curve,37,3.651395541882972,3.1515686794234132
K_d_low,100000.0,AP3.2,grainface_gas_percent,Rizk_model_benchmark_not_experiment,shared_1.1FIMA_curve,37,4.186150911919843,4.1097919463994845
K_d_low,100000.0,AP3.2,release_gas_percent,Rizk_model_benchmark_not_experiment,shared_1.1FIMA_curve,37,0.7674837577336591,-0.4366392081019649
K_d_low,100000.0,AP3.8,matrix_gas_percent,Rizk_model_benchmark_not_experiment,shared_1.1FIMA_curve,37,4.469023490041,-3.9752869356488607
K_d_low,100000.0,AP3.8,bulk_gas_percent,Rizk_model_benchmark_not_experiment,shared_1.1FIMA_curve,37,3.4379158443072755,-3.352497626045545
K_d_low,100000.0,AP3.8,dislocation_gas_percent,Rizk_model_benchmark_not_experiment,shared_1.1FIMA_curve,37,3.676065624454083,2.8571243894307594
K_d_low,100000.0,AP3.8,grainface_gas_percent,Rizk_model_benchmark_not_experiment,shared_1.1FIMA_curve,37,4.169815418491525,4.095626942418597
K_d_low,100000.0,AP3.8,release_gas_percent,Rizk_model_benchmark_not_experiment,shared_1.1FIMA_curve,37,0.7873912550724035,-0.4604424458306191
K_d_low,100000.0,AP3.4,matrix_gas_percent,Rizk_model_benchmark_not_experiment,unavailable_1.3FIMA,0,,
K_d_low,100000.0,AP3.4,bulk_gas_percent,Rizk_model_benchmark_not_experiment,unavailable_1.3FIMA,0,,
K_d_low,100000.0,AP3.4,dislocation_gas_percent,Rizk_model_benchmark_not_experiment,unavailable_1.3FIMA,0,,
K_d_low,100000.0,AP3.4,grainface_gas_percent,Rizk_model_benchmark_not_experiment,unavailable_1.3FIMA,0,,
K_d_low,100000.0,AP3.4,release_gas_percent,Rizk_model_benchmark_not_experiment,unavailable_1.3FIMA,0,,
K_d_low,100000.0,ANP6,matrix_gas_percent,Rizk_model_benchmark_not_experiment,3.2FIMA_curve,37,1.9893344634898358,-1.8193406597488626
K_d_low,100000.0,ANP6,bulk_gas_percent,Rizk_model_benchmark_not_experiment,3.2FIMA_curve,37,3.160976176204292,-3.1046628872463558
K_d_low,100000.0,ANP6,dislocation_gas_percent,Rizk_model_benchmark_not_experiment,3.2FIMA_curve,37,1.5287113194214368,0.05940408387953098
K_d_low,100000.0,ANP6,grainface_gas_percent,Rizk_model_benchmark_not_experiment,3.2FIMA_curve,37,2.6716011680571015,2.3491507863835457
K_d_low,100000.0,ANP6,release_gas_percent,Rizk_model_benchmark_not_experiment,3.2FIMA_curve,37,2.4264950775520457,1.690183811867284
K_d_150000,150000.0,AP3.2,matrix_gas_percent,Rizk_model_benchmark_not_experiment,shared_1.1FIMA_curve,37,4.469403316240136,-3.9765929025500597
K_d_150000,150000.0,AP3.2,bulk_gas_percent,Rizk_model_benchmark_not_experiment,shared_1.1FIMA_curve,37,3.456913062859089,-3.307694481904704
K_d_150000,150000.0,AP3.2,dislocation_gas_percent,Rizk_model_benchmark_not_experiment,shared_1.1FIMA_curve,37,3.394529906692739,2.763228032251949
K_d_150000,150000.0,AP3.2,grainface_gas_percent,Rizk_model_benchmark_not_experiment,shared_1.1FIMA_curve,37,4.194122127558556,4.118242374293538
K_d_150000,150000.0,AP3.2,release_gas_percent,Rizk_model_benchmark_not_experiment,shared_1.1FIMA_curve,37,0.7651297426068896,-0.4326586977663929
K_d_150000,150000.0,AP3.8,matrix_gas_percent,Rizk_model_benchmark_not_experiment,shared_1.1FIMA_curve,37,4.468985001454831,-3.9752556059925017
K_d_150000,150000.0,AP3.8,bulk_gas_percent,Rizk_model_benchmark_not_experiment,shared_1.1FIMA_curve,37,3.068945258028324,-2.984166115951941
K_d_150000,150000.0,AP3.8,dislocation_gas_percent,Rizk_model_benchmark_not_experiment,shared_1.1FIMA_curve,37,3.474220472139881,2.4766000071121947
K_d_150000,150000.0,AP3.8,grainface_gas_percent,Rizk_model_benchmark_not_experiment,shared_1.1FIMA_curve,37,4.177692325530506,4.104009797004071
K_d_150000,150000.0,AP3.8,release_gas_percent,Rizk_model_benchmark_not_experiment,shared_1.1FIMA_curve,37,0.7844692123554665,-0.45666375784749247
K_d_150000,150000.0,AP3.4,matrix_gas_percent,Rizk_model_benchmark_not_experiment,unavailable_1.3FIMA,0,,
K_d_150000,150000.0,AP3.4,bulk_gas_percent,Rizk_model_benchmark_not_experiment,unavailable_1.3FIMA,0,,
K_d_150000,150000.0,AP3.4,dislocation_gas_percent,Rizk_model_benchmark_not_experiment,unavailable_1.3FIMA,0,,
K_d_150000,150000.0,AP3.4,grainface_gas_percent,Rizk_model_benchmark_not_experiment,unavailable_1.3FIMA,0,,
K_d_150000,150000.0,AP3.4,release_gas_percent,Rizk_model_benchmark_not_experiment,unavailable_1.3FIMA,0,,
K_d_150000,150000.0,ANP6,matrix_gas_percent,Rizk_model_benchmark_not_experiment,3.2FIMA_curve,37,1.9893291625578886,-1.8193368862663157
K_d_150000,150000.0,ANP6,bulk_gas_percent,Rizk_model_benchmark_not_experiment,3.2FIMA_curve,37,3.0221898022152454,-2.966701912016718
K_d_150000,150000.0,ANP6,dislocation_gas_percent,Rizk_model_benchmark_not_experiment,3.2FIMA_curve,37,1.575961820978468,-0.08241716948297051
K_d_150000,150000.0,ANP6,grainface_gas_percent,Rizk_model_benchmark_not_experiment,3.2FIMA_curve,37,2.674116243475503,2.3510120115132174
K_d_150000,150000.0,ANP6,release_gas_percent,Rizk_model_benchmark_not_experiment,3.2FIMA_curve,37,2.4288091622602863,1.6921790913879267
K_d_200000,200000.0,AP3.2,matrix_gas_percent,Rizk_model_benchmark_not_experiment,shared_1.1FIMA_curve,37,4.469370864130905,-3.9765632865803844
K_d_200000,200000.0,AP3.2,bulk_gas_percent,Rizk_model_benchmark_not_experiment,shared_1.1FIMA_curve,37,3.14892909409085,-3.008230385093126
K_d_200000,200000.0,AP3.2,dislocation_gas_percent,Rizk_model_benchmark_not_experiment,shared_1.1FIMA_curve,37,3.205111577784984,2.4531201913531024
K_d_200000,200000.0,AP3.2,grainface_gas_percent,Rizk_model_benchmark_not_experiment,shared_1.1FIMA_curve,37,4.200701177334779,4.12517367270941
K_d_200000,200000.0,AP3.2,release_gas_percent,Rizk_model_benchmark_not_experiment,shared_1.1FIMA_curve,37,0.7631814022409146,-0.4289758680646723
K_d_200000,200000.0,AP3.8,matrix_gas_percent,Rizk_model_benchmark_not_experiment,shared_1.1FIMA_curve,37,4.468952507667509,-3.975225784009037
K_d_200000,200000.0,AP3.8,bulk_gas_percent,Rizk_model_benchmark_not_experiment,shared_1.1FIMA_curve,37,2.777916662351251,-2.689214123294306
K_d_200000,200000.0,AP3.8,dislocation_gas_percent,Rizk_model_benchmark_not_experiment,shared_1.1FIMA_curve,37,3.3299256342742223,2.1712851060208087
K_d_200000,200000.0,AP3.8,grainface_gas_percent,Rizk_model_benchmark_not_experiment,shared_1.1FIMA_curve,37,4.184191553474938,4.1108820360932095
K_d_200000,200000.0,AP3.8,release_gas_percent,Rizk_model_benchmark_not_experiment,shared_1.1FIMA_curve,37,0.7819865973275372,-0.45320291048634065
K_d_200000,200000.0,AP3.4,matrix_gas_percent,Rizk_model_benchmark_not_experiment,unavailable_1.3FIMA,0,,
K_d_200000,200000.0,AP3.4,bulk_gas_percent,Rizk_model_benchmark_not_experiment,unavailable_1.3FIMA,0,,
K_d_200000,200000.0,AP3.4,dislocation_gas_percent,Rizk_model_benchmark_not_experiment,unavailable_1.3FIMA,0,,
K_d_200000,200000.0,AP3.4,grainface_gas_percent,Rizk_model_benchmark_not_experiment,unavailable_1.3FIMA,0,,
K_d_200000,200000.0,AP3.4,release_gas_percent,Rizk_model_benchmark_not_experiment,unavailable_1.3FIMA,0,,
K_d_200000,200000.0,ANP6,matrix_gas_percent,Rizk_model_benchmark_not_experiment,3.2FIMA_curve,37,1.9893244323684682,-1.8193328762054584
K_d_200000,200000.0,ANP6,bulk_gas_percent,Rizk_model_benchmark_not_experiment,3.2FIMA_curve,37,2.9104261086900616,-2.855221320391419
K_d_200000,200000.0,ANP6,dislocation_gas_percent,Rizk_model_benchmark_not_experiment,3.2FIMA_curve,37,1.618235901964422,-0.19772404005270597
K_d_200000,200000.0,ANP6,grainface_gas_percent,Rizk_model_benchmark_not_experiment,3.2FIMA_curve,37,2.676121654754179,2.3525203553973384
K_d_200000,200000.0,ANP6,release_gas_percent,Rizk_model_benchmark_not_experiment,3.2FIMA_curve,37,2.432193783121254,1.694493016387387
K_d_250000,250000.0,AP3.2,matrix_gas_percent,Rizk_model_benchmark_not_experiment,shared_1.1FIMA_curve,37,4.469342010148007,-3.976535901754123
K_d_250000,250000.0,AP3.2,bulk_gas_percent,Rizk_model_benchmark_not_experiment,shared_1.1FIMA_curve,37,2.887714185545788,-2.752144517103367
K_d_250000,250000.0,AP3.2,dislocation_gas_percent,Rizk_model_benchmark_not_experiment,shared_1.1FIMA_curve,37,3.0579706764855206,2.1876981488614677
K_d_250000,250000.0,AP3.2,grainface_gas_percent,Rizk_model_benchmark_not_experiment,shared_1.1FIMA_curve,37,4.206401413842276,4.131157218812612
K_d_250000,250000.0,AP3.2,release_gas_percent,Rizk_model_benchmark_not_experiment,shared_1.1FIMA_curve,37,0.7615720220519229,-0.4256506244922642
K_d_250000,250000.0,AP3.8,matrix_gas_percent,Rizk_model_benchmark_not_experiment,shared_1.1FIMA_curve,37,4.468923681999124,-3.9751982705617857
K_d_250000,250000.0,AP3.8,bulk_gas_percent,Rizk_model_benchmark_not_experiment,shared_1.1FIMA_curve,37,2.5313572262833888,-2.436515622110033
K_d_250000,250000.0,AP3.8,dislocation_gas_percent,Rizk_model_benchmark_not_experiment,shared_1.1FIMA_curve,37,3.222867433241758,1.9095163622263218
K_d_250000,250000.0,AP3.8,grainface_gas_percent,Rizk_model_benchmark_not_experiment,shared_1.1FIMA_curve,37,4.1898305849827295,4.116819600641595
K_d_250000,250000.0,AP3.8,release_gas_percent,Rizk_model_benchmark_not_experiment,shared_1.1FIMA_curve,37,0.7798790180872728,-0.45009774587176576
K_d_250000,250000.0,AP3.4,matrix_gas_percent,Rizk_model_benchmark_not_experiment,unavailable_1.3FIMA,0,,
K_d_250000,250000.0,AP3.4,bulk_gas_percent,Rizk_model_benchmark_not_experiment,unavailable_1.3FIMA,0,,
K_d_250000,250000.0,AP3.4,dislocation_gas_percent,Rizk_model_benchmark_not_experiment,unavailable_1.3FIMA,0,,
K_d_250000,250000.0,AP3.4,grainface_gas_percent,Rizk_model_benchmark_not_experiment,unavailable_1.3FIMA,0,,
K_d_250000,250000.0,AP3.4,release_gas_percent,Rizk_model_benchmark_not_experiment,unavailable_1.3FIMA,0,,
K_d_250000,250000.0,ANP6,matrix_gas_percent,Rizk_model_benchmark_not_experiment,3.2FIMA_curve,37,1.9893200544467762,-1.8193289637373555
K_d_250000,250000.0,ANP6,bulk_gas_percent,Rizk_model_benchmark_not_experiment,3.2FIMA_curve,37,2.8144011479242304,-2.7591662029612682
K_d_250000,250000.0,ANP6,dislocation_gas_percent,Rizk_model_benchmark_not_experiment,3.2FIMA_curve,37,1.6591407986444344,-0.29726287468532014
K_d_250000,250000.0,ANP6,grainface_gas_percent,Rizk_model_benchmark_not_experiment,3.2FIMA_curve,37,2.677807013974294,2.353766532742968
K_d_250000,250000.0,ANP6,release_gas_percent,Rizk_model_benchmark_not_experiment,3.2FIMA_curve,37,2.4355552378420415,1.6967266437761181
baseline,300000.0,AP3.2,matrix_gas_percent,Rizk_model_benchmark_not_experiment,shared_1.1FIMA_curve,37,4.4693156803622465,-3.9765105171822706
baseline,300000.0,AP3.2,bulk_gas_percent,Rizk_model_benchmark_not_experiment,shared_1.1FIMA_curve,37,2.657584430945976,-2.5252407516245197
baseline,300000.0,AP3.2,dislocation_gas_percent,Rizk_model_benchmark_not_experiment,shared_1.1FIMA_curve,37,2.9415337842162295,1.9524311109346473
baseline,300000.0,AP3.2,grainface_gas_percent,Rizk_model_benchmark_not_experiment,shared_1.1FIMA_curve,37,4.211480427870503,4.136476759216916
baseline,300000.0,AP3.2,release_gas_percent,Rizk_model_benchmark_not_experiment,shared_1.1FIMA_curve,37,0.7602093890459419,-0.4226322770204449
baseline,300000.0,AP3.8,matrix_gas_percent,Rizk_model_benchmark_not_experiment,shared_1.1FIMA_curve,37,4.4688974143706774,-3.97517279525324
baseline,300000.0,AP3.8,bulk_gas_percent,Rizk_model_benchmark_not_experiment,shared_1.1FIMA_curve,37,2.3152819962622897,-2.2124468124560392
baseline,300000.0,AP3.8,dislocation_gas_percent,Rizk_model_benchmark_not_experiment,shared_1.1FIMA_curve,37,3.142850207762943,1.6773311138325142
baseline,300000.0,AP3.8,grainface_gas_percent,Rizk_model_benchmark_not_experiment,shared_1.1FIMA_curve,37,4.194818324781427,4.122069189825234
baseline,300000.0,AP3.8,release_gas_percent,Rizk_model_benchmark_not_experiment,shared_1.1FIMA_curve,37,0.7780318396085756,-0.4472563716241347
baseline,300000.0,AP3.4,matrix_gas_percent,Rizk_model_benchmark_not_experiment,unavailable_1.3FIMA,0,,
baseline,300000.0,AP3.4,bulk_gas_percent,Rizk_model_benchmark_not_experiment,unavailable_1.3FIMA,0,,
baseline,300000.0,AP3.4,dislocation_gas_percent,Rizk_model_benchmark_not_experiment,unavailable_1.3FIMA,0,,
baseline,300000.0,AP3.4,grainface_gas_percent,Rizk_model_benchmark_not_experiment,unavailable_1.3FIMA,0,,
baseline,300000.0,AP3.4,release_gas_percent,Rizk_model_benchmark_not_experiment,unavailable_1.3FIMA,0,,
baseline,300000.0,ANP6,matrix_gas_percent,Rizk_model_benchmark_not_experiment,3.2FIMA_curve,37,1.989315928986019,-1.8193251924466873
baseline,300000.0,ANP6,bulk_gas_percent,Rizk_model_benchmark_not_experiment,3.2FIMA_curve,37,2.7292378974919558,-2.673752324264534
baseline,300000.0,ANP6,dislocation_gas_percent,Rizk_model_benchmark_not_experiment,3.2FIMA_curve,37,1.6991470549081584,-0.3858528316998598
baseline,300000.0,ANP6,grainface_gas_percent,Rizk_model_benchmark_not_experiment,3.2FIMA_curve,37,2.6792738357225057,2.354865962552042
baseline,300000.0,ANP6,release_gas_percent,Rizk_model_benchmark_not_experiment,3.2FIMA_curve,37,2.4387007691595146,1.6987995209941762
