candidate,K_d,case,population,p_min_Pa,p_max_Pa,p_over_eq_max,n_T_ratio_gt1000,persistent_ranges_ratio_gt1000,role
K_d_low,100000.0,AP3.2,b,764304532.2496637,1400533737.0014694,1.0018615126828652,0,,"guardrail only; ratio threshold descriptive, not fit or acceptance criterion"
K_d_low,100000.0,AP3.2,d,8322115.978945649,262729313.1499329,6.691217980953304,0,,"guardrail only; ratio threshold descriptive, not fit or acceptance criterion"
K_d_low,100000.0,AP3.2,gf,9356498.709866948,792273629738.111,15515.7510436902,2,,"guardrail only; ratio threshold descriptive, not fit or acceptance criterion"
K_d_low,100000.0,AP3.8,b,784670733.2615659,1400825693.9813032,1.0020329471002218,0,,"guardrail only; ratio threshold descriptive, not fit or acceptance criterion"
K_d_low,100000.0,AP3.8,d,8683613.249911677,273021776.54826146,6.920576484698247,0,,"guardrail only; ratio threshold descriptive, not fit or acceptance criterion"
K_d_low,100000.0,AP3.8,gf,9476099.029226946,864617979254.4304,16932.31005584439,2,,"guardrail only; ratio threshold descriptive, not fit or acceptance criterion"
K_d_low,100000.0,AP3.4,b,784446814.8737409,1388683781.2085474,1.0021183246401526,0,,"guardrail only; ratio threshold descriptive, not fit or acceptance criterion"
K_d_low,100000.0,AP3.4,d,8612650.707286028,259070923.8701139,6.639886240125327,0,,"guardrail only; ratio threshold descriptive, not fit or acceptance criterion"
K_d_low,100000.0,AP3.4,gf,8084111.613751792,886777085112.776,18599.729944723946,2,,"guardrail only; ratio threshold descriptive, not fit or acceptance criterion"
K_d_low,100000.0,ANP6,b,761422931.5801615,1315039756.8485892,1.0023238372228656,0,,"guardrail only; ratio threshold descriptive, not fit or acceptance criterion"
K_d_low,100000.0,ANP6,d,8135454.495138874,183759821.2325929,5.096584628354869,0,,"guardrail only; ratio threshold descriptive, not fit or acceptance criterion"
K_d_low,100000.0,ANP6,gf,1629636.42527981,805609373413.9987,24724.64487705779,2,,"guardrail only; ratio threshold descriptive, not fit or acceptance criterion"
K_d_150000,150000.0,AP3.2,b,765257973.7912273,1400209921.1689274,1.0018616070643585,0,,"guardrail only; ratio threshold descriptive, not fit or acceptance criterion"
K_d_150000,150000.0,AP3.2,d,10948045.391909543,232614852.7467575,5.221493082797488,0,,"guardrail only; ratio threshold descriptive, not fit or acceptance criterion"
K_d_150000,150000.0,AP3.2,gf,9332764.526149437,792318570908.9685,15527.545959636263,2,,"guardrail only; ratio threshold descriptive, not fit or acceptance criterion"
K_d_150000,150000.0,AP3.8,b,785427131.2301041,1400500367.0169635,1.002033031430312,0,,"guardrail only; ratio threshold descriptive, not fit or acceptance criterion"
K_d_150000,150000.0,AP3.8,d,11353738.982994394,241509086.81083477,5.394075750170871,0,,"guardrail only; ratio threshold descriptive, not fit or acceptance criterion"
K_d_150000,150000.0,AP3.8,gf,9453934.2026212,864667620016.1206,16945.25412143209,2,,"guardrail only; ratio threshold descriptive, not fit or acceptance criterion"
K_d_150000,150000.0,AP3.4,b,785598979.462904,1388415200.993235,1.0021186301517169,0,,"guardrail only; ratio threshold descriptive, not fit or acceptance criterion"
K_d_150000,150000.0,AP3.4,d,11381587.322149456,229421042.51018977,5.183086191395685,0,,"guardrail only; ratio threshold descriptive, not fit or acceptance criterion"
K_d_150000,150000.0,AP3.4,gf,8064204.729799666,886791742467.4313,18611.426557838466,2,,"guardrail only; ratio threshold descriptive, not fit or acceptance criterion"
K_d_150000,150000.0,ANP6,b,762309426.8203709,1314906784.9242196,1.002324750897078,0,,"guardrail only; ratio threshold descriptive, not fit or acceptance criterion"
K_d_150000,150000.0,ANP6,d,11028666.229772998,164174834.29424262,4.02318101672283,0,,"guardrail only; ratio threshold descriptive, not fit or acceptance criterion"
K_d_150000,150000.0,ANP6,gf,1630379.7320056374,805584347008.9382,24731.09317566184,2,,"guardrail only; ratio threshold descriptive, not fit or acceptance criterion"
K_d_200000,200000.0,AP3.2,b,765187131.8573349,1399956976.9947505,1.001861723117209,0,,"guardrail only; ratio threshold descriptive, not fit or acceptance criterion"
K_d_200000,200000.0,AP3.2,d,13228113.918526644,213963046.291616,4.390386356317623,0,,"guardrail only; ratio threshold descriptive, not fit or acceptance criterion"
K_d_200000,200000.0,AP3.2,gf,9307924.749840332,792352921914.8699,15536.6724781986,2,,"guardrail only; ratio threshold descriptive, not fit or acceptance criterion"
K_d_200000,200000.0,AP3.8,b,785320024.572334,1400246489.2821078,1.0020331420506523,0,,"guardrail only; ratio threshold descriptive, not fit or acceptance criterion"
K_d_200000,200000.0,AP3.8,d,13657446.312487734,221975828.78593028,4.531284257641009,0,,"guardrail only; ratio threshold descriptive, not fit or acceptance criterion"
K_d_200000,200000.0,AP3.8,gf,9429566.316710178,864705495354.5463,16955.26479586292,2,,"guardrail only; ratio threshold descriptive, not fit or acceptance criterion"
K_d_200000,200000.0,AP3.4,b,785708005.1731198,1388204872.278233,1.002118910401666,0,,"guardrail only; ratio threshold descriptive, not fit or acceptance criterion"
K_d_200000,200000.0,AP3.4,d,13710005.808771254,211058787.219798,4.359131040699225,0,,"guardrail only; ratio threshold descriptive, not fit or acceptance criterion"
K_d_200000,200000.0,AP3.4,gf,8046933.222225449,886803101048.8834,18620.483997507083,2,,"guardrail only; ratio threshold descriptive, not fit or acceptance criterion"
K_d_200000,200000.0,ANP6,b,762524159.2544264,1314802048.9531388,1.0023254782950013,0,,"guardrail only; ratio threshold descriptive, not fit or acceptance criterion"
K_d_200000,200000.0,ANP6,d,13360357.978757257,152152359.04974934,3.413213459464591,0,,"guardrail only; ratio threshold descriptive, not fit or acceptance criterion"
K_d_200000,200000.0,ANP6,gf,1628098.1664759428,805565600178.9685,24736.120947112897,2,,"guardrail only; ratio threshold descriptive, not fit or acceptance criterion"
K_d_250000,250000.0,AP3.2,b,764868750.6159462,1399745798.389682,1.0018618522609393,0,,"guardrail only; ratio threshold descriptive, not fit or acceptance criterion"
K_d_250000,250000.0,AP3.2,d,15225353.68478153,200934334.6838516,3.84476764765561,0,,"guardrail only; ratio threshold descriptive, not fit or acceptance criterion"
K_d_250000,250000.0,AP3.2,gf,9288798.940554803,792381216845.0989,15544.222135095491,2,,"guardrail only; ratio threshold descriptive, not fit or acceptance criterion"
K_d_250000,250000.0,AP3.8,b,785010681.1567411,1400034708.6371083,1.0020332687175693,0,,"guardrail only; ratio threshold descriptive, not fit or acceptance criterion"
K_d_250000,250000.0,AP3.8,d,15679582.879556805,208319805.93090716,3.9650589671862537,0,,"guardrail only; ratio threshold descriptive, not fit or acceptance criterion"
K_d_250000,250000.0,AP3.8,gf,9402996.775833732,864736640768.3107,16963.541973892334,2,,"guardrail only; ratio threshold descriptive, not fit or acceptance criterion"
K_d_250000,250000.0,AP3.4,b,785594030.0925813,1388028933.7336397,1.0021191753125591,0,,"guardrail only; ratio threshold descriptive, not fit or acceptance criterion"
K_d_250000,250000.0,AP3.4,d,15745588.659821533,198234201.30427352,3.818136983728461,0,,"guardrail only; ratio threshold descriptive, not fit or acceptance criterion"
K_d_250000,250000.0,AP3.4,gf,8026701.440078223,886812679612.2773,18627.981348468584,2,,"guardrail only; ratio threshold descriptive, not fit or acceptance criterion"
K_d_250000,250000.0,ANP6,b,762600919.7146732,1314714100.210719,1.0023260938818217,0,,"guardrail only; ratio threshold descriptive, not fit or acceptance criterion"
K_d_250000,250000.0,ANP6,d,15385986.316028995,143839405.70701894,3.0114822946450697,0,,"guardrail only; ratio threshold descriptive, not fit or acceptance criterion"
K_d_250000,250000.0,ANP6,gf,1624525.7392960663,805550573753.4775,24740.30672485633,2,,"guardrail only; ratio threshold descriptive, not fit or acceptance criterion"
baseline,300000.0,AP3.2,b,764486814.818791,1399562543.527849,1.0018619896862742,0,,"guardrail only; ratio threshold descriptive, not fit or acceptance criterion"
baseline,300000.0,AP3.2,d,17024100.34695568,191177045.2364073,3.4542592957324216,0,,"guardrail only; ratio threshold descriptive, not fit or acceptance criterion"
baseline,300000.0,AP3.2,gf,9267862.21989552,792405556518.418,15550.716693367736,2,,"guardrail only; ratio threshold descriptive, not fit or acceptance criterion"
baseline,300000.0,AP3.8,b,784650726.21729,1399851065.5788963,1.002033405715161,0,,"guardrail only; ratio threshold descriptive, not fit or acceptance criterion"
baseline,300000.0,AP3.8,d,17503488.543632086,198083276.0313131,3.5599027643027457,0,,"guardrail only; ratio threshold descriptive, not fit or acceptance criterion"
baseline,300000.0,AP3.8,gf,9388831.898166625,864763391239.4578,16970.659297455346,2,,"guardrail only; ratio threshold descriptive, not fit or acceptance criterion"
baseline,300000.0,AP3.4,b,785413435.9429318,1387876022.64908,1.0021194291468414,0,,"guardrail only; ratio threshold descriptive, not fit or acceptance criterion"
baseline,300000.0,AP3.4,d,17579947.799001716,188631538.2548492,3.4309026082987337,0,,"guardrail only; ratio threshold descriptive, not fit or acceptance criterion"
baseline,300000.0,AP3.4,gf,8010188.977631694,886821144434.313,18634.43452240965,2,,"guardrail only; ratio threshold descriptive, not fit or acceptance criterion"
baseline,300000.0,ANP6,b,762627381.9649423,1314637454.8424969,1.0023266334920191,0,,"guardrail only; ratio threshold descriptive, not fit or acceptance criterion"
baseline,300000.0,ANP6,d,17207651.37322404,137685084.36525327,2.723343068441168,0,,"guardrail only; ratio threshold descriptive, not fit or acceptance criterion"
baseline,300000.0,ANP6,gf,1621437.0839420345,805538033003.125,24743.927463187672,2,,"guardrail only; ratio threshold descriptive, not fit or acceptance criterion"
