label,score_total,score_swd,score_Nd,score_Nd_drop,score_Rd,score_pressure,score_fdot_prior,score_rizk_gas_shape,score_highT_guard,f_n,K_d,rho_d,fission_rate,Dv_scale,Dg_scale,b_scale,gb_scale,gd_scale,coalescence_d_scale,capture_scale,swD_1p3_1600K,swB_1p3_1600K,Rd_1p3_1600K,Nd_1p3_1600K,Nd_1p3_1400K,Nd_1p3_1725K,Nd_drop_1725_over_1400_log10,swD_3p2_1600K,swB_3p2_1600K,max_f_cap_step_3p2_1600K,capture_fraction_sum_3p2_1600K,capture_raw_sum_3p2_1600K,dt_h,n_modes,use_full_exp,D1_Xe,D2_Xe,D2_Xe_over_Dg_unscaled,D2_Xe_scaled,D2_xe_scale,D3_Xe,Dg,Dv,family,score_bulk_shape,score_rizk_prior,score_swig_diag,trial_number,state
capture_only_v2_trial_00099,1.4762394874946672,0.5798452653743666,0.3639331311149044,0.023305654396831733,0.13546582774302784,0.728672614235155,0.06240065954669196,0.21837268279223288,0.33064994234595246,7.943992586862921e-08,700055.1722404793,40669079643641.41,4.330812132815059e+19,0.03,1.8078452591316876,0.20221445578004182,0.41423042594168147,2.4963131263852745,9.49678277949643,3.8990211336945837,2.6025329887525297,0.03264174037914805,84.55665710131834,1.0276949411326265e+19,1.948521060161001e+19,3.389000880323902e+18,-0.7596334224810465,4.527580903679032,1.1751067277607663,0.0008473646829754851,0.4118159892822165,0.4118159892822165,12.0,22,0,4.2934800659537927e-19,2.8430660979996015e-105,1.4153933040898462e-87,7.210976397994867e-106,0.2536337935677455,8.01200244570786e-20,9.210393646173413e-19,6.139307190902765e-22,capture_only,0.08128263126548214,0.27231430425434566,0.9079374093477156,99,TrialState.COMPLETE
capture_only_v2_trial_00098,1.478800283531154,0.582996282642748,0.3790837156915047,0.02650775379643901,0.14369238038737417,0.6948215023787621,0.07121014014838596,0.21237250052755605,0.31323515880523445,7.750036381933873e-08,734733.6052815879,40811288821755.32,4.243848426153105e+19,0.03,2.0433291386867563,0.1877637887838018,0.4409969672783388,2.280374048815886,9.251828347083338,3.3292805477580805,2.6316556548798635,0.03947142618543324,83.00788077389055,1.098455516478705e+19,2.0770716434840138e+19,3.6590155326399355e+18,-0.7540872236300409,4.546201262107244,1.3408839216024364,0.0007335226685648714,0.35934571244990043,0.35934571244990043,12.0,22,0,4.2934800659537927e-19,2.814376633334188e-105,1.3386978297959556e-87,6.798700122008255e-106,0.2415703726886705,7.851119588383244e-20,1.0377235067759906e-18,6.138053370856527e-22,capture_only,0.08626183469070399,0.2780963135727618,0.9512052955032251,98,TrialState.COMPLETE
capture_only_v2_trial_00096,1.4816199186510721,0.5880221596930113,0.40967078010250607,0.032173184589638755,0.16124426544882595,0.6535381297722295,0.03526391854678995,0.20158103028259713,0.2703829060405727,9.384132120914143e-08,693804.9021721553,47853315323466.05,4.610054777540114e+19,0.03,1.7476920401799103,0.18119714458463299,0.5117415115209037,2.0954950219779844,9.168453915005886,0.11660097045419063,2.6100600490239025,0.057828324818586026,79.55988591681624,1.2373125977689965e+19,2.321358819813093e+19,4.1828073864768143e+18,-0.7442744096494537,4.367964968444223,1.635505953388806,2.8106326215218146e-05,0.012315630590836636,0.012315630590836636,12.0,22,0,4.2934800659537927e-19,2.9332921983628157e-105,1.7760920762279632e-87,9.140374050435929e-106,0.31160803057866265,8.528601338449212e-20,8.994217803246101e-19,6.143250355916423e-22,capture_only,0.09516534665846092,0.27468884146842937,0.9822682125016604,96,TrialState.COMPLETE
capture_only_v2_trial_00084,1.49384695271687,0.7663373436432009,0.2537007579521224,0.0,0.14901518412326628,0.5943717527897909,0.009063821967354474,0.11932846741224568,0.545049741265632,1.2057753951762094e-07,787777.0500728936,38649321705310.336,5.1054476370772074e+19,0.03,1.603721052440911,0.23114165758927163,0.30350327390652976,1.6141194693970329,13.778977528146832,0.12909515112919118,2.251218483442112,0.20205874261119877,85.72057708703143,8.53245051368393e+18,2.0114837101393318e+19,2.0475595331413847e+18,-0.9922799820160282,3.3140126972098902,2.019503659074373,3.1722809713539605e-05,0.010201745398891458,0.010201745398891458,12.0,22,0,4.2934800659537927e-19,3.0868760939163266e-105,1.1403004019428522e-87,5.972879683582338e-106,0.1934926929964504,9.445078128592834e-20,8.40027143368284e-19,6.149962456308327e-22,capture_only,0.16796912769539038,0.26378642843058436,0.8466682594489687,84,TrialState.COMPLETE
capture_only_v2_trial_00079,1.506157051428337,0.780474700178518,0.31144522838079586,0.0,0.14722119451838156,0.5514968970210045,0.0016867209174633235,0.10644618637884172,0.39683848317556797,1.6149199257923583e-07,672797.5898976006,36881424829393.13,4.980618569138857e+19,0.03,1.5220715460219885,0.20616369242947044,0.2583102237776544,1.5490596809555288,11.197179099353896,0.21351815569947785,2.2415057715490394,0.21649604782250936,84.52819648216797,8.8602595385853e+18,1.7935394714087604e+19,2.5899133209577124e+18,-0.8404257094880918,3.3354301950295246,1.9952417336577166,4.634137186579059e-05,0.01532056446780156,0.01532056446780156,12.0,22,0,4.2934800659537927e-19,3.0489052348606923e-105,1.192772777125355e-87,6.220184196665123e-106,0.2040136940152989,9.214144352906886e-20,7.937442535850754e-19,6.148303010068669e-22,capture_only,0.17715072282057703,0.2723505397196134,0.8416573649916391,79,TrialState.COMPLETE
capture_only_v2_trial_00072,1.508677431206125,0.6725384218453693,0.24058536172577505,0.0,0.1149664722684404,0.7919812974009962,0.021443259685334014,0.18183210968326086,0.6311074680117376,1.4722907437268616e-07,749277.9495556445,37794102912724.93,5.253070918914761e+19,0.03,1.6601640988642747,0.16972019978907565,0.2407871428746686,1.8162174396769852,14.934723010052029,0.1805517810112376,2.311110002471857,0.08365085135468665,92.94244008062478,6.87210517413115e+18,1.6713361090437261e+19,1.6141337543367027e+18,-1.015124276708935,3.5973440660166673,1.529667781234967,4.561236095682467e-05,0.016213721175075142,0.016213721175075142,12.0,22,0,4.2934800659537927e-19,3.1311863586568457e-105,8.69791555131873e-88,4.57971189739311e-106,0.14626123688650788,9.718181199992308e-20,8.741259018134403e-19,6.151898954560689e-22,capture_only,0.10958651716890046,0.2985727772098075,0.8239832979087869,72,TrialState.COMPLETE
capture_only_v2_trial_00067,1.5125350772032704,0.6581833064411321,0.24208599397513222,0.0,0.1204647896262643,0.8038862941573829,0.04841248864101071,0.18967959955171432,0.5947654327277904,1.5243618032045903e-07,839974.0509421175,36485932611842.88,5.589622687324307e+19,0.03,1.889122413951488,0.1503950578994361,0.2523005932001789,1.873928958943831,14.93144858470037,0.14359935771301693,2.316641034025365,0.07621902342526655,90.68419413870977,7.416095969883937e+18,1.781444013201292e+19,1.7628504284033372e+18,-1.004556712479415,3.642561438728857,1.5306521824505066,3.915864182534994e-05,0.013301525444036209,0.013301525444036209,12.0,22,0,4.2934800659537927e-19,3.2299331271298916e-105,6.263618856067724e-88,3.336980692084534e-106,0.10331423471450521,1.0340801971549968e-19,1.0064413504716102e-18,6.1562144996312085e-22,capture_only,0.10189561724318359,0.3121585940167097,0.8372951357452051,67,TrialState.COMPLETE
capture_only_v2_trial_00068,1.514053526756858,0.6826960247576744,0.24062835205541397,0.0,0.1272946229146112,0.7626626479319164,0.051748984058000644,0.17150461259832608,0.5860816524536598,2.0222761331085448e-07,842152.1842411064,36998478693758.24,5.632730702796413e+19,0.03,1.6608839443577554,0.15149104433353533,0.25677285644303655,1.8974425611816503,14.870203838721261,0.14249775773581028,2.2995083019920046,0.10159119595086097,89.46642285973961,7.665953008358543e+18,1.8517891329658683e+19,1.808987087591656e+18,-1.0101560642454221,3.5485216607013768,1.6590655262823175,3.870295747474588e-05,0.012603286181624753,0.012603286181624753,12.0,22,0,4.2934800659537927e-19,3.2423640721967902e-105,6.793422403835569e-88,3.6246544676434593e-106,0.11179048333050572,1.0420551800173365e-19,8.861704824588357e-19,6.156757771117809e-22,capture_only,0.11872349035951378,0.30747194459306787,0.8451371803179945,68,TrialState.COMPLETE
capture_only_v2_trial_00085,1.5176221796345863,0.8225374111940291,0.2592129872375875,0.0,0.15606836743345398,0.5372852755056943,0.010515714603218252,0.081936493238028,0.5285117678375415,1.173805446711084e-07,787899.199773037,36525147593802.6,5.1225442534211805e+19,0.03,1.2138398435912792,0.2345792445487194,0.46235354181656196,1.974555808919689,13.399447967671476,0.1264791575252453,2.1847300740946394,0.3149021040801074,84.4130514332782,8.671223461917436e+18,1.986260869922877e+19,2.086414966042747e+18,-0.9786355976261099,3.142108092269616,2.4733687995811127,3.154458341282285e-05,0.009449738584902953,0.009449738584902953,12.0,22,0,4.2934800659537927e-19,3.0920402863451378e-105,1.1564962970863521e-87,6.061371438127003e-106,0.19603145097736363,9.476706868829184e-20,6.361917610061628e-19,6.150188147797011e-22,capture_only,0.19183284353429586,0.2476385462953583,0.9104921677272284,85,TrialState.COMPLETE
capture_only_v2_trial_00065,1.5186064972374334,0.7173495577131178,0.24661708948217956,0.0,0.13057692005392155,0.7188652021079489,0.05878199724761193,0.1703036516679261,0.5616799772420287,2.0252171718099553e-07,653854.7417088555,46002553782802.37,5.7246903636910694e+19,0.03,2.01921476775038,0.3116501674411785,0.24666102552993224,1.8993783339444494,14.781551398340492,0.14628422254296822,2.2478168917893693,0.09826781910713855,88.63460205400425,7.706593000427292e+18,1.8302465669579411e+19,1.8595447350610342e+18,-0.9931029702670849,3.428467189257241,1.4253745849866262,3.8024790469183816e-05,0.011875494738241248,0.011875494738241248,12.0,22,0,4.2934800659537927e-19,3.268724250470361e-105,6.263236959418807e-88,3.352427510302293e-106,0.10256073175398285,1.0590677172828479e-19,1.0807943529000984e-18,6.157909794005906e-22,capture_only,0.11860504665848871,0.26053058053076206,0.7700600350931616,65,TrialState.COMPLETE
capture_only_v2_trial_00095,1.5190616399925032,0.5792936848221143,0.404468112845521,0.0506321883814731,0.1523480315050771,0.7209518041296655,0.008258495229102774,0.22306419519360718,0.24982693021007454,8.824426335388972e-08,743538.2864435314,40613582961780.836,4.905818866919692e+19,0.03,1.7381298543780324,0.18242366067531177,0.2660514475307851,2.0723226744619425,9.123499819440894,0.11654725633709423,2.547461574076714,0.029916817945108393,80.66276509815462,1.1587765990492903e+19,2.0979539965884432e+19,4.0690542835803013e+18,-0.71230247722489,4.420040757223664,1.0308229068657304,2.659673023824968e-05,0.011581425890351228,0.011581425890351228,12.0,22,0,4.2934800659537927e-19,3.0259241592436513e-105,1.7931438612364524e-87,9.3262426359338e-106,0.3082113808914812,9.07576490380143e-20,9.040111674872615e-19,6.14729866461891e-22,capture_only,0.07640713645147154,0.2926766069816892,0.8421813879951671,95,TrialState.COMPLETE
capture_only_v2_trial_00069,1.5190915482864127,0.6728437123500034,0.2416234439208025,0.0,0.1215883266903521,0.7904589343374937,0.052281970527687904,0.18388243761632353,0.593729431343285,1.5188323233599516e-07,850115.3312075998,35603962331254.79,5.6396476965233754e+19,0.03,1.6180461408972946,0.15599240956023402,0.24644192225140107,1.9377073842514734,14.976571541809195,0.1439463461108429,2.2979608009810493,0.08467008250137449,90.5878222566936,7.379799266213977e+18,1.774575631467401e+19,1.7508557445161408e+18,-1.005844148057207,3.582196575923586,1.560652821296055,3.902489913802793e-05,0.012942419025814143,0.012942419025814143,12.0,22,0,4.2934800659537927e-19,3.24435427305489e-105,6.238904004069479e-88,3.3295875785017073e-106,0.10262712694956588,1.0433348238568245e-19,8.63521273714129e-19,6.156844749169196e-22,capture_only,0.10687081254816214,0.30670628997540655,0.8320417922214196,69,TrialState.COMPLETE
capture_only_v2_trial_00083,1.5199255924556203,0.7946679495206026,0.2552094431480823,0.0,0.1383291088193624,0.6015489430536665,0.007080133179581378,0.11155284418660003,0.5474108685874499,1.211806779477643e-07,676145.8267260599,38772136481641.164,5.082181108691709e+19,0.03,1.5749664857061807,0.23179226632163324,0.307119352602099,1.5802677481534948,13.581998492604486,0.13217219989132034,2.201158265739352,0.2210207157426342,88.04988152474196,7.697972101377061e+18,1.7654914241824287e+19,1.8976679924953702e+18,-0.9686453798157348,3.2228482842341797,2.069571027077089,3.1107808880004954e-05,0.009919029311424675,0.009919029311424675,12.0,22,0,4.2934800659537927e-19,3.079834311507473e-105,1.1331689907737885e-87,5.930647930249411e-106,0.19256386319517826,9.402035051079662e-20,8.242876221213313e-19,6.149654708218622e-22,capture_only,0.1736669697861769,0.26137097479409377,0.8438793134930873,83,TrialState.COMPLETE
capture_only_v2_trial_00073,1.5276764701796868,0.7730341358728501,0.2636698072505433,0.0,0.13795620164933406,0.629139060496752,0.0317092332174942,0.12666545875225765,0.5136571995690258,1.8781406121322302e-07,759501.9038149089,35441164635744.67,5.378723724764476e+19,0.03,1.6267949143708218,0.21480448963627394,0.22936515373051852,1.725637054275304,13.475053815653041,0.17178288538571282,2.2112460575791886,0.1754802492494064,87.29090409637888,7.936727828285563e+18,1.7883267720431192e+19,2.0168495014735882e+18,-0.9477733860727618,3.2849553365730166,1.8078361186439629,4.1037141604109555e-05,0.012788964386337158,0.012788964386337158,12.0,22,0,4.2934800659537927e-19,3.1684138499493606e-105,9.629064807404452e-88,5.09237324798412e-106,0.1607231090744509,9.950638890814281e-20,8.60337641047785e-19,6.153525913285713e-22,capture_only,0.15833665877654945,0.27964924198714236,0.8098975681515165,73,TrialState.COMPLETE
capture_only_v2_trial_00081,1.5308205224678646,0.7275647699409244,0.25895122839653717,0.0,0.11960245573810441,0.7213406333829803,0.02646606155179316,0.15418748761139764,0.5605698661141886,1.5510153537205318e-07,667645.4223389159,37998410927524.555,5.314177617551134e+19,0.03,1.6344820830402724,0.16736282271944858,0.22813546544349192,1.5473126703170315,13.89703164255411,0.15185101752827446,2.249109653799454,0.1285393643447307,91.3566903185378,7.04207989253003e+18,1.6122278739551066e+19,1.7722084587877768e+18,-0.958911620316295,3.422032687544199,1.7378605215959013,3.661918217845901e-05,0.012265969304896719,0.012265969304896719,12.0,22,0,4.2934800659537927e-19,3.1493455691100495e-105,6.085405056122483e-88,3.211026612016735e-106,0.10195853524337488,9.831228592469598e-20,8.624512940558521e-19,6.152692569302393e-22,capture_only,0.13554128740872623,0.29898716270054204,0.8300581790215183,81,TrialState.COMPLETE
capture_only_v2_trial_00063,1.5328041383309001,0.7291524402433303,0.2501216155947879,0.0,0.12428716276616865,0.7295022440751144,0.06280051693682732,0.1844855988132461,0.5636997850071134,1.871198711938824e-07,652552.2054199314,43063200351779.3,5.777906654397029e+19,0.03,1.926793386669421,0.5934633171060993,0.2632817796832535,2.971035034021807,14.971143074714202,0.10235274747580236,2.207047118580056,0.0753064020270914,89.868540615384,7.259386645788466e+18,1.7033785795710673e+19,1.7781292372082404e+18,-0.9813478585955668,3.3852347857452445,1.1404949804425768,2.5431386730754846e-05,0.00797680263368091,0.00797680263368091,12.0,22,0,4.2934800659537927e-19,3.2838820128955643e-105,3.305485907257942e-87,1.7725313819721996e-105,0.5397670729373341,1.0689127310634503e-19,1.0332222978016563e-18,6.1585722360070545e-22,capture_only,0.10271794839965283,0.24054073243184726,0.7177177820192043,63,TrialState.COMPLETE
capture_only_v2_trial_00070,1.542671116760299,0.7104347393977717,0.4054611255763034,0.026985538819206196,0.18032021427817543,0.5382203811171096,0.05114020568005599,0.13684408718568497,0.2426938243800865,1.486017613888968e-07,851921.150446742,37447740967303.1,5.6248404749848986e+19,0.03,1.520674610099029,0.15607900216806547,0.2400801247232237,1.4480463778997066,9.863494827509365,0.17532021378174795,2.3348935332070537,0.1624832172995258,76.6318915923292,1.2386535035789609e+19,2.324803468162268e+19,4.1032366874287334e+18,-0.7532596756955127,3.605718812487716,1.9044119582944954,4.358250441335774e-05,0.013675513209093677,0.013675513209093677,12.0,22,0,4.2934800659537927e-19,3.2400923537482627e-105,6.325066409967894e-88,3.3738382113735715e-106,0.10412784090770087,1.0405954878722063e-19,8.111393263053112e-19,6.156658489860268e-22,capture_only,0.15172206147471015,0.29921281131270777,0.8730647232670635,70,TrialState.COMPLETE
capture_only_v2_trial_00061,1.5484990734871602,0.6326979760994729,0.31480419366743795,0.0,0.12657733773110447,0.8346250858840264,0.11911389509225312,0.22690346432987624,0.3768573307621212,2.609170905310407e-07,646901.6918900901,43010235809108.36,6.577848996343734e+19,0.03,2.1387160561358636,0.43305060385192884,0.25071895590964244,3.686395113382297,12.52552054056683,0.1396278628697128,2.281557572876034,0.02840596646589844,85.81405055538632,8.619213084117684e+18,1.7159445202985419e+19,2.577582649127446e+18,-0.8232906425326048,3.8204362722963667,0.8218231474727007,3.782633536366518e-05,0.011920590950390228,0.011920590950390228,12.0,22,0,4.2934800659537927e-19,3.5038397396237516e-105,3.3529825431633578e-87,1.8476215088979382e-105,0.5273133608263542,1.2169020643235908e-19,1.1785142737468384e-18,6.168185082057443e-22,capture_only,0.07258319949825363,0.26374209989719327,0.7326291694267041,61,TrialState.COMPLETE
capture_only_v2_trial_00082,1.5489522403364178,0.8114401019479459,0.3051986052613082,0.0,0.14653358831949279,0.559554263974728,0.02694169986991333,0.10089218691193967,0.4017895388217382,1.6037325673400125e-07,678984.0336242596,35612932321522.625,5.320000880890618e+19,0.03,1.7228386020397515,0.1691700803458323,0.2183643077199007,1.2766422552710195,11.653672793408603,0.1573991325065677,2.1703542229470516,0.2369142462279858,84.53987491662262,8.575455717906076e+18,1.7381990300537655e+19,2.469401297628844e+18,-0.8475078312199043,3.2103185032618935,2.057290496585425,3.564143856319889e-05,0.010917703495677797,0.010917703495677797,12.0,22,0,4.2934800659537927e-19,3.1510706193981293e-105,7.852793893063536e-88,4.144453507119381e-106,0.13152524991366246,9.842001629647643e-20,9.092591227602883e-19,6.152767959438012e-22,capture_only,0.17844343940063384,0.29804099297942627,0.8393701425998161,82,TrialState.COMPLETE
capture_only_v2_trial_00066,1.550388023346868,0.6368904710714716,0.25764269122611966,0.0,0.10344893239652111,0.8950829678150293,0.059404487122617124,0.21252167945884348,0.5988801726843904,1.482855747823519e-07,728214.3869305905,37168127919390.76,5.732901651305121e+19,0.03,1.9447610329959042,0.15023861224747986,0.24755457175035728,2.091778641701388,14.935732323236666,0.14099093174183538,2.3006288718706527,0.04630479378890341,93.99452748836026,6.613787688141057e+18,1.53249529372048e+19,1.628105391722237e+18,-0.9737166349432673,3.7426724900582813,1.244314870712317,3.8237127968905444e-05,0.013405584174821513,0.013405584174821513,12.0,22,0,4.2934800659537927e-19,3.271067680019183e-105,6.382838272695171e-88,3.417414294162998e-106,0.10447397083948311,1.0605868054914475e-19,1.0412380619640995e-18,6.158012209264592e-22,capture_only,0.08188450253173704,0.3152658388639441,0.8109975104284126,66,TrialState.COMPLETE
capture_only_v2_trial_00050,1.5507106223172948,0.6036419559818551,0.2667482628836097,0.0,0.13001574937182944,0.9013171993110544,0.12498238620149935,0.230480344580383,0.5036694893343578,2.2097341978736465e-07,803777.4630459893,45366487672161.19,6.667336746357361e+19,0.03,2.352564513043497,0.1894224344430505,0.2689452618974724,2.427233238142349,14.93515152964559,0.08512345302862777,2.333421360968236,0.027193436918473046,86.06843147596128,8.737212426266849e+18,1.990506438789584e+19,2.1782263265431316e+18,-0.9608605840352125,3.9232237668150325,0.9428433398331205,2.7400517673455614e-05,0.008605851824653472,0.008605851824653472,12.0,22,0,4.2934800659537927e-19,3.527593060021162e-105,1.3994483883598261e-86,7.734663586657356e-105,2.192617871464731,1.233457298076112e-19,1.3002476708430922e-18,6.1692231770385195e-22,capture_only,0.07114217428309148,0.30673917136827294,0.7834992141174034,50,TrialState.COMPLETE
capture_only_v2_trial_00091,1.551012431992164,0.824444668719932,0.26763352646869076,0.0,0.14597999894003497,0.5756739216299062,0.04057235792608065,0.10128036448428439,0.4958163130801402,1.2328009515627435e-07,752538.0051617606,35039881072621.94,5.489621002482683e+19,0.03,1.5652295421285267,0.22128749167392014,0.3282393329036639,1.7204631252143268,13.343976148560401,0.13186734870383118,2.146970413535686,0.2578758120221657,85.65121697488831,8.157119718455751e+18,1.806517577962113e+19,2.0726383544412227e+18,-0.9403186611727494,3.118507790707513,2.2097832833993327,3.287312696493467e-05,0.009474954477881551,0.009474954477881551,12.0,22,0,4.2934800659537927e-19,3.2009100157191857e-105,8.435908217213423e-88,4.478674246980438e-106,0.13991878012772446,1.0155798854592964e-19,8.309897476883209e-19,6.154946098170417e-22,capture_only,0.17850701595129465,0.26388722120689634,0.8573129419778375,91,TrialState.COMPLETE
capture_only_v2_trial_00074,1.552675894568737,0.6610659872272253,0.42856179306134035,0.06953118273322725,0.17114503772758125,0.5688886240838427,0.020846038654867633,0.15978006552928878,0.19072141584516988,1.920805079437483e-07,840142.9432592174,34431971557793.105,5.2458521112807055e+19,0.03,1.6496331751290767,0.16927179034801326,0.22753158811104607,1.86519685304001,8.63669014178331,0.17387632867441072,2.4221145657789838,0.10886165813549012,77.89905786200467,1.2232337538906077e+19,2.1547455316521996e+19,4.5063770864885975e+18,-0.6795684587956946,3.8708136696726223,1.6233687559995114,3.898385273276979e-05,0.013888732279383703,0.013888732279383703,12.0,22,0,4.2934800659537927e-19,3.1290341696679403e-105,8.898796806677351e-88,4.684293452343325e-106,0.14970413227671567,9.704826405869306e-20,8.683607513351822e-19,6.151804897117336e-22,capture_only,0.13072198958612294,0.29852817189289516,0.8596981583078062,74,TrialState.COMPLETE
capture_only_v2_trial_00071,1.5588757553007715,0.7454819638961101,0.3970462222898414,0.02803904092587834,0.1793988086579655,0.5157998186184222,0.051697902422358895,0.11945688706913792,0.2454917093516328,1.4947136054058393e-07,838701.1504308182,35988995518790.04,5.6320682210271085e+19,0.03,1.5375803092385019,0.1561121533121455,0.247391045358621,1.420813260279618,9.866162793876107,0.14384045382283372,2.2844527150276916,0.2006146366897114,76.95914160789229,1.1965005949927512e+19,2.232233635536582e+19,3.95644097795852e+18,-0.7514349565208757,3.472471680281744,2.0421553036883324,3.5316848982200844e-05,0.010704465329831808,0.010704465329831808,12.0,22,0,4.2934800659537927e-19,3.2421733946761818e-105,6.972821690004103e-88,3.7202881307947573e-106,0.1147467355356029,1.0419326208900151e-19,8.203625488952329e-19,6.156749437909069e-22,capture_only,0.16602471947711447,0.2986696516572316,0.8771516965727566,71,TrialState.COMPLETE
capture_only_v2_trial_00088,1.5660513076425637,0.7226518433186534,0.426876649640702,0.08319878113641731,0.1717549150011272,0.49119501782495145,0.007980241373366333,0.13362598530696485,0.17758803855423158,9.90741835868684e-08,833157.6571730049,31058982165253.516,4.908963047805428e+19,0.03,1.197691863328492,0.26731741113738566,0.2950974912078639,2.278626301234967,8.16709179750863,0.19134392154544064,2.3607068301592373,0.16180806722830063,78.36571862504627,1.171049049142621e+19,2.014134887069283e+19,4.4482897473516303e+18,-0.6558954839439222,3.6426312279270707,1.811297843233145,3.941389751062746e-05,0.013890777580132336,0.013890777580132336,12.0,22,0,4.2934800659537927e-19,3.0268936741442468e-105,7.107990944767028e-88,3.6973197435356733e-106,0.12214897983098026,9.081581638440041e-20,6.229959783807242e-19,6.147341035476354e-22,capture_only,0.15621239216961497,0.25129049682335736,0.8405954639967266,88,TrialState.COMPLETE
capture_only_v2_trial_00076,1.5668168984178052,0.8554302327803288,0.3720121947253347,0.0,0.19530059385835338,0.41662084623344214,0.048073379162041165,0.06530788322251946,0.3067471124972091,9.72310998722862e-08,899853.4484252846,34907628614653.316,5.585259854544145e+19,0.03,1.122386392333985,0.20959839955312537,0.3663877030318045,1.5496898382871411,10.884619937474511,0.2838067345582955,2.1400046832001625,0.3674900371869674,75.02384952210016,1.2098403965859068e+19,2.3638877322574733e+19,3.547013496256226e+18,-0.8237640058708686,3.093762057341158,2.5008036263881395,7.23501001645082e-05,0.019331573960548475,0.019331573960548475,12.0,22,0,4.2934800659537927e-19,3.2286723614481107e-105,9.407110961326211e-88,5.010935784258394e-106,0.1552011236597234,1.0332730730906669e-19,5.978675238585841e-19,6.156159400196491e-22,capture_only,0.193174897892236,0.2549219283411567,0.8954886051041869,76,TrialState.COMPLETE
capture_only_v2_trial_00092,1.5686816058803847,0.8562587472712216,0.35750062758075235,0.002467385907040773,0.18010530368971744,0.44373589047016776,0.033867663819785516,0.057917064072726294,0.3070451030690465,1.9802394829203753e-07,706274.4571008625,38396451005019.34,5.405522360055828e+19,0.03,1.265591037718214,0.17619507643334445,0.2846547077096257,1.3331540369450028,10.461705601036526,0.15877839338312616,2.1358718302342985,0.3460068784649996,77.73562045792201,1.0854913592641503e+19,2.0659597392530526e+19,3.306705301216957e+18,-0.795726362247126,3.1084753191645467,2.3348397722396363,3.668340024462231e-05,0.010286481742567884,0.010286481742567884,12.0,22,0,4.2934800659537927e-19,3.1762971018697477e-105,1.045065746363377e-87,5.53205730766598e-106,0.17416687199725425,1.0000216366103281e-19,6.699408312911258e-19,6.153870436245713e-22,capture_only,0.2011699402429614,0.27776480970133094,0.8719562415155142,92,TrialState.COMPLETE
capture_only_v2_trial_00090,1.5780647371017857,0.9369937684381785,0.2851021259372529,0.0,0.18774137803179172,0.3965739377450608,0.003754802603445289,0.016655624456677686,0.4851999307716064,1.374985438200654e-07,808299.6325408921,36487006772943.26,5.0434161748174e+19,0.03,1.8264201176310413,0.19354607902827972,0.3508808757308327,1.1217055187420657,12.9693704670432,0.22051538323939934,2.0230012666112263,0.5102924047068292,78.2315089950004,1.0087009347712733e+19,2.18609084636138e+19,2.406581789290887e+18,-0.9582675797101715,2.8421217263826204,2.7800994276122295,5.3189318644781156e-05,0.014459748180425246,0.014459748180425246,12.0,22,0,4.2934800659537927e-19,3.068065928228398e-105,1.0626008321708897e-87,5.553696062495468e-106,0.1810161904083448,9.33031992341219e-20,9.545806768311231e-19,6.149140392770801e-22,capture_only,0.20099075377589232,0.27014357290181434,0.9081670862475232,90,TrialState.COMPLETE
capture_only_v2_trial_00046,1.583227532303766,0.6650251679939347,0.3140988124081408,0.0,0.11192687439206694,0.8506897345849698,0.12100160184418011,0.22575931440816935,0.38811438512520813,2.783767465898369e-07,529007.661683666,44238136712468.94,6.6065025381964866e+19,0.03,2.2774464484300885,0.5213712301985494,0.21192796443558448,3.5246541185681393,12.584933172617081,0.08864638127719511,2.2120351994832457,0.02898545427314159,89.04432178478429,7.479709535610021e+18,1.4612663013014358e+19,2.2870953024498427e+18,-0.805445107131383,3.678110588387065,0.7652873556309878,2.2611096074353088e-05,0.00705466422396403,0.00705466422396403,12.0,22,0,4.2934800659537927e-19,3.5114629247814056e-105,6.932272803662666e-87,3.823621950075983e-105,1.0888971440055883,1.2222029695663502e-19,1.256167273991144e-18,6.168518239280078e-22,capture_only,0.07270463422561603,0.26736321361660703,0.7162363368014183,46,TrialState.COMPLETE
capture_only_v2_trial_00094,1.5873154351874033,0.916982838303241,0.2957772651283514,0.0,0.1583764786939848,0.4629406658821272,0.01713252872707345,0.06501578801598734,0.42485036658317615,1.4116765707414234e-07,768916.3309314869,29816192766882.375,5.201187774548644e+19,0.03,1.3504063166691944,0.27994779806304926,0.21260914976336998,1.6078985169592919,12.07496666620204,0.09508838088368296,2.025226285848778,0.3173946232777648,83.08657820209191,8.429315815648136e+18,1.7100582768450585e+19,2.3219136605050476e+18,-0.8671648442831545,2.900705767502246,1.97612182945093,2.0076503029487468e-05,0.005642141251172255,0.005642141251172255,12.0,22,0,4.2934800659537927e-19,3.1156850526104787e-105,1.2785988674881042e-87,6.719931817565481e-106,0.21568071560811908,9.622197382914991e-20,7.097330214169891e-19,6.151221498620312e-22,capture_only,0.1884481604067717,0.26196127617513254,0.7693071713431121,94,TrialState.COMPLETE
capture_only_v2_trial_00093,1.5888469504441927,0.8601307864321404,0.2764344891994373,0.0,0.16489851930071708,0.5369196836309627,0.07343134224449029,0.08783459561744682,0.46580107421565115,1.697717844078768e-07,865490.3582838397,33520114630300.824,5.921085694632416e+19,0.03,0.7028103072847484,0.19858241466065366,0.24069278680770542,1.811376104995912,13.477194577163996,0.18160047717506989,2.0885035049139025,0.27695346924933617,81.61340121552884,9.171960318413307e+18,2.0159299577480585e+19,2.283139632227706e+18,-0.9459429658603217,3.0237335329801573,2.0359592903376864,4.5891556170651124e-05,0.011970080731686572,0.011970080731686572,12.0,22,0,4.2934800659537927e-19,3.3243210342178283e-105,7.196005304209845e-88,3.877841568019506e-106,0.1166506341627115,1.095400853506997e-19,3.7873610549271545e-19,6.160339548718372e-22,capture_only,0.17636681159231254,0.2823789727301207,0.8138187765922259,93,TrialState.COMPLETE
capture_only_v2_trial_00059,1.5936967354759615,0.6250924622486516,0.35465627375145525,0.034495625424507646,0.133528193091501,0.8212349776382546,0.1306392729087534,0.22933267071804475,0.28361500903870385,1.8075279041640196e-07,648752.5175728247,40716013070210.92,6.7547499573680005e+19,0.03,2.297726609770081,0.36216707856831154,0.31557443363103527,3.688604951749167,11.060563651954274,0.10601547781739731,2.293302331755148,0.028321452114574146,83.71979585893335,9.330141306395566e+18,1.715039180070455e+19,3.119049174396728e+18,-0.7402518241258881,3.894517150399526,0.9073879429385243,2.9139199076610794e-05,0.009041705624886553,0.009041705624886553,12.0,22,0,4.2934800659537927e-19,3.5506423017616464e-105,4.588214565933121e-87,2.5432972573724605e-105,0.716292163846132,1.24962874211308e-19,1.273654860914617e-18,6.17023050156276e-22,capture_only,0.07173057720203531,0.2672100297933656,0.7585332434439132,59,TrialState.COMPLETE
capture_only_v2_trial_00044,1.6010428189267278,0.6320798090129457,0.3325530806520109,0.023360635890185003,0.11281992422998824,0.8841550668185306,0.11954728912988079,0.23627272440005959,0.3407343952911418,1.6627022112940347e-07,554131.8773653982,41611216593156.92,6.5844164835499475e+19,0.03,2.2477029763677985,0.47785900964285016,0.2971739713729114,4.229683235226105,11.676067488062587,0.20147243326102457,2.2539130457489995,0.020262790850582194,88.21868347164187,7.837306493325512e+18,1.4619975571132887e+19,2.5433636218367903e+18,-0.7595381917410826,3.869370964108755,0.7137606999131415,5.227620763444851e-05,0.017037918094942473,0.017037918094942473,12.0,22,0,4.2934800659537927e-19,3.505588463389494e-105,1.3997229639738958e-86,7.714709050612406e-105,2.200688737762785,1.2181170494567404e-19,1.2388433240848429e-18,6.168261506798662e-22,capture_only,0.06966779023138378,0.2586354780067166,0.72931552151354,44,TrialState.COMPLETE
capture_only_v2_trial_00077,1.6014397391766364,0.8678195432162104,0.3968173684185952,0.029692303174585547,0.19460801791691823,0.3877924295169895,0.022052435250607266,0.047076634847470177,0.24778646606409901,1.4711677144513622e-07,848139.4870240764,33017878023756.027,5.2604444590933656e+19,0.03,1.6880869810379737,0.1693884674881672,0.28594825837633336,1.2464603557856937,9.61595320349221,0.1734084018460694,2.1337921988976665,0.3918588486843632,74.99238378935007,1.207847312698626e+19,2.198001145397137e+19,3.921538581342371e+18,-0.7485714223078792,3.096399087685884,2.5185951283665875,3.987271750995497e-05,0.011264311757505554,0.011264311757505554,12.0,22,0,4.2934800659537927e-19,3.133383152926636e-105,7.94007517888146e-88,4.1817694531415414e-106,0.13345860525342054,9.731822249322726e-20,8.890584046768396e-19,6.151994961395429e-22,capture_only,0.20451593508456317,0.2861419060680178,0.8980125811760747,77,TrialState.COMPLETE
capture_only_v2_trial_00048,1.6093560665434445,0.6157455110862242,0.30075500810001765,0.0,0.11291171949996257,0.9676742441001643,0.141614594160726,0.24426902554201826,0.41913004259829717,2.645425079919812e-07,598833.6132512836,45297706902750.81,6.927628632011738e+19,0.03,2.2566708811024547,0.3448054634331716,0.20033596515581484,3.5291084335144016,13.417788371227564,0.07690332501957547,2.263909000943044,0.01245069037974857,88.44396995271407,7.812061827018135e+18,1.573460686900027e+19,2.257209993262904e+18,-0.84328393214791,3.9775226478648102,0.5162661239933689,2.215576433919349e-05,0.00712657064865828,0.00712657064865828,12.0,22,0,4.2934800659537927e-19,3.595792179279803e-105,7.6162061592212495e-87,4.246104517615711e-105,1.1808537050843018,1.2816112969221715e-19,1.2581146338087988e-18,6.17220369354029e-22,capture_only,0.06935907135386454,0.2891234723651634,0.7212867379856452,48,TrialState.COMPLETE
capture_only_v2_trial_00043,1.611571335597619,0.6429787435418219,0.32016202258351417,0.0,0.09403598209762992,0.9481338350500936,0.11391012461750857,0.23927676322734745,0.42154867200471074,1.2427814464466814e-07,522333.9231335672,39859826241339.28,6.499502706740301e+19,0.03,1.835563559247167,0.5138608674976328,0.33961577157373324,4.969474173452513,12.71625426445237,0.2031667166357043,2.2173849216824184,0.01794618304339024,93.11568675833581,6.556679098479888e+18,1.2685138776338395e+19,2.0073812485639608e+18,-0.8006653598144375,3.806445196387915,0.6837402372889575,5.240224701236678e-05,0.017413587245127305,0.017413587245127305,12.0,22,0,4.2934800659537927e-19,3.4829107739078182e-105,6.874572300352048e-87,3.778187986917634e-105,1.0847788623302903,1.2024080007469558e-19,1.0088051860937259e-18,6.16727042027941e-22,capture_only,0.06914661147830602,0.25192245270510744,0.7303358088167323,43,TrialState.COMPLETE
capture_only_v2_trial_00047,1.6134750668946463,0.6251118356493026,0.31748327601802695,0.0017725355540979286,0.1029498773703002,0.9609640360447513,0.12421516974791598,0.24357578799916474,0.3968603515526606,2.774196582723329e-07,512633.0896999004,44672831559319.445,6.655568752431764e+19,0.03,2.240262806791425,0.45657334278979866,0.20000555548531765,4.062203687427314,12.595341765066681,0.08262927078761588,2.2418600919880824,0.012522801737179314,90.59396746833247,7.19816931834485e+18,1.386276198219185e+19,2.2126865108693558e+18,-0.7969298783620802,3.935439929531584,0.49368730221439555,2.157792965740356e-05,0.007225873309006192,0.007225873309006192,12.0,22,0,4.2934800659537927e-19,3.524478545998036e-105,6.716875761977277e-87,3.710912845008335e-105,1.0528969879025056,1.2312802191998765e-19,1.2376914983268153e-18,6.169087062957549e-22,capture_only,0.0694203857183365,0.28059257671727683,0.7115700675579778,47,TrialState.COMPLETE
capture_only_v2_trial_00052,1.6152125064894862,0.7415405299381146,0.28290563451040035,0.0,0.11676017777786392,0.7883196668561807,0.14047687921104676,0.19006910915638547,0.46167997223868024,2.816868513617375e-07,587187.0502401238,42310180531076.53,6.909504174405946e+19,0.03,2.2429968852414954,0.3447374818892149,0.23467633125552426,2.5161679928357548,14.200001623511097,0.054280555215405965,2.1423519785428486,0.07621864964102028,89.40763071336127,7.156133876426111e+18,1.5222851159431115e+19,1.960091330333468e+18,-0.890219693357875,3.3274064323580053,1.2583051186918468,1.511887785380963e-05,0.004047960110687397,0.004047960110687397,12.0,22,0,4.2934800659537927e-19,3.5910853402758646e-105,1.0292375364230116e-86,5.734642240822058e-105,1.5969105987276613,1.2782582722651e-19,1.2497391738005603e-18,6.17199798983803e-22,capture_only,0.09803884996572981,0.2728715926326566,0.7602957765645877,52,TrialState.COMPLETE
capture_only_v2_trial_00049,1.6243278114174595,0.6450968644347274,0.28595139475536524,0.0,0.10130850631044055,0.9601609754850732,0.14343945864057636,0.23233681256412056,0.48988001915786394,2.9011695710788747e-07,628645.9335167954,40288114642746.16,6.956799117476609e+19,0.03,2.15939538141457,0.25361433866953226,0.23028224594475036,3.2595919902743673,14.49573999744615,0.07247449763105016,2.218551395016677,0.024875696010286358,92.06256903366405,6.787840288234771e+18,1.431403519906463e+19,1.8504831639080159e+18,-0.8884769426902863,3.740473101915515,0.8249031812655486,2.1303701949443703e-05,0.006464441351218341,0.006464441351218341,12.0,22,0,4.2934800659537927e-19,3.603354710672514e-105,1.8667750645413808e-86,1.0417515664710856e-104,2.891060276096598,1.2870078367331728e-19,1.2050479803102115e-18,6.172534200002195e-22,capture_only,0.07025489135683018,0.29665447774346,0.7568300990695125,49,TrialState.COMPLETE
capture_only_v2_trial_00045,1.6250935209967148,0.6211825034307558,0.3217767390352462,0.008617993050990248,0.10689301506655377,0.9703130112764291,0.12600111490235552,0.24830345997900066,0.37739882361046984,1.6948748413586617e-07,521427.0610618129,44874076869607.72,6.68299473901055e+19,0.03,2.291332015224596,0.5102534732344142,0.20098457926465288,4.086137629522933,12.383254004857994,0.19128776199995765,2.2452311809267114,0.008758733604875849,89.46313926112582,7.485831635275751e+18,1.4242553269682393e+19,2.336224931563334e+18,-0.7850731981764094,3.999950849177199,0.38503164600057993,4.999672093853673e-05,0.017023172155573342,0.017023172155573342,12.0,22,0,4.2934800659537927e-19,3.5317328415403275e-105,6.958035917845104e-87,3.847678423652743e-105,1.089459083200251,1.236354026716952e-19,1.267068589541693e-18,6.16940409854111e-22,capture_only,0.07010834986704474,0.2737632471508508,0.6978894776701585,45,TrialState.COMPLETE
capture_only_v2_trial_00051,1.6287984563921802,0.5942097487911254,0.3314450743577804,0.0,0.14079462887789923,0.9778884628799213,0.12471880205769367,0.25139162150606337,0.3750532562815638,2.2453687653758467e-07,805404.1703375813,45497313542135.19,6.663291401268671e+19,0.03,2.47184187686589,0.1930719471434918,0.2890937196621108,3.652181830459383,12.700960951882045,0.09129607252542293,2.417986477147395,0.006529522918321509,82.2293991031801,1.0382068942139863e+19,2.1079249876614246e+19,2.9765795191477745e+18,-0.8501376628753148,4.444083678194756,0.38204844147418476,2.9081559188127523e-05,0.01011487883955186,0.01011487883955186,12.0,22,0,4.2934800659537927e-19,3.5265227303634505e-105,1.3939722826127185e-86,7.703354259892748e-105,2.184405106357793,1.2327089092347042e-19,1.3659865328345523e-18,6.169176400258382e-22,capture_only,0.07083598626309869,0.3155123208160837,0.7481750098901909,51,TrialState.COMPLETE
capture_only_v2_trial_00060,1.6305022553670485,0.6504448196639954,0.3932535121956684,0.052408458526570355,0.15766386485572673,0.7394630240496839,0.16603345391590438,0.21873889288575402,0.21321905342126277,1.6734055482855914e-07,714315.2424770413,41070434790834.81,7.328303685847753e+19,0.03,2.4940402214005304,0.3637076540130779,0.3055263570622191,3.1142769414867,10.571437671889374,0.06205010312892817,2.265548928765091,0.04267005743763354,78.95949238333226,1.098681454320569e+19,1.9675928468794683e+19,3.843344796823035e+18,-0.7092258870856138,3.756761983315908,1.082028730935652,1.819513296722291e-05,0.004994794172039475,0.004994794172039475,12.0,22,0,4.2934800659537927e-19,3.698315974364918e-105,4.795742953461992e-87,2.70921890131407e-105,0.732554741156021,1.3557361818818343e-19,1.408937254149144e-18,6.176684306580417e-22,capture_only,0.0769530835433239,0.2692270377267425,0.7646628782382907,60,TrialState.COMPLETE
capture_only_v2_trial_00075,1.6401723445702714,0.9830477011250134,0.268137677384823,0.0,0.16407356625972178,0.4462640384657189,0.035818130081583785,0.03808047551068992,0.4997195684055076,1.111424723147513e-07,761055.2783201667,30701917858644.71,5.429853776809408e+19,0.03,1.4592413201835122,0.21281591733872257,0.22532393525984076,1.1688939471305997,13.542544707791244,0.16846800981747323,1.9154987019484502,0.4247752247901612,82.64623080373192,8.100728884810748e+18,1.7217662969647497e+19,1.9937152937448072e+18,-0.9363110620438508,2.694158843942158,2.3274892104352607,3.836628634422535e-05,0.00976534051754601,0.00976534051754601,12.0,22,0,4.2934800659537927e-19,3.1834376731970146e-105,9.500696190468893e-88,5.033471705850654e-106,0.15811434752531892,1.0045229487097405e-19,7.731064913453841e-19,6.154182501722575e-22,capture_only,0.19091928483006007,0.2755404501733191,0.8060455999359282,75,TrialState.COMPLETE
capture_only_v2_trial_00053,1.6530796560982246,0.5892481421416094,0.4049391743554218,0.028263192451352483,0.16096384292356558,0.8990391591936882,0.12207253288883124,0.2494289147167482,0.25193538646848984,2.3039218083031544e-07,773739.2200144035,47376255854654.086,6.622813680577313e+19,0.03,2.471996863954904,0.18888239449847355,0.31746608035137175,3.4403524624943076,10.702876748673722,0.09205677972511227,2.462096969711694,0.008151400637135459,77.95830518823945,1.240593145650821e+19,2.3001942247630463e+19,4.0805414523700946e+18,-0.7510467146901604,4.556343682513618,0.45770586829846427,2.8353112293845054e-05,0.009883761397633795,0.009883761397633795,12.0,22,0,4.2934800659537927e-19,3.515795070425699e-105,1.9630455767990882e-86,1.083346079634568e-104,3.0813686746064937,1.2252205309068029e-19,1.364221056854545e-18,6.1687075677013425e-22,capture_only,0.07020611372558437,0.31109236950290114,0.7716346448879122,53,TrialState.COMPLETE
capture_only_v2_trial_00057,1.6618453580863166,0.6137024265658215,0.3126066520073618,0.0,0.11328162079592698,1.0570812045603233,0.1052643872646672,0.25480981746501463,0.4014721431369844,2.1792517070607724e-07,591712.6615413929,46977885850152.13,6.3713929641761825e+19,0.03,1.8209323450581647,0.26419289523273115,0.20491753294774112,4.274520617382912,12.45240292851668,0.10560054359298504,2.366365558565314,0.0034247279117808646,87.99394495336067,8.291533524316161e+18,1.6278826804362152e+19,2.466780273629707e+18,-0.819492635797287,4.426614512757034,0.20165763224916045,2.9570467374189097e-05,0.01103496500051014,0.01103496500051014,12.0,22,0,4.2934800659537927e-19,3.4484146389417512e-105,1.0135283387526143e-86,5.546217374120105e-105,1.60833831044811,1.1787076983725939e-19,9.964483698293444e-19,6.165762830436149e-22,capture_only,0.0724193491956427,0.30145645688925343,0.7119237415451619,57,TrialState.COMPLETE
capture_only_v2_trial_00062,1.6867243555555795,0.6946726281756569,0.4277230241725989,0.10487472587172435,0.16129494913434927,0.6563392705644544,0.1518617943164727,0.1923077187216241,0.1316440748934777,2.402797710000017e-07,646610.342088138,38494912494499.625,7.093030031843938e+19,0.03,2.0980117766120467,0.4179364067167904,0.34994468234651427,3.677847951859691,8.862523950833634,0.1337841598171863,2.238237396545927,0.07511767354438069,78.53400409765577,1.1031747580775008e+19,1.8222644147786527e+19,4.38793057853231e+18,-0.6183516463603153,3.603953091743585,1.316444315016592,3.52329176070897e-05,0.009402281751015247,0.009402281751015247,12.0,22,0,4.2934800659537927e-19,3.6384648490023645e-105,3.90331506142232e-87,2.188077663392113e-105,0.6013738634831295,1.3122105558911287e-19,1.1760804940674352e-18,6.17406862372803e-22,capture_only,0.09786541728393286,0.24900820522101985,0.7785971048512924,62,TrialState.COMPLETE
capture_only_v2_trial_00042,1.7052077563458283,0.8210961749475796,0.34846279592535817,0.035976593990012316,0.09950405800218219,0.7302870575537245,0.11604655116569076,0.16782551988940866,0.3503702316914327,1.3317355609803485e-07,531433.1380732147,30223878453671.004,6.531554507535513e+19,0.03,1.7832450143566938,0.5045294727751246,0.3887476720138598,4.222836887931984,11.49235921961903,0.23146025313239418,2.047761073747955,0.11943417512417354,92.7183404195305,6.133293183313903e+18,1.1233882330890965e+19,2.0551482672995523e+18,-0.7376867113260216,3.1110935380071822,1.5209054364772603,5.44904953204622e-05,0.014522662050944726,0.014522662050944726,12.0,22,0,4.2934800659537927e-19,3.491488066475997e-105,6.252691762559277e-87,3.4401169898306973e-105,0.9852867672272615,1.20833758389407e-19,9.811088893990862e-19,6.1676452750036045e-22,capture_only,0.12003464448242991,0.23645235290599018,0.774882929327892,42,TrialState.COMPLETE
capture_only_v2_trial_00086,1.7506544234148296,0.9456621515091882,0.49084494395519007,0.12623708398448025,0.22224441798737024,0.2698449961131497,0.01149606799315508,0.00907801476353007,0.08308528982868096,1.204528728688607e-07,792625.7599243554,32239944022593.508,5.134120674929144e+19,0.03,0.958985060020374,0.3045147469091494,0.4688704885243277,1.9681193496427036,7.153071870217638,0.1257540425781605,2.032826727336868,0.5177013319222084,70.10309318927665,1.4086406273774936e+19,2.184263877558253e+19,5.727355580068556e+18,-0.5813509567395408,2.904977294369377,2.6064915928884282,2.678577530391953e-05,0.006841300487635852,0.006841300487635852,12.0,22,0,4.2934800659537927e-19,3.0955321606566387e-105,1.1649239516857183e-87,6.108036891752665e-106,0.1973178301742147,9.498123248618917e-20,5.02823906811075e-19,6.150340753712171e-22,capture_only,0.19889606691880823,0.221302205891848,0.8731762662605885,86,TrialState.COMPLETE
capture_only_v2_trial_00009,1.7522845265012104,0.9140547728801788,0.41554974885495516,0.14842820246282995,0.12715185244569516,0.4271237277065944,0.08254457459049895,0.06431692400564379,0.16312566127854297,1.2764129938377504e-07,359518.5028844376,35809264172359.15,4.134523166885594e+19,0.03,1.4010929879882044,0.7371769531151182,0.43090496015248636,2.842779569504831,6.8498336842486545,0.20074145771056537,2.0647664688047898,0.29566317622619204,88.09632664960507,7.209562803930607e+18,1.1002896744305756e+19,3.15169234114227e+18,-0.5429632210334805,3.0261692002875096,1.7985044274886706,3.0440170374077063e-05,0.010194483093360834,0.010194483093360834,12.0,22,0,4.2934800659537927e-19,2.7778897105988383e-105,2.407540307391324e-86,1.217822208534717e-104,4.383983294542631,7.648867858738349e-20,7.087242326767656e-19,6.13645877731201e-22,capture_only,0.1959756643284415,0.19249266312162555,0.7395062703147185,9,TrialState.COMPLETE
capture_only_v2_trial_00089,1.7667235777928025,1.2009914812283713,0.33108250406551204,0.0,0.2121803014653263,0.22442569699253903,0.01190414473538061,0.0,0.3960779552537597,1.1308385919286174e-07,621084.4482184801,33824683326291.133,5.138947123233207e+19,0.03,1.514594671190531,0.23199015388627103,0.36884481777771627,0.8564326795090507,11.748759158333984,0.2869338686452144,1.5901796200013376,0.8332453008561485,72.8316928201332,9.826443487859988e+18,1.7429390457913575e+19,2.7333924719913907e+18,-0.8045802051941657,2.1663496779124802,3.076460812566857,6.215685072673037e-05,0.012673759528425506,0.012673759528425506,12.0,22,0,4.2934800659537927e-19,3.0969868319888263e-105,1.6859783526824475e-87,8.841582865861623e-106,0.28548984369377267,9.507052177981433e-20,7.942815085506484e-19,6.150404327435076e-22,capture_only,0.09501282501671132,0.24575977996073833,0.8534175071041531,89,TrialState.COMPLETE
capture_only_v2_trial_00058,1.7703117622836948,0.6079744395526916,0.4287047946062261,0.13920276279347027,0.13192798768410208,0.9178261420847847,0.08533531749896965,0.25269040171754276,0.12736315010220484,1.5983517369785168e-08,417245.3825297322,49647190079027.57,6.085626884488672e+19,0.03,1.5992579496254997,0.1802767108020859,0.2500161897607128,1.6996172245216634,7.844022813823686,0.08032273366038356,2.3622393737333227,0.006241269478133053,83.54770866111292,9.6701155551261e+18,1.5021189431489698e+19,4.147730982386136e+18,-0.558893742287751,4.477940623271915,0.3863443738599756,1.9555335731124513e-05,0.007621481678030067,0.007621481678030067,12.0,22,0,4.2934800659537927e-19,3.3701943421828645e-105,7.239611380106559e-87,3.9233778270624656e-105,1.1641399363697542,1.1258409736304043e-19,8.666892254127753e-19,6.1623443568869655e-22,capture_only,0.07081281928884603,0.2967260554869468,0.7309069611296729,58,TrialState.COMPLETE
capture_only_v2_trial_00056,1.7897563233643057,0.9453998709919044,0.37716557720205957,0.08553679788344695,0.15011112732881515,0.5159252062249272,0.14418150792407275,0.09290476677010806,0.1961681468703362,2.5138861060893756e-07,479385.2964218144,37370091912455.164,6.96869588511427e+19,0.03,2.197005783489216,0.5504589561767269,0.3347777273881512,2.6296501102219865,9.715940172555205,0.07659570609933604,1.9176126174106658,0.25912879309650616,81.78808644846433,8.367623428024186e+18,1.397683626211407e+19,3.115752536958135e+18,-0.6518459201491199,2.7879732496727843,1.7586275561392357,1.820567964949391e-05,0.0038781090064462917,0.0038781090064462917,12.0,22,0,4.2934800659537927e-19,3.606434428906755e-105,5.38359269973234e-87,3.0054922693860017e-105,0.833369448033214,1.28920873874614e-19,1.2265199591346249e-18,6.172668793397502e-22,capture_only,0.17233284047650638,0.23126188539645373,0.7613534648964561,56,TrialState.COMPLETE
capture_only_v2_trial_00027,1.8260991152655637,0.7619356143260113,0.4705164279607886,0.21641352059609603,0.14206742447115145,0.6101172226909586,0.09851884252430188,0.18006323936021937,0.004244410321933856,1.2103725643397207e-07,463986.18051607825,33431952426972.793,6.273195855495442e+19,0.03,1.9927473322394977,0.7686023893950589,0.41840380276241085,4.781718044322532,6.064419489160434,0.2514644555457941,2.1510062182410765,0.09024242443159056,82.68648599116524,9.08342112775507e+18,1.2798885931678153e+19,4.67755501888815e+18,-0.43715326398130694,3.441013180510243,1.263230512215055,5.5772628039539e-05,0.014470028685786986,0.014470028685786986,12.0,22,0,4.2934800659537927e-19,3.421737644062602e-105,3.96262346916619e-87,2.161223280162323e-105,0.6316157183799515,1.1605412332666567e-19,1.0868486393998951e-18,6.164596961663659e-22,capture_only,0.10855136995216397,0.22900811384210742,0.7388872010151656,27,TrialState.COMPLETE
capture_only_v2_trial_00080,1.8616852403786712,1.2250991694475761,0.3544584534018755,0.027733070961851444,0.15037437045700858,0.31979721279259665,0.0012023577710349935,0.0,0.4382818747744746,1.769928931854179e-07,731450.5236535772,16783597913309.717,5.013861835006701e+19,0.03,1.4250436251942784,0.20807528803136072,0.2666237118460279,1.7017001975878503,11.45529410916329,0.21828124804683924,1.5411911284603472,0.7282431539651522,85.01769221554935,5.987423191570141e+18,1.0270867591643259e+19,1.8182023654630692e+18,-0.7519649120441603,2.1187775403117115,2.7688402993422163,3.970829997636771e-05,0.008545168032649774,0.008545168032649774,12.0,22,0,4.2934800659537927e-19,3.05906331090227e-105,1.2754537387683442e-87,6.659200734726655e-106,0.21768757485318357,9.275644394762397e-20,7.440216189318682e-19,6.148746950013896e-22,capture_only,0.12956851789849694,0.2725524499430992,0.8201642290177827,80,TrialState.COMPLETE
capture_only_v2_trial_00054,1.8793873034645006,1.2908912120415053,0.3153437009725741,0.0,0.24969060294223255,0.197055651253341,0.08244702165190601,0.0,0.48965574329580214,1.9075350715249264e-07,698589.8619471382,39036593269263.805,6.045288422201455e+19,0.03,0.44174437956452917,0.322904007513686,0.2735518038699975,1.0350129361535845,14.712222816469229,0.06339307500961856,1.4367871997419759,0.7035336117532961,66.69256888832575,1.156302601602792e+19,2.201272590761496e+19,2.6536055704544614e+18,-0.9188374558008016,1.943377150290509,2.426508053636454,1.4434918772141125e-05,0.002341174783463022,0.002341174783463022,12.0,22,0,4.2934800659537927e-19,3.3590061365428197e-105,6.913994210966634e-87,3.741755781452919e-105,1.1139472895706097,1.1183783581072692e-19,2.3906580418279245e-19,6.161855397030917e-22,capture_only,0.08740500007695456,0.25660234196494713,0.7795683400774154,54,TrialState.COMPLETE
capture_only_v2_trial_00041,1.8955637278039723,0.893608171942615,0.45272037208752275,0.20440960374401917,0.1352325147722321,0.5483830557247023,0.10977219868039614,0.1294788939918638,0.032740048317892845,1.3034469156591262e-07,516748.2535551334,25785804385450.582,6.437870004341814e+19,0.03,1.7762547892165355,0.7310519022169332,0.39355957376983974,4.852495472869407,6.481855171682583,0.700215913956564,1.9822019015623853,0.18147087822007751,84.38205124172573,7.876060505789442e+18,1.1191441061110133e+19,3.930786328408334e+18,-0.45440657500039433,2.9976842229367633,1.5484779782033444,0.0001502952501961357,0.03419429657440831,0.03419429657440831,12.0,22,0,4.2934800659537927e-19,3.466357775086507e-105,1.418016790683661e-86,7.777093260031217e-105,2.243592198106882,1.1910059508032357e-19,9.741844553655792e-19,6.166547002049424e-22,capture_only,0.14997785137895595,0.22594455169230185,0.7473833789938258,41,TrialState.COMPLETE
capture_only_v2_trial_00034,1.9040314096140933,1.0961327293818919,0.4072596930668512,0.1135899477777956,0.18550763879229656,0.36035825431077323,0.15692909488454082,0.01783195752423343,0.1353677793454915,1.307816900602442e-07,633092.9392374319,28268331773284.465,7.176275436066451e+19,0.03,1.7164891343046422,0.8933492794577603,0.8962364238556152,4.784054253619376,8.999939923598035,0.2543858053326824,1.7098388797303397,0.5208076098112722,75.30158240330913,9.559920285014264e+18,1.4902762779920679e+19,3.7154408289737846e+18,-0.6032564392197626,2.3986540029795216,2.379013277884411,6.53999916780016e-05,0.011043451055637723,0.011043451055637723,12.0,22,0,4.2934800659537927e-19,3.659753492190852e-105,5.745243053621325e-87,3.229453414577047e-105,0.8824237538041905,1.3276109556722935e-19,9.648541661558557e-19,6.174999004545456e-22,capture_only,0.17204406291406246,0.20989970141347294,0.794000846718154,34,TrialState.COMPLETE
capture_only_v2_trial_00022,1.9172675767194358,0.8628816879633294,0.49146884981646166,0.25280745509647307,0.08183412788282289,0.5897853789372026,0.053814913688488134,0.1160323732472781,0.047958851452395,6.678821399485437e-08,302231.50476832816,27334749165432.695,4.41728164476053e+19,0.03,1.399429468853835,0.3949976331874446,0.3915075217933143,2.8910385232539446,4.982449538071533,0.5376837021715233,2.078986778932638,0.2133447722156007,97.21452461939636,5.402187426570962e+18,7.25394360088123e+18,2.990923665472177e+18,-0.38476884555174806,3.1733514624046597,1.9304107493467468,7.95339387013655e-05,0.027471615998872094,0.027471615998872094,12.0,22,0,4.2934800659537927e-19,2.8713083213488325e-105,2.3514792008345495e-86,1.2017651067986378e-104,4.185426893598434,8.171971042806981e-20,7.152032237824673e-19,6.140541465093607e-22,capture_only,0.17199799113808412,0.21989525615958871,0.8021476594585862,22,TrialState.COMPLETE
capture_only_v2_trial_00026,1.9178576682075534,0.8933342528794427,0.4587778005821128,0.2185053279808186,0.12206732119937626,0.5736734887213832,0.0968298339820603,0.13159830626068916,0.030413660614957885,1.3456605828785413e-07,443662.8540064892,26579171326494.645,6.248846237568844e+19,0.03,2.0222584639628094,0.7507923094024369,0.4232168783236008,4.912563846897718,6.190761401993974,0.715817154645898,1.9780894330502965,0.17671238388653648,87.11147922655206,7.143830608326317e+18,9.974211405658323e+18,3.6760993760255667e+18,-0.43349132579013205,3.0013133072076292,1.5544530237123717,0.00014913855138791346,0.03460660472742931,0.03460660472742931,12.0,22,0,4.2934800659537927e-19,3.4150903932918386e-105,9.1082640455933e-87,4.9635636294934985e-105,1.4534208638351946,1.156036553950236e-19,1.1020331109106921e-18,6.164306455850255e-22,capture_only,0.1500153856205076,0.2284942294493552,0.7516177375457246,26,TrialState.COMPLETE
capture_only_v2_trial_00031,1.9302147802360767,0.8899157558828302,0.47210225012702933,0.23884508655584585,0.13211719253438803,0.5473547500273135,0.09416429363787528,0.12841914666491935,0.0,1.3926209386850903e-07,447029.1988955512,27370905707096.973,6.2106105680986325e+19,0.03,2.053652050414296,0.7829251141709863,0.42296193098803636,4.804519701498039,5.673699636781713,0.45000636747789785,1.9909962988978398,0.18022507152587444,85.12864107904437,7.704682401962274e+18,1.0506167044313086e+19,4.1415922648265303e+18,-0.4042769607985511,3.0248151753431505,1.5434591996291942,9.356801300353107e-05,0.021524494553921605,0.021524494553921605,12.0,22,0,4.2934800659537927e-19,3.4046261713582545e-105,8.678494080269493e-87,4.7232209540404136e-105,1.3872950263306334,1.148962955098247e-19,1.1176884269446495e-18,6.163849136364457e-22,capture_only,0.15223238053204532,0.2273904275427314,0.7461519308626231,31,TrialState.COMPLETE
capture_only_v2_trial_00028,1.9359229511338603,0.7517795396228241,0.6287933497736073,0.3216388287216036,0.2192650602099356,0.4104248363688339,0.04152978524762576,0.1562403711055095,0.0,2.6001642553655447e-07,555869.6138731708,39521520780781.03,5.50173653950655e+19,0.03,2.032858599990137,1.179043960530215,0.2510905569183325,3.8840209230954543,3.647761414606946,0.24947504119166397,2.2651409491767867,0.09857553899296737,70.18563819142497,1.5640904424076743e+19,1.9734966488902574e+19,1.0066362859017023e+19,-0.2923638120554639,3.639620145936321,1.00233540083623,4.4772650153511205e-05,0.013045840119130027,0.013045840119130027,12.0,22,0,4.2934800659537927e-19,3.2044402567131974e-105,2.106519667663451e-87,1.118836070360568e-105,0.34915179586095985,1.0178212598087118e-19,1.0797124577215325e-18,6.1551003808305495e-22,capture_only,0.12131805179931766,0.23513694449506425,0.6738132179303343,28,TrialState.COMPLETE
capture_only_v2_trial_00032,1.9662447189631163,0.8522860222749341,0.5083007874055181,0.28135878120450325,0.15310809321848048,0.5344462712241504,0.1122332520039846,0.14625763481313697,0.0,1.0479086544568645e-07,429077.36577382265,31793230006801.36,6.47445559097385e+19,0.03,1.8941152348437305,0.7141057738424553,0.38357856831423914,3.7938476274197734,4.768394225778931,0.6452377095191895,2.0395229338491205,0.15251029772352453,81.01087925123277,9.158196265207956e+18,1.1930698292658815e+19,5.382741868144398e+18,-0.3456623097418254,3.1614598587799234,1.468791844317482,0.0001389260349720068,0.03155625817544533,0.03155625817544533,12.0,22,0,4.2934800659537927e-19,3.4761932539870953e-105,8.506939915164814e-87,4.671377081675301e-105,1.3438197304817168,1.1977742843301622e-19,1.040106852327475e-18,6.166976843482637e-22,capture_only,0.1375944069631143,0.21516570435155355,0.7416031763185075,32,TrialState.COMPLETE
capture_only_v2_trial_00021,2.022031414219601,1.153619140949539,0.5299095864517828,0.02705333754192453,0.07735245300581346,0.5618834191524217,0.06260639417861774,0.0,0.5960348233470525,6.955969490089539e-08,263913.0702333253,24429719679564.406,4.328761019876577e+19,0.03,1.488983495947767,0.406754191832866,0.6839616167428144,2.674633731509989,11.67229206981934,0.9656496395899555,1.637651829141231,0.6552449518809093,109.6765787075785,2.9634068605331487e+18,5.22433560541005e+18,9.2233528392648e+17,-0.7531422448630762,2.2741998778007964,2.9936114265698905,0.00014961541146100337,0.042083733115445845,0.042083733115445845,12.0,22,0,4.2934800659537927e-19,2.842392766982177e-105,2.2403664337122144e-86,1.141310063794665e-104,4.015314410634446,8.008207886771668e-20,7.585329895938103e-19,6.139277764214702e-22,capture_only,0.1671099188266671,0.20843150442892702,0.8728832884805634,21,TrialState.COMPLETE
capture_only_v2_trial_00037,2.040381409563272,0.8502163766290124,0.6642977296745309,0.29793403840942434,0.2511179844178972,0.34758202985279335,0.1669235492191966,0.06424828044172536,0.0,2.074970867473985e-07,601137.964127064,44486592075764.41,7.343338594023862e+19,0.03,1.2821441881343,0.2882242518657764,1.1996265396373749,3.1764478013548443,4.0218526905125795,0.3578025433801343,2.1275947330350973,0.4431469410381529,64.61435998356299,1.882838874384312e+19,2.3987135254588465e+19,1.1405800651494515e+19,-0.32285260716996633,3.1553275291596323,3.001345009700245,0.00010603343550832812,0.020973700466009822,0.020973700466009822,12.0,22,0,4.2934800659537927e-19,3.7021078034953134e-105,5.9821810668244895e-87,3.3811273665660597e-105,0.9132979227060317,1.3585176398944147e-19,7.246676009901677e-19,6.176850021466736e-22,capture_only,0.18796738437829902,0.22474171357461828,1.0253332087430553,37,TrialState.COMPLETE
capture_only_v2_trial_00024,2.045370177725905,0.6698694506581447,0.5526226545322427,0.3573215484895759,0.07330528836557505,0.8923140635764962,0.009816368764361977,0.22542274926113376,0.0,5.560527588428373e-08,193597.46406550976,34616169956104.59,5.114302041499694e+19,0.03,2.446085124806426,0.22492863175174824,0.6054875523703257,3.41326907192533,3.360104324752629,0.3892275590293012,2.194534325281102,0.03781861426636564,101.91052808477569,4.949902136998377e+18,5.921112662268737e+18,3.3659189478861804e+18,-0.2452996707207661,3.9312338345998556,1.410638165773921,6.501471668233763e-05,0.025487042733031044,0.025487042733031044,12.0,22,0,4.2934800659537927e-19,3.089551726969751e-105,2.1927957355625707e-86,1.1489429425137585e-104,3.7188014445080935,9.461458776774434e-20,1.2816571080266201e-18,6.150079389907399e-22,capture_only,0.07334945146825518,0.27723728630794675,0.8746613065474212,24,TrialState.COMPLETE
capture_only_v2_trial_00014,2.0461972438640252,1.0753272903551083,0.5062915134055308,0.24268664749503563,0.0885338223879354,0.43821661070431117,0.092154347620579,0.03206216730871233,0.08798966148010247,6.741454228464573e-08,288968.7430553873,23858215306307.426,4.0440419938829574e+19,0.03,0.8531678012929471,0.4800136590098434,0.35191617819089765,2.489413568262863,5.249843534914396,1.0505640746043288,1.7841961452994672,0.44244533082136855,96.74779523520898,4.703604066592624e+18,6.258039308317898e+18,2.503682683719121e+18,-0.39785900110783423,2.57293874254481,2.1336992777777604,0.000140518562263623,0.04068995694737726,0.04068995694737726,12.0,22,0,4.2934800659537927e-19,2.7473254710923525e-105,2.7777801385270668e-86,1.400453366541416e-104,5.097515315448183,7.481477688683472e-20,4.301354534772526e-19,6.135123023695197e-22,capture_only,0.18710069893511322,0.20522897144966334,0.7595700248318836,14,TrialState.COMPLETE
capture_only_v2_trial_00013,2.0636149497520573,1.2181114910724562,0.5428648622639898,0.0,0.08992956669441857,0.5156910686032731,0.08955346356848481,0.0,0.7462478585609545,7.317839070813387e-08,264652.2392585053,24276051381806.688,4.068333443253632e+19,0.03,1.6089922111000867,0.4354214192922619,0.7139581500857175,2.4146930724815165,13.42213478096322,0.7724424652882976,1.5469258100966543,0.7720286269205632,110.1333066676746,2.764552488557761e+18,5.177146838303104e+18,7.516860743138243e+17,-0.8380539783476356,2.120855246943503,3.1196907881249754,0.00011686675071955282,0.0323230244727079,0.0323230244727079,12.0,22,0,4.2934800659537927e-19,2.755564332183199e-105,2.1673353553094576e-86,1.0936638082377057e-104,3.9689285982708653,7.52641687001922e-20,8.119170596768461e-19,6.135483087896965e-22,capture_only,0.13003825400750035,0.20339404876010225,0.8669069030026464,13,TrialState.COMPLETE
capture_only_v2_trial_00025,2.0808544338425508,1.2737050556796365,0.5067879796064152,0.07038003297904956,0.09074764106595205,0.42387723566873853,0.04559348404418204,0.0,0.5001184183628737,8.819356100034477e-08,334720.32252721785,19238634925993.605,4.5016996962356986e+19,0.03,1.5480289000724818,0.375504217501993,0.8056329997902443,2.8804156134985797,10.732284470724773,0.12167307507981692,1.4589067591549563,0.92532784517509,100.73253942868013,3.407450688843486e+18,5.495441342593676e+18,1.153199298682828e+18,-0.678098207041913,1.9954464025434697,3.458220421677152,1.9686536860650835e-05,0.0045661690229614185,0.0045661690229614185,12.0,22,0,4.2934800659537927e-19,2.8986150607599113e-105,5.341148267633126e-86,2.7380299040167923e-104,9.445993505943424,8.328144438036043e-20,7.935652051387346e-19,6.141734855687341e-22,capture_only,0.061960466750037746,0.22038182290651795,0.9049417896856171,25,TrialState.COMPLETE
capture_only_v2_trial_00097,2.13438793763856,0.6480097721901372,0.8649769700987859,0.4009352781969885,0.28381568421198244,0.4457777151500181,0.029051952260362796,0.20790770003022166,0.0,8.975254641704505e-08,821955.6516293695,47326565743260.086,4.676468917019067e+19,0.03,1.7219392108388678,0.15023655361897864,0.5385388562707437,2.0628911992566112,2.0445607371594297,0.1139078556098348,2.8532671321419607,0.045901997572704245,60.64137103324873,3.0545468411840225e+19,3.576574261607731e+19,2.312182915018213e+19,-0.1894450590645385,5.32760777700116,1.4586798005115726,2.4307925332441502e-05,0.011320398711061913,0.011320398711061913,12.0,22,0,4.2934800659537927e-19,2.954345684921107e-105,1.797203549304885e-87,9.271102422539848e-106,0.3138123771317378,8.651467496485275e-20,8.88284178787048e-19,6.144170459647804e-22,capture_only,0.08981008079081078,0.28532854481486797,1.1381526142546725,97,TrialState.COMPLETE
capture_only_v2_trial_00033,2.1754753781216514,1.3674734202119116,0.4498771817609864,0.20072368404303326,0.18612807672301176,0.222800622554886,0.06166979624776673,0.0,0.08568727752510995,2.0184185823170992e-07,496441.74931214907,21231518387966.35,5.7628829748728275e+19,0.03,2.2476897522962296,1.0461914367888985,0.48746652951570735,3.054152624352956,7.529970736180799,0.31488579756945745,1.3139321543963685,0.6466782180001566,76.32456179819368,7.054908293880584e+18,9.57000131041706e+18,3.3337980337143373e+18,-0.45797271114084837,1.7933421112285326,2.1156469610064352,5.948543323435347e-05,0.008547971650538472,0.008547971650538472,12.0,22,0,4.2934800659537927e-19,3.2796098684613685e-105,7.492353688568431e-87,4.015611934895561e-105,1.224417566708777,1.0661333503514732e-19,1.2046748152098733e-18,6.158385529827818e-22,capture_only,0.12571921590022223,0.20471247048182398,0.7809294465789696,33,TrialState.COMPLETE
capture_only_v2_trial_00023,2.18601315886384,1.405345460103283,0.49366701951556735,0.13338578218334066,0.12077797491998056,0.28523285414234323,0.043345102313981095,0.0,0.3954153427348198,1.1433062815356701e-07,230361.87982455918,28058842294864.734,4.52506583397871e+19,0.03,1.3739946429632397,0.3362818495344088,1.1494944768597264,1.720373193411723,9.400209321057838,0.5672196321676856,1.260169696982037,1.2806917567051328,90.92439959482724,4.002202850053022e+18,5.792955889417768e+18,1.56289993573158e+18,-0.5689690482511385,1.7085884527879716,4.1465259703328465,9.620964712875595e-05,0.01792672392109415,0.01792672392109415,12.0,22,0,4.2934800659537927e-19,2.9061279762176906e-105,1.0282737072543611e-86,5.275678815265942e-105,1.8153635553697154,8.371371792860614e-20,7.049440610054374e-19,6.14206319377648e-22,capture_only,0.0,0.20161176728711358,0.9859584838268795,23,TrialState.COMPLETE
capture_only_v2_trial_00087,2.2361649070102363,0.8583928547645934,0.8301075687712353,0.4609318137197218,0.30060278881153224,0.21307296162511496,0.028463083235247686,0.03126970485814984,0.0,8.119142964891061e-08,721369.4910884935,39505472516576.414,4.682814140450498e+19,0.03,1.3929135432774749,0.24509413064147678,0.3158557766733592,1.0286901979144363,1.232639533066589,0.11144963605322508,2.255547899000853,0.43027561225376604,59.612801285928306,2.541820358164975e+19,2.7684214357228495e+19,2.1411744688288236e+19,-0.11158014704408149,3.3674204754717283,2.4492629106699373,2.0438182541081714e-05,0.005795331117448024,0.005795331117448024,12.0,22,0,4.2934800659537927e-19,2.956349293763476e-105,1.3650815155440362e-87,7.043548534803895e-106,0.23825156755538027,8.663206159833422e-20,7.187156250482585e-19,6.144258023670371e-22,capture_only,0.21775574365231365,0.24279867091274882,0.9037317570676086,87,TrialState.COMPLETE
capture_only_v2_trial_00005,2.237567233153068,0.8257818373432874,0.6218158131446402,0.054051044822484844,0.08662868866703238,1.2252928220688843,0.15340983606870112,0.22263658580035706,0.5741941223322901,1.7740483971853137e-07,154604.79180633862,42390451465673.5,7.1183582365758595e+19,0.03,1.7762920350697655,0.16094511534947642,0.6891392012634807,3.6650639545829464,13.75757634448188,0.2035636001603206,1.8877775979359956,0.04912874929056917,125.6608551371987,2.2712355972686697e+18,3.974643258169467e+18,7.814789975287122e+17,-0.7063808441652736,3.1203427535326425,1.5370437010207587,4.938366490253863e-05,0.014136467394748305,0.014136467394748305,12.0,22,0,4.2934800659537927e-19,3.644955281154864e-105,1.5458225413605602e-86,8.672646211455634e-105,2.379355998218941,1.316896273766534e-19,9.965666805989082e-19,6.174352276073463e-22,capture_only,0.07301030433556399,0.30325867558582337,0.8976954881200698,5,TrialState.COMPLETE
capture_only_v2_trial_00017,2.268151416686368,1.4776074549270597,0.4611786303809881,0.21257545036999945,0.1945770126093689,0.14727466956877205,0.050705651803849144,0.0,0.16183372324981282,3.200899873074812e-08,347150.69441264245,26136809538073.02,4.449019943292735e+19,0.03,0.7680892866178702,0.2833735269399782,0.3119989168521824,0.596927753185567,7.4619618320765735,0.5606361100236759,1.1570586960959517,0.9816820300685332,75.57970502958322,6.398102649506231e+18,8.420182185507502e+18,3.05456165994505e+18,-0.4403725920241498,1.551399247188755,3.0418275717383736,8.531317609515986e-05,0.014345249188140658,0.014345249188140658,12.0,22,0,4.2934800659537927e-19,2.8816050761990977e-105,1.4981044267606608e-87,7.665124340295793e-106,0.2660019030229592,8.23068689509156e-20,3.929966283529088e-19,6.140991465739941e-22,capture_only,0.0,0.2373414076191757,0.7922091408120401,17,TrialState.COMPLETE
capture_only_v2_trial_00064,2.281600828858184,0.6649035891842383,0.9396717257595802,0.5245369321101246,0.32048044716608143,0.34529533084916564,0.06516763768513958,0.1636278894197344,0.0,1.8566907830869135e-07,803894.3711272259,42458898253589.99,5.809485097912413e+19,0.03,2.293046666808456,0.666745137309554,0.2734928831026837,2.745259318261964,0.36888383734988434,0.10860687261487911,2.5068973484196526,0.08886727973901974,56.68735852580655,3.2854077710759297e+19,3.3720540368572015e+19,3.1381643976308097e+19,-0.031218834497903324,4.2935529095641,1.1207241919271624,2.117186614358883e-05,0.005893791214804073,0.005893791214804073,12.0,22,0,4.2934800659537927e-19,3.2928436130877868e-105,3.094705568878671e-87,1.66131061586698e-105,0.5045215658781697,1.0747547431137965e-19,1.2309612935577563e-18,6.158963886185906e-22,capture_only,0.12356183176608643,0.23173993423888936,0.7658423047860076,64,TrialState.COMPLETE
capture_only_v2_trial_00040,2.31151076689715,1.1936395718500137,0.5874551780284896,0.388719304193015,0.22030056848948482,0.25858817730508327,0.07431424313647508,0.0,0.0,6.212446237113008e-08,385324.6682748751,33839855412917.84,5.93313523597466e+19,0.03,1.205266086444252,0.8974519652265978,2.11877512447686,4.0597026248275565,2.739664737784321,0.46434311442538273,1.5843846903237553,0.9498075204233266,70.21432175646295,1.092684827399801e+19,1.2472473091266085e+19,7.801862408585745e+18,-0.2037542886936843,2.205937547978391,3.5102838595815644,0.00010666460313121073,0.017158681432410953,0.017158681432410953,12.0,22,0,4.2934800659537927e-19,3.3277018487779613e-105,3.2433028217711093e-87,1.7485002549891395e-105,0.525437774911008,1.097630018655312e-19,6.497722153266956e-19,6.1604873009722935e-22,capture_only,0.044272626495792666,0.19590292774976847,0.929043728627565,40,TrialState.COMPLETE
capture_only_v2_trial_00055,2.3117616860903336,0.7035145310606027,0.94938807552888,0.5006265238332258,0.3335780421706648,0.3179924125011871,0.13527865303594608,0.13618726038011938,0.0,2.947178589392023e-07,881869.5292432361,42561418278505.67,6.827294822706591e+19,0.03,1.909299056074145,0.45600477019687735,0.22586800765274714,2.208975971696003,0.7436781204087985,0.1220051335149704,2.4006134695318133,0.1365417282984167,54.7759253371764,3.4871004712743563e+19,3.6668500789077176e+19,3.1831783346630513e+19,-0.061432183710634025,3.964028684417416,1.359975742108454,3.1781745101004245e-05,0.006267289798206654,0.006267289798206654,12.0,22,0,4.2934800659537927e-19,3.569658028816747e-105,1.3563560531667063e-86,7.5366325686204e-105,2.111303802151212,1.2630495422007194e-19,1.060907673589745e-18,6.171061548780041e-22,capture_only,0.14613693938597672,0.23777309120463488,0.7758137218563484,55,TrialState.COMPLETE
capture_only_v2_trial_00011,2.3380801006552665,0.7620455745330466,0.6142685328499965,0.027325631227670132,0.09484042813922841,1.5219414381127396,0.13075956793222618,0.2587772219950628,0.6601894107074141,1.5702739422681763e-07,155523.25727501084,48626247550971.02,6.756621211516102e+19,0.03,2.026650687914186,0.1590886451746802,0.21374267078705247,4.706487793233772,14.843928865065047,0.19250453868754563,1.9727477791650923,0.0007418219333872546,127.22247660223007,2.2871329834207688e+18,4.1232539199184773e+18,7.287347208730975e+17,-0.7526706183647847,3.857325505910326,0.04555563844930658,5.0405245199563307e-05,0.017313679034347763,0.017313679034347763,12.0,22,0,4.2934800659537927e-19,3.55113408118259e-105,1.7909025987866124e-86,9.927787947998538e-105,2.795666883040476,1.249974924130479e-19,1.1234646869075618e-18,6.170251993873736e-22,capture_only,0.07438342971908225,0.3471941735283137,0.7834980454871673,11,TrialState.COMPLETE
capture_only_v2_trial_00012,2.3614913393033268,1.4236077506657332,0.491421214510191,0.27366329710048853,0.20675380490822615,0.2331135964249567,0.13369646710127062,0.0,0.0,2.946211484456462e-07,276223.336616924,37886068908576.44,6.802467435777071e+19,0.03,1.7535434698996748,1.9968405775280038,0.5473871811385003,2.7586184422574935,6.224699473590298,0.1715396639335168,1.2150103857877481,0.5679643413728871,72.21753453598988,7.701288760283528e+18,9.6918595713035e+18,4.279872432765952e+18,-0.3549762883813724,1.6619880381195957,1.816185228803044,3.761148446185094e-05,0.0039385397557981485,0.0039385397557981485,12.0,22,0,4.2934800659537927e-19,3.563161605163431e-105,1.661772606049862e-86,9.226056055312475e-105,2.589289254223793,1.2584564756187581e-19,9.735562067771931e-19,6.170777634587135e-22,capture_only,0.1272416818491402,0.20544930218898322,0.8372210135108126,12,TrialState.COMPLETE
capture_only_v2_trial_00038,2.45660234754216,1.0814233774501618,0.8051787853131199,0.45092437302180244,0.3233100097577714,0.19648481827866845,0.1493150214664211,0.04503828217492999,0.0,1.5797987445949402e-07,745743.647847567,36159706986760.836,7.05155708122524e+19,0.03,1.4570102824063804,1.1525625752132043,0.278043505501927,2.281111125018087,1.7160674711254202,0.14893525241370334,1.7581871193062732,0.3489087981105039,56.049321030787304,2.3837758558164365e+19,2.609227032324077e+19,1.9602084954425586e+19,-0.12420960221337843,2.527765051768221,1.498195726080831,3.402002423641872e-05,0.004852096433925138,0.004852096433925138,12.0,22,0,4.2934800659537927e-19,3.627812201647381e-105,2.980274860015377e-87,1.6683632686769965e-105,0.45988137641727883,1.3045380600266694e-19,8.156369970650829e-19,6.173603069457327e-22,capture_only,0.169291321661624,0.19807552885561355,0.7068806077386205,38,TrialState.COMPLETE
capture_only_v2_trial_00036,2.467564070757291,1.5428430409695124,0.5684768035132655,0.22705902681638224,0.3267618546704995,0.06621428203089022,0.18857569988729508,0.0,0.00567137854406828,1.3810821921713158e-07,683145.599717166,32440632599013.527,7.71872741548966e+19,0.03,1.662148815664819,1.6595045119591938,2.576987293537338,4.024575399927893,8.216855036529752,0.24086594868688327,1.0475983458805078,1.1055762768729394,54.264672770532464,1.5651451845185096e+19,2.0287991707637723e+19,7.714675745876e+18,-0.4199213816604896,1.339042796691359,3.257926205273863,7.658635806573798e-05,0.005831483757068437,0.005831483757068437,12.0,22,0,4.2934800659537927e-19,3.795553665984505e-105,2.7294868381537988e-87,1.5616607834153625e-105,0.41144479062721745,1.4279645718655872e-19,9.509892428643312e-19,6.180933900235242e-22,capture_only,0.0,0.22384381705795428,0.8325604852251033,36,TrialState.COMPLETE
capture_only_v2_trial_00039,2.519651717021142,1.530984376820226,0.5220602731990595,0.32339738009921837,0.2378907779721788,0.17599449315569637,0.17996969796369622,0.0,0.0,1.0730557283930646e-07,361259.71999662026,29304146004214.688,7.567278231927492e+19,0.03,1.3410656035526223,0.6333506778937955,0.5558259196992842,1.4022180143534093,5.477610023515893,0.24954492812609858,1.0575247394874363,0.8973376142695764,67.05131251774073,8.374908601533807e+18,9.992122390274542e+18,5.138072516095629e+18,-0.2888575155501907,1.4127779466016261,2.715038818847708,5.859129752215418e-05,0.005241863048102862,0.005241863048102862,12.0,22,0,4.2934800659537927e-19,3.7581329111047734e-105,1.8400488599333239e-87,1.047618301194417e-105,0.2787603115629165,1.399946472906586e-19,7.635258497619311e-19,6.179298495282214e-22,capture_only,0.004481962015562946,0.1619154862694099,0.8210306319040505,39,TrialState.COMPLETE
capture_only_v2_trial_00004,2.5309739153048914,1.2697589423758049,0.6420763065291681,0.48717142501143734,0.2403013943807351,0.2436491814717954,0.06259678326163795,0.09242312928403397,0.0,1.1138522664857935e-08,379169.86314021086,31122381150369.414,5.7751967924485325e+19,0.03,1.2376844643733342,1.0401258590884699,0.30524423650924404,1.1794783344585495,1.2010938647042684,0.0954354940713427,1.4591589233533244,0.3707159280671133,68.18697826874627,1.0987772307065696e+19,1.1594982908279026e+19,9.684108306233137e+18,-0.0782104748886543,2.0597445156092142,1.3998381716279136,1.6391933575591415e-05,0.00260520448923594,0.00260520448923594,12.0,22,0,4.2934800659537927e-19,3.2831118455072284e-105,2.1659212798631103e-86,1.161343484072726e-104,3.537325375198428,1.0684114066029785e-19,6.636329775239376e-19,6.158538577264317e-22,capture_only,0.1174411278115819,0.1870425030673009,0.7979153400334552,4,TrialState.COMPLETE
capture_only_v2_trial_00030,2.7191074585673385,1.4608265537877303,0.8481666322834306,0.41339123870740263,0.4055055228047378,0.0,0.01575297935475286,0.0,0.0,5.759262633926387e-08,688507.0198742831,49095158463132.84,4.821886960348919e+19,0.03,0.6280100366465611,0.5667587846270604,4.482704120456369,2.010950394523233,2.933133793102005,0.05182930960082093,1.1990642276091816,1.7869177722684408,46.05265220607669,2.9308250682188005e+19,3.2617362500301734e+19,2.191539934893869e+19,-0.17269945137086887,1.3915991039964417,5.415386944568408,1.7592670398374354e-05,0.0019913232871566306,0.0019913232871566306,12.0,22,0,4.2934800659537927e-19,2.9999277597632674e-105,2.1514483370568446e-87,1.1156398074311971e-105,0.3718888909242386,8.920490876645501e-20,3.2565643537956665e-19,6.146162540010847e-22,capture_only,0.0,0.23169898283222495,1.222160757929588,30,TrialState.COMPLETE
capture_only_v2_trial_00018,2.78469871894922,1.746696801830357,0.5698993585054497,0.41552825915683267,0.2911956725134168,0.050378882398706984,0.04014534199596616,0.0,0.0,9.931216362515087e-08,473383.94906300737,19504167642895.477,5.484226037408966e+19,0.03,0.52285010973991,1.3667984900856385,0.4602590592851297,1.907353256518063,4.264912242098811,4.510061453015708,0.7611494139844668,0.7532545765635539,60.741071737258515,8.108377438505327e+18,8.975559563855395e+18,6.072265528051926e+18,-0.1697107792081108,0.9546109419703652,2.0942905845303046,0.0006584678422245986,0.054504457926084174,0.054504457926084174,12.0,22,0,4.2934800659537927e-19,3.199336770264134e-105,5.359580143295662e-86,2.844898306683849e-104,8.892150189143662,1.0145818169206588e-19,2.77532073796714e-19,6.15487734238455e-22,capture_only,0.004523298944852205,0.18415920769989744,0.9877647851617526,18,TrialState.COMPLETE
capture_only_v2_trial_00078,2.915625076340627,1.9932092734923554,0.4921937821207714,0.2790137065855904,0.34907741580402457,0.0,0.015480302027325032,0.15582458751631692,0.38874286222098986,2.080592012080231e-07,770198.1576529397,12362534029866.008,4.824915394173723e+19,0.03,1.3105686112346788,0.24825567335902554,3.751442050261978,1.8455519609558928,14.971596106326071,0.1179830648453025,0.41693602245131584,2.433263212447376,51.204025160429,7.414271798415673e+18,8.919662558849618e+18,3.9869386870571843e+18,-0.34970886788720706,0.4460155909515433,6.48848557855837,2.8762071653761365e-05,0.0015786540350761621,0.0015786540350761621,12.0,22,0,4.2934800659537927e-19,3.0008696790500623e-105,1.043671504746508e-87,5.41257374232983e-106,0.1803668376576487,8.926093479221387e-20,6.796726000882249e-19,6.146203704852977e-22,capture_only,0.26500985458727944,0.2667186209329241,1.2495316003293917,78,TrialState.COMPLETE
capture_only_v2_trial_00016,2.9684186801973347,1.8116001971858868,0.6831000132078776,0.45358933837582555,0.16971237214050935,0.17128339011474056,0.030752618403075145,0.000932787632007118,0.0,8.067309158142504e-08,208740.96250723756,15603103330098.793,5.366889118629496e+19,0.03,0.32332950151852174,1.509754272604321,0.33873772453725587,2.1510121006081806,3.283983056821338,1.7038105918462887,0.6588529804246327,0.6544650872812957,80.76431860287039,2.985666570766389e+18,3.1999762229603046e+18,2.4221822271979853e+18,-0.12093993819608242,0.8841987149477086,1.8412876466980383,0.00017927736867060314,0.017641731760468266,0.017641731760468266,12.0,22,0,4.2934800659537927e-19,3.164926258802775e-105,1.0311334072659572e-86,5.45093678214794e-105,1.722295035148754,9.928744869464568e-20,1.7092343824394057e-19,6.153373494558364e-22,capture_only,0.0,0.23426950543011174,1.1105281790814785,16,TrialState.COMPLETE
capture_only_v2_trial_00020,3.0001855775275326,1.7206003350763486,0.6543489144626496,0.5280425956927209,0.2005777661278611,0.17423751831389217,0.0965325450457268,0.19142827247878866,0.0,3.5512009407632184e-08,325222.3432176529,12927892835749.936,4.0034781197011436e+19,0.03,0.25575048163894815,3.2277892772384322,0.2581550451913387,3.44279039167238,0.634846907656134,0.3088066389552136,0.7893541560200883,0.3105869862461983,77.04683223487169,4.1202059802708854e+18,4.1892199781185193e+18,3.939860724370057e+18,-0.026652296373209396,1.1002155077961993,0.9132693067009825,2.2004589285848303e-05,0.0037603867736262547,0.0037603867736262547,12.0,22,0,4.2934800659537927e-19,2.7335121833926447e-105,1.0267121781516495e-86,5.168595922351361e-105,1.8908260053688364,7.406434521447115e-20,1.2874795143836485e-19,6.134519339477861e-22,capture_only,0.015687184963627185,0.30547462192386143,1.3419498234946599,20,TrialState.COMPLETE
capture_only_v2_trial_00010,3.092345742132581,1.873265292883014,0.6571292873446919,0.5416320048562433,0.24307375383966262,0.0463877375156154,0.08790060834303914,0.0,0.0,1.8167981041523365e-07,252571.69615857853,16857847628431.758,4.083846369735693e+19,0.03,2.425194838024968,2.2947713338638995,4.2678398138324845,4.478913945661786,0.3132333801754253,1.0114447109434261,0.5893573647211532,1.46216036362588,69.30643567581112,4.226388467904961e+18,4.2514276929561697e+18,4.1585304238701896e+18,-0.009594913985442913,0.7108867663605957,3.8344815880334484,0.00015601418308625696,0.010633944958433042,0.010633944958433042,12.0,22,0,4.2934800659537927e-19,2.7608129426496004e-105,4.741366200804776e-86,2.3939118330690033e-104,8.671039591590455,7.555115784011032e-20,1.2244788473120689e-18,6.135712468720009e-22,capture_only,0.0,0.27331180360173774,0.8854186986706326,10,TrialState.COMPLETE
capture_only_v2_trial_00008,3.116548607545384,1.9036621590590375,0.6113869750154874,0.5025111753174547,0.32152888354888176,0.04792202786234334,0.19773219214244836,0.0016997365304050592,0.0,1.0959110574689113e-08,396704.7289362497,19017779676509.832,7.883193674986191e+19,0.03,0.36926190551641386,0.8089936668138384,1.9986157607602135,1.5737043776130966,2.1785975266703717,0.1003221179967835,0.5370167940381969,1.5491056936821643,56.26492948665082,7.197570399888186e+18,7.457707449348857e+18,6.509372389998987e+18,-0.059066225379818614,0.6443608551420053,4.2337737624376865,2.4476651678046186e-05,0.0011774261160794356,0.0011774261160794356,12.0,22,0,4.2934800659537927e-19,3.835777280673888e-105,7.988020722703873e-88,4.594606391017727e-106,0.11978292937306631,1.4583908298724454e-19,2.123946807277199e-19,6.182691798997658e-22,capture_only,0.0,0.20867082802023013,0.8787687312312482,8,TrialState.COMPLETE
capture_only_v2_trial_00019,3.1194191033952476,2.0308235989362635,0.5711567339693419,0.4281143889863162,0.37016771622657507,0.0,0.10970436786788954,0.06743011644950289,0.0,2.4715549855367846e-07,224052.8958936334,35786931227600.2,6.436864576294687e+19,0.03,0.9504552485772911,0.6176984607356057,0.686347808599938,0.4440045355449881,8.823579826950697,1.5011206151079919,0.36981782717908057,1.1777588591431658,50.059945725228104,7.037657220896915e+18,7.744537390013866e+18,5.429050022332385e+18,-0.15427163765865373,0.3944813749161849,3.055779037896132,0.0002821940000008583,0.008758953965207707,0.008758953965207707,12.0,22,0,4.2934800659537927e-19,3.4660870870009975e-105,3.1983294198787263e-86,1.7540598077638494e-104,5.060633976399983,1.1908199466145172e-19,5.212581731718053e-19,6.166535172126773e-22,capture_only,0.0,0.1715405368685912,1.0319526980530849,19,TrialState.COMPLETE
capture_only_v2_trial_00006,3.1409661267092623,1.8300530491656557,0.7399655666258965,0.5188184980400277,0.42514465055086015,0.0,9.489282303575135e-05,0.029299279644785625,0.0,1.1910479935372977e-07,410772.17610078125,42052131872977.38,4.99890762534685e+19,0.03,1.3400468493015876,4.542297298760656,0.4089614327881579,1.1903312151032788,1.64664660839161,0.0755135885469873,0.65261311199967,0.40576393966767715,45.49856980506398,1.654146422124793e+19,1.7074178435045505e+19,1.5624741257472375e+19,-0.0385269814903934,0.7463346449656569,1.0199415404837866,1.076045867395889e-05,0.0006866386377674142,0.0006866386377674142,12.0,22,0,4.2934800659537927e-19,3.0544979642007298e-105,3.714144041682799e-87,1.9381436054793024e-105,0.6345211645889757,9.247979106891673e-20,6.992736961380263e-19,6.148547429971289e-22,capture_only,0.09716036403765835,0.24402243543502947,1.3424571717880696,6,TrialState.COMPLETE
capture_only_v2_trial_00007,3.1762184594497205,1.857272394127538,0.8170170558979571,0.48178804896186184,0.11191287120976896,0.269449494488788,0.13716291759010063,0.0,0.0,2.3490605656628168e-08,186407.02752525505,10563262863711.375,6.8569806186237e+19,0.03,0.6835761376402986,0.42777318274222575,0.5104990705714504,1.3846581859830556,2.5374856130504733,0.06772083762495115,0.5888793159113255,1.1850711787319292,91.18786376616696,1.854071873827424e+18,1.9426995798759603e+18,1.5966635062437036e+18,-0.08519224719943835,0.7940629689703118,3.278223348393176,1.0004285807200883e-05,0.0007220364232410661,0.0007220364232410661,12.0,22,0,4.2934800659537927e-19,3.577410235370224e-105,4.083438757112086e-86,2.2712174080951943e-104,6.348775395227065,1.2685414144453846e-19,3.802065161043645e-19,6.171400344644401e-22,capture_only,0.0,0.2149439060499464,0.8959783186621415,7,TrialState.COMPLETE
capture_only_v2_trial_00001,3.193256880348622,1.9477324475654538,0.6297022451947638,0.5299585800276378,0.3517025441095419,0.009775415313977695,0.17609125905568124,0.00037713771576722397,0.0,1e-08,800000.0,10000000000000.0,7.5e+19,0.03,0.5,0.3,1.0,1.0,1.0,0.3,0.47798108791017085,1.7728251186439878,52.58417526168774,7.847962221834129e+18,7.961779241009972e+18,7.527338018028679e+18,-0.02436871294856982,0.550539684422265,4.853130400051749,7.173485426563905e-05,0.0034884006871160954,0.0034884006871160954,12.0,22,0,4.2934800659537927e-19,3.741389438555027e-105,6.585816875114975e-87,3.741389438555027e-105,1.0,1.3875e-19,2.8404900329768963e-19,6.178566752749848e-22,capture_only,0.0,0.2265981597181986,0.9248754582090319,1,TrialState.COMPLETE
capture_only_v2_trial_00035,3.2908436945910267,2.0100345683700733,0.7547831746623563,0.4117466170910527,0.5130009429756798,0.0,0.16186712154454455,0.003968700252630872,0.0,8.922951016435079e-08,888950.0732097005,28800959372646.086,7.258336958711818e+19,0.03,1.0482049840397976,0.9379713895704633,0.9053161839321608,0.8573135580814045,10.16290816166755,0.15879065903798073,0.3948728350401876,1.1400141138395312,35.101445058557225,2.1796846251880665e+19,2.4231925083564794e+19,1.6170200038679564e+19,-0.175672525124134,0.3970212598649765,3.0101440708956364,4.112608964000837e-05,0.0011575195626718517,0.0011575195626718517,12.0,22,0,4.2934800659537927e-19,3.680618860192542e-105,5.128594352781498e-87,2.8906154818381963e-105,0.7853612644062203,1.3427923373616864e-19,5.907968824561254e-19,6.175910886902891e-22,capture_only,0.0,0.14934301703807265,1.0256640277075424,35,TrialState.COMPLETE
capture_only_v2_trial_00015,3.376998057682559,2.1332421243879773,0.6169268216220367,0.5152091460197842,0.4367989654519013,0.0,0.04207606428977774,0.025322979875380024,0.0,4.9702201631505505e-08,305685.91811332136,23349339184015.855,4.538307721643593e+19,0.03,0.8433897479475652,0.5300782228588571,0.21650278361893788,0.17298876509803143,4.539726375563177,2.2260121226846996,0.23083590639463833,0.912621013711103,43.18072761665535,6.844549777604546e+18,7.045434524948364e+18,6.377933556903679e+18,-0.043227792644892134,0.23060225103668147,2.3144098185090467,0.00020510740195299926,0.007461316231051562,0.007461316231051562,12.0,22,0,4.2934800659537927e-19,2.910377031304191e-105,3.300622399694172e-86,1.694231590103844e-104,5.821347447016613,8.395869285040647e-20,4.329176078653778e-19,6.142248890878435e-22,capture_only,0.0,0.2646005974342876,1.2370867751872505,15,TrialState.COMPLETE
capture_only_v2_trial_00029,3.4299434212820863,2.084295200485505,0.7166583468280857,0.48094758628929424,0.5157974772010239,0.0,0.09337863538362,0.09767271537619969,0.0,3.9488283655734e-08,552198.0175525249,32338034202499.21,6.199385450632672e+19,0.03,1.159270119888382,0.2274568203025426,1.39128043000297,0.2763686951119233,6.949242645700572,0.12360372569635644,0.2895219264038963,2.152884158576058,34.74832918061601,1.647369683193191e+19,1.7322180259529812e+19,1.4184222202678467e+19,-0.08679702760109416,0.2896800966161596,5.752649499959525,3.5960100089521e-05,0.0013136041415859757,0.0013136041415859757,12.0,22,0,4.2934800659537927e-19,3.401548002754905e-105,4.364417697028669e-87,2.3744031282405556e-105,0.6980360489746235,1.1468863083670444e-19,6.306854178995638e-19,6.1637146106929055e-22,capture_only,0.12931008910841613,0.25885121108497106,1.0560843992102793,29,TrialState.COMPLETE
capture_only_v2_trial_00000,3.4480053502455195,2.1194713698432017,0.7124769731366136,0.4816455836591977,0.5371695461000411,0.0,0.021363051615525673,0.0594293803040043,0.0,4.7e-08,575000.0,30400000000000.0,4.76e+19,0.03,0.552,0.233,1.588,0.328,8.15,2.97,0.24169870120369125,2.118489892693514,32.91713779919037,1.6177801812518281e+19,1.6964191771053849e+19,1.3929374958296801e+19,-0.08560154416850212,0.24441978240914108,5.6402000249383955,0.0006156867459349731,0.02489948878032107,0.02489948878032107,12.0,22,0,4.2934800659537927e-19,2.9806141620194547e-105,5.76066493758443e-87,2.9806141620194547e-105,1.0,8.806e-20,2.8560921964064936e-19,6.145318474905466e-22,capture_only,0.0,0.2569076160804759,1.0566647638611966,0,TrialState.COMPLETE
capture_only_v2_trial_00002,3.475478471535473,2.1142500643340854,0.7261825665746927,0.5412956608613655,0.5299792819310636,0.0,0.0,0.08710310002394392,0.0,1e-06,500000.0,30000000000000.0,5e+19,0.03,1.0,1.0,1.0,1.0,1.0,1.0,0.2532112360810878,1.1178509081024572,34.400934235445526,1.4848536574410703e+19,1.494495067368011e+19,1.460311018054167e+19,-0.010049123997916578,0.25480578276441623,2.8741576703235303,0.0001637310474253185,0.0037440785711021674,0.0037440785711021674,12.0,22,0,4.2934800659537927e-19,3.0548316844992837e-105,5.853872479899845e-87,3.0548316844992837e-105,1.0,9.25e-20,5.218480065953793e-19,6.148562014600352e-22,capture_only,0.0,0.11479130452959305,1.1375617631532666,2,TrialState.COMPLETE
capture_only_v2_trial_00003,3.506263975761948,2.1899067847696405,0.6316899397596034,0.5428110087589334,0.4916657781314201,0.0,0.07109666550133246,0.11739385260898921,0.0,1.817418518223174e-08,646363.9704628809,10755116011824.475,5.889340574348986e+19,0.03,1.1059214851882364,0.673966847065569,1.7168387129279505,0.7044287241304522,1.3394254671939974,0.39945971410756737,0.14796652197746096,1.8746991436219589,37.13720659089243,6.896792431847087e+18,6.930288118899826e+18,6.80159414606559e+18,-0.008140576451051451,0.14796980194777778,4.772183898183237,8.189705187396996e-05,0.001650647057364225,0.001650647057364225,12.0,22,0,4.2934800659537927e-19,3.3153976032297934e-105,3.6299559501572624e-87,1.9540082181457293e-105,0.5893737198344398,1.0895280062545625e-19,5.953184281996929e-19,6.159949566654067e-22,capture_only,0.15257679487180636,0.1657687009156841,0.9361934697939993,3,TrialState.COMPLETE
