T,N,interpolated_R_exp_nm,interpolated_swelling_exp_pp,single_size_spherical_proxy_swelling_pp,proxy_over_experimental_swelling
1153.0,5.22e+19,57.976551724137934,1.178125,4.261046326984419,3.6168032483687376
1202.0,3.69e+19,59.75350574712643,1.20875,3.2976544612459016,2.728152604960415
1227.0,3e+19,60.845354838709675,1.224904458598726,2.8306889432159927,2.310946721880874
1235.0,3.57e+19,61.32070967741935,1.2305095541401274,3.4480880118998884,2.802162730308414
1248.0,2.44e+19,62.09316129032258,1.2396178343949045,2.44686353794132,1.9738853943931107
1330.0,2.9e+19,66.96554838709677,1.2970700636942676,3.647882963143785,2.8124024023451883
1338.0,4.1e+19,67.44090322580645,1.302675159235669,5.267961596745511,4.04395643794761
1377.0,2.71e+19,70.2372049689441,1.33,3.933322557117054,2.957385381291018
1408.0,1.67e+19,77.02832298136646,1.6261783439490447,3.197101385286525,1.9660213759350764
1427.0,1.85e+19,81.19062111801242,1.807707006369427,4.147419155296607,2.294298324166052
1493.0,3e+19,95.6491304347826,2.4382802547770703,10.99646110372287,4.5099250105391455
1507.0,2.44e+19,98.71608695652174,2.5720382165605096,9.8320081811802,3.8226524465597467
1524.0,1.56e+19,102.44024844720497,2.734458598726115,7.024656248804609,2.5689386016219595
1538.0,7.54e+18,105.66254237288135,2.8759016393442622,3.725830757787595,1.2955348356896956
1555.0,7.8e+18,110.26694915254237,3.0709836065573772,4.380455655885126,1.426401510751042
1561.0,1.92e+19,111.89203389830509,3.1398360655737703,11.266456460761054,3.5882307946871213
