trial,all_numeric_nan_count,all_numeric_inf_count,nan_columns,inactive_nan_columns,unexpected_nan_columns,inf_columns
0,304,0,Dg_lookup_base;Dv_lookup_base;Dv_nonthermal_effective;A20_vU_active,Dg_lookup_base;Dv_lookup_base;Dv_nonthermal_effective;A20_vU_active,,
1,304,0,Dg_lookup_base;Dv_lookup_base;Dv_nonthermal_effective;A20_vU_active,Dg_lookup_base;Dv_lookup_base;Dv_nonthermal_effective;A20_vU_active,,
2,304,0,Dg_lookup_base;Dv_lookup_base;Dv_nonthermal_effective;A20_vU_active,Dg_lookup_base;Dv_lookup_base;Dv_nonthermal_effective;A20_vU_active,,
3,304,0,Dg_lookup_base;Dv_lookup_base;Dv_nonthermal_effective;A20_vU_active,Dg_lookup_base;Dv_lookup_base;Dv_nonthermal_effective;A20_vU_active,,
4,304,0,Dg_lookup_base;Dv_lookup_base;Dv_nonthermal_effective;A20_vU_active,Dg_lookup_base;Dv_lookup_base;Dv_nonthermal_effective;A20_vU_active,,
5,304,0,Dg_lookup_base;Dv_lookup_base;Dv_nonthermal_effective;A20_vU_active,Dg_lookup_base;Dv_lookup_base;Dv_nonthermal_effective;A20_vU_active,,
6,304,0,Dg_lookup_base;Dv_lookup_base;Dv_nonthermal_effective;A20_vU_active,Dg_lookup_base;Dv_lookup_base;Dv_nonthermal_effective;A20_vU_active,,
7,304,0,Dg_lookup_base;Dv_lookup_base;Dv_nonthermal_effective;A20_vU_active,Dg_lookup_base;Dv_lookup_base;Dv_nonthermal_effective;A20_vU_active,,
8,304,0,Dg_lookup_base;Dv_lookup_base;Dv_nonthermal_effective;A20_vU_active,Dg_lookup_base;Dv_lookup_base;Dv_nonthermal_effective;A20_vU_active,,
9,304,0,Dg_lookup_base;Dv_lookup_base;Dv_nonthermal_effective;A20_vU_active,Dg_lookup_base;Dv_lookup_base;Dv_nonthermal_effective;A20_vU_active,,
10,304,0,Dg_lookup_base;Dv_lookup_base;Dv_nonthermal_effective;A20_vU_active,Dg_lookup_base;Dv_lookup_base;Dv_nonthermal_effective;A20_vU_active,,
11,304,0,Dg_lookup_base;Dv_lookup_base;Dv_nonthermal_effective;A20_vU_active,Dg_lookup_base;Dv_lookup_base;Dv_nonthermal_effective;A20_vU_active,,
12,304,0,Dg_lookup_base;Dv_lookup_base;Dv_nonthermal_effective;A20_vU_active,Dg_lookup_base;Dv_lookup_base;Dv_nonthermal_effective;A20_vU_active,,
13,304,0,Dg_lookup_base;Dv_lookup_base;Dv_nonthermal_effective;A20_vU_active,Dg_lookup_base;Dv_lookup_base;Dv_nonthermal_effective;A20_vU_active,,
14,304,0,Dg_lookup_base;Dv_lookup_base;Dv_nonthermal_effective;A20_vU_active,Dg_lookup_base;Dv_lookup_base;Dv_nonthermal_effective;A20_vU_active,,
15,304,0,Dg_lookup_base;Dv_lookup_base;Dv_nonthermal_effective;A20_vU_active,Dg_lookup_base;Dv_lookup_base;Dv_nonthermal_effective;A20_vU_active,,
16,304,0,Dg_lookup_base;Dv_lookup_base;Dv_nonthermal_effective;A20_vU_active,Dg_lookup_base;Dv_lookup_base;Dv_nonthermal_effective;A20_vU_active,,
17,304,0,Dg_lookup_base;Dv_lookup_base;Dv_nonthermal_effective;A20_vU_active,Dg_lookup_base;Dv_lookup_base;Dv_nonthermal_effective;A20_vU_active,,
18,304,0,Dg_lookup_base;Dv_lookup_base;Dv_nonthermal_effective;A20_vU_active,Dg_lookup_base;Dv_lookup_base;Dv_nonthermal_effective;A20_vU_active,,
19,304,0,Dg_lookup_base;Dv_lookup_base;Dv_nonthermal_effective;A20_vU_active,Dg_lookup_base;Dv_lookup_base;Dv_nonthermal_effective;A20_vU_active,,
20,304,0,Dg_lookup_base;Dv_lookup_base;Dv_nonthermal_effective;A20_vU_active,Dg_lookup_base;Dv_lookup_base;Dv_nonthermal_effective;A20_vU_active,,
21,304,0,Dg_lookup_base;Dv_lookup_base;Dv_nonthermal_effective;A20_vU_active,Dg_lookup_base;Dv_lookup_base;Dv_nonthermal_effective;A20_vU_active,,
22,304,0,Dg_lookup_base;Dv_lookup_base;Dv_nonthermal_effective;A20_vU_active,Dg_lookup_base;Dv_lookup_base;Dv_nonthermal_effective;A20_vU_active,,
23,304,0,Dg_lookup_base;Dv_lookup_base;Dv_nonthermal_effective;A20_vU_active,Dg_lookup_base;Dv_lookup_base;Dv_nonthermal_effective;A20_vU_active,,
24,304,0,Dg_lookup_base;Dv_lookup_base;Dv_nonthermal_effective;A20_vU_active,Dg_lookup_base;Dv_lookup_base;Dv_nonthermal_effective;A20_vU_active,,
25,304,0,Dg_lookup_base;Dv_lookup_base;Dv_nonthermal_effective;A20_vU_active,Dg_lookup_base;Dv_lookup_base;Dv_nonthermal_effective;A20_vU_active,,
26,304,0,Dg_lookup_base;Dv_lookup_base;Dv_nonthermal_effective;A20_vU_active,Dg_lookup_base;Dv_lookup_base;Dv_nonthermal_effective;A20_vU_active,,
27,304,0,Dg_lookup_base;Dv_lookup_base;Dv_nonthermal_effective;A20_vU_active,Dg_lookup_base;Dv_lookup_base;Dv_nonthermal_effective;A20_vU_active,,
28,304,0,Dg_lookup_base;Dv_lookup_base;Dv_nonthermal_effective;A20_vU_active,Dg_lookup_base;Dv_lookup_base;Dv_nonthermal_effective;A20_vU_active,,
29,304,0,Dg_lookup_base;Dv_lookup_base;Dv_nonthermal_effective;A20_vU_active,Dg_lookup_base;Dv_lookup_base;Dv_nonthermal_effective;A20_vU_active,,
30,304,0,Dg_lookup_base;Dv_lookup_base;Dv_nonthermal_effective;A20_vU_active,Dg_lookup_base;Dv_lookup_base;Dv_nonthermal_effective;A20_vU_active,,
31,304,0,Dg_lookup_base;Dv_lookup_base;Dv_nonthermal_effective;A20_vU_active,Dg_lookup_base;Dv_lookup_base;Dv_nonthermal_effective;A20_vU_active,,
32,304,0,Dg_lookup_base;Dv_lookup_base;Dv_nonthermal_effective;A20_vU_active,Dg_lookup_base;Dv_lookup_base;Dv_nonthermal_effective;A20_vU_active,,
33,304,0,Dg_lookup_base;Dv_lookup_base;Dv_nonthermal_effective;A20_vU_active,Dg_lookup_base;Dv_lookup_base;Dv_nonthermal_effective;A20_vU_active,,
34,304,0,Dg_lookup_base;Dv_lookup_base;Dv_nonthermal_effective;A20_vU_active,Dg_lookup_base;Dv_lookup_base;Dv_nonthermal_effective;A20_vU_active,,
35,304,0,Dg_lookup_base;Dv_lookup_base;Dv_nonthermal_effective;A20_vU_active,Dg_lookup_base;Dv_lookup_base;Dv_nonthermal_effective;A20_vU_active,,
36,304,0,Dg_lookup_base;Dv_lookup_base;Dv_nonthermal_effective;A20_vU_active,Dg_lookup_base;Dv_lookup_base;Dv_nonthermal_effective;A20_vU_active,,
37,304,0,Dg_lookup_base;Dv_lookup_base;Dv_nonthermal_effective;A20_vU_active,Dg_lookup_base;Dv_lookup_base;Dv_nonthermal_effective;A20_vU_active,,
38,304,0,Dg_lookup_base;Dv_lookup_base;Dv_nonthermal_effective;A20_vU_active,Dg_lookup_base;Dv_lookup_base;Dv_nonthermal_effective;A20_vU_active,,
39,304,0,Dg_lookup_base;Dv_lookup_base;Dv_nonthermal_effective;A20_vU_active,Dg_lookup_base;Dv_lookup_base;Dv_nonthermal_effective;A20_vU_active,,
40,304,0,Dg_lookup_base;Dv_lookup_base;Dv_nonthermal_effective;A20_vU_active,Dg_lookup_base;Dv_lookup_base;Dv_nonthermal_effective;A20_vU_active,,
41,304,0,Dg_lookup_base;Dv_lookup_base;Dv_nonthermal_effective;A20_vU_active,Dg_lookup_base;Dv_lookup_base;Dv_nonthermal_effective;A20_vU_active,,
42,304,0,Dg_lookup_base;Dv_lookup_base;Dv_nonthermal_effective;A20_vU_active,Dg_lookup_base;Dv_lookup_base;Dv_nonthermal_effective;A20_vU_active,,
43,304,0,Dg_lookup_base;Dv_lookup_base;Dv_nonthermal_effective;A20_vU_active,Dg_lookup_base;Dv_lookup_base;Dv_nonthermal_effective;A20_vU_active,,
44,304,0,Dg_lookup_base;Dv_lookup_base;Dv_nonthermal_effective;A20_vU_active,Dg_lookup_base;Dv_lookup_base;Dv_nonthermal_effective;A20_vU_active,,
45,304,0,Dg_lookup_base;Dv_lookup_base;Dv_nonthermal_effective;A20_vU_active,Dg_lookup_base;Dv_lookup_base;Dv_nonthermal_effective;A20_vU_active,,
46,304,0,Dg_lookup_base;Dv_lookup_base;Dv_nonthermal_effective;A20_vU_active,Dg_lookup_base;Dv_lookup_base;Dv_nonthermal_effective;A20_vU_active,,
47,304,0,Dg_lookup_base;Dv_lookup_base;Dv_nonthermal_effective;A20_vU_active,Dg_lookup_base;Dv_lookup_base;Dv_nonthermal_effective;A20_vU_active,,
48,304,0,Dg_lookup_base;Dv_lookup_base;Dv_nonthermal_effective;A20_vU_active,Dg_lookup_base;Dv_lookup_base;Dv_nonthermal_effective;A20_vU_active,,
49,304,0,Dg_lookup_base;Dv_lookup_base;Dv_nonthermal_effective;A20_vU_active,Dg_lookup_base;Dv_lookup_base;Dv_nonthermal_effective;A20_vU_active,,
50,304,0,Dg_lookup_base;Dv_lookup_base;Dv_nonthermal_effective;A20_vU_active,Dg_lookup_base;Dv_lookup_base;Dv_nonthermal_effective;A20_vU_active,,
51,304,0,Dg_lookup_base;Dv_lookup_base;Dv_nonthermal_effective;A20_vU_active,Dg_lookup_base;Dv_lookup_base;Dv_nonthermal_effective;A20_vU_active,,
52,304,0,Dg_lookup_base;Dv_lookup_base;Dv_nonthermal_effective;A20_vU_active,Dg_lookup_base;Dv_lookup_base;Dv_nonthermal_effective;A20_vU_active,,
53,304,0,Dg_lookup_base;Dv_lookup_base;Dv_nonthermal_effective;A20_vU_active,Dg_lookup_base;Dv_lookup_base;Dv_nonthermal_effective;A20_vU_active,,
54,304,0,Dg_lookup_base;Dv_lookup_base;Dv_nonthermal_effective;A20_vU_active,Dg_lookup_base;Dv_lookup_base;Dv_nonthermal_effective;A20_vU_active,,
55,304,0,Dg_lookup_base;Dv_lookup_base;Dv_nonthermal_effective;A20_vU_active,Dg_lookup_base;Dv_lookup_base;Dv_nonthermal_effective;A20_vU_active,,
56,304,0,Dg_lookup_base;Dv_lookup_base;Dv_nonthermal_effective;A20_vU_active,Dg_lookup_base;Dv_lookup_base;Dv_nonthermal_effective;A20_vU_active,,
57,304,0,Dg_lookup_base;Dv_lookup_base;Dv_nonthermal_effective;A20_vU_active,Dg_lookup_base;Dv_lookup_base;Dv_nonthermal_effective;A20_vU_active,,
58,304,0,Dg_lookup_base;Dv_lookup_base;Dv_nonthermal_effective;A20_vU_active,Dg_lookup_base;Dv_lookup_base;Dv_nonthermal_effective;A20_vU_active,,
59,304,0,Dg_lookup_base;Dv_lookup_base;Dv_nonthermal_effective;A20_vU_active,Dg_lookup_base;Dv_lookup_base;Dv_nonthermal_effective;A20_vU_active,,
