trial,state,trial_label,f_n,K_d,rho_d,Dv_dislocation_scale,Dg_dislocation_scale,NGF_AREAL_0,points,solver_failures,nonfinite_values,negative_inventory_values,gas_balance_max_abs_pp,gas_balance_failures,rho_constant_max_relative_error,gross_nonphysical_points,geometry_warning_points,p_b_over_eq_max,p_b_max_Pa,p_d_over_eq_max,p_d_max_Pa,p_gf_over_eq_max,p_gf_max_Pa,radius_order_violation_fraction_ANP6,density_order_violation_fraction_ANP6,radius_order_longest_run_ANP6,density_order_longest_run_ANP6,radius_order_violation_fraction_AP3p2,density_order_violation_fraction_AP3p2,radius_order_longest_run_AP3p2,density_order_longest_run_AP3p2,radius_order_violation_fraction_AP3p4,density_order_violation_fraction_AP3p4,radius_order_longest_run_AP3p4,density_order_longest_run_AP3p4,radius_order_violation_fraction_AP3p8,density_order_violation_fraction_AP3p8,radius_order_longest_run_AP3p8,density_order_longest_run_AP3p8,numeric_valid,swelling_RMSE_AP3p2_pp,swelling_error_AP3p2,swelling_n_AP3p2,swelling_RMSE_AP3p8_pp,swelling_error_AP3p8,swelling_n_AP3p8,swelling_RMSE_AP3p4_pp,swelling_error_AP3p4,swelling_n_AP3p4,swelling_RMSE_ANP6_pp,swelling_error_ANP6,swelling_n_ANP6,J_swelling,Rd_lowT_RMSE_nm,Rd_lowT_relative_RMSE,Rd_lowT_mean_signed_nm,Nd_lowT_log10_RMSE,Nd_lowT_mean_log10_bias,Rd_lowT_n,Nd_lowT_n,Rd_highT_RMSE_nm,Rd_highT_relative_RMSE,Rd_highT_mean_signed_nm,Nd_highT_log10_RMSE,Nd_highT_mean_log10_bias,Rd_highT_n,Nd_highT_n,E_R,E_N,J_micro,gas_matrix_RMSE_AP3p2_pp,gas_matrix_RMSE_AP3p8_pp,gas_matrix_RMSE_ANP6_pp,gas_matrix_RMSE_1p1FIMA_pp,gas_matrix_RMSE_3p2FIMA_pp,gas_matrix_RMSE_pp,gas_bulk_RMSE_AP3p2_pp,gas_bulk_RMSE_AP3p8_pp,gas_bulk_RMSE_ANP6_pp,gas_bulk_RMSE_1p1FIMA_pp,gas_bulk_RMSE_3p2FIMA_pp,gas_bulk_RMSE_pp,gas_dislocation_RMSE_AP3p2_pp,gas_dislocation_RMSE_AP3p8_pp,gas_dislocation_RMSE_ANP6_pp,gas_dislocation_RMSE_1p1FIMA_pp,gas_dislocation_RMSE_3p2FIMA_pp,gas_dislocation_RMSE_pp,gas_grainface_RMSE_AP3p2_pp,gas_grainface_RMSE_AP3p8_pp,gas_grainface_RMSE_ANP6_pp,gas_grainface_RMSE_1p1FIMA_pp,gas_grainface_RMSE_3p2FIMA_pp,gas_grainface_RMSE_pp,gas_FGR_RMSE_AP3p2_pp,gas_FGR_RMSE_AP3p8_pp,gas_FGR_RMSE_ANP6_pp,gas_FGR_RMSE_1p1FIMA_pp,gas_FGR_RMSE_3p2FIMA_pp,gas_FGR_RMSE_pp,J_FGR,gas_partition_core_RMS,partition_warning,strong_partition_warning,warnings,pareto
0,COMPLETE,CURRENT_BASELINE,0.00055,300000.0,35000000000000.0,10.0,15.0,10000000000000.0,76,0,0,0,4.263256414560601e-14,0,0.0,0,0,1.0023066280418047,1406924501.4513545,4.306819114365158,231753289.0044469,45328.26249326255,1312621344040.7625,0.0,0.0,0,0,0.0,0.0,0,0,0.0,0.0,0,0,0.0,0.0,0,0,True,0.7082702359481425,0.19674173220781738,10,0.3716857918464919,0.09911621115906451,9,1.0888947471093475,0.28209708474335426,9,0.5295738367274305,0.14121968979398147,10,0.1797936794760544,20.15682204501093,0.17732251317603762,-12.860117312559586,0.4216414654281888,-0.3320856405081271,5,17,49.11712356611326,0.3179162431026949,-47.54477508221974,0.5791113297873884,0.3374351915777693,4,11,0.17732251317603762,0.4216414654281888,0.2750500940768981,4.470395008461265,4.469976345323368,1.9895006184662276,4.470185681793646,1.9895006184662276,3.4598173897324718,10.423467037156028,9.920153549775653,5.673316909451459,10.174922887319706,5.673316909451459,8.237584006186834,9.877049538774793,9.543705669130658,2.789244658874318,9.711807903022176,2.789244658874318,7.1448967281641975,4.0557576020428945,4.042873660249992,2.7660806523179384,4.049320755341067,2.7660806523179384,3.467578460162335,0.861478346678386,0.8899383050540579,2.224838078364216,0.8758239345319968,2.224838078364216,1.690705775591733,1.690705775591733,6.604989928970667,False,False,grainface_pressure_over_eq_gt100_diagnostic_only,True
1,COMPLETE,TRIAL_001,0.0016653583966787,217456.3281244873,24719638779888.89,23.167552875062167,1.0832247945767954,16725856902094.736,76,0,0,0,7.105427357601002e-14,0,0.0,0,0,1.001440778524278,1600876684.4957192,1.0051064377119363,122054342.98177987,25665.812018911,916653447070.2786,0.0,0.0,0,0,0.0,0.0,0,0,0.0,0.0,0,0,0.0,0.0,0,0,True,1.8134154234454658,0.5037265065126294,10,2.356477960063403,0.6283941226835741,9,2.6431659002648344,0.6847580052499571,9,2.2583874118383926,0.6022366431569047,10,0.6047788194007664,65.92649504887892,0.7267577954916081,-61.02332669780808,0.6526900278800452,-0.5957076191259276,5,17,124.18805128456401,0.8208827412667964,-122.98107623812732,0.4975505839289834,0.11693338162491268,4,11,0.7267577954916081,0.6526900278800452,0.697130688446983,4.498887358652782,4.498558575760421,1.9998086079559763,4.498722970210181,1.9998086079559763,3.481216944629531,19.58840690558204,19.68284549038983,6.256264932435893,19.635682973826164,6.256264932435893,14.572249255921918,20.545268811237516,20.569532884761866,8.772444821211984,20.557404427885697,8.772444821211984,15.804471913873988,3.7533804183326627,3.735795175184668,2.165090377988952,3.744598119668926,2.165090377988952,3.0585643219236376,0.8180618613614713,0.8409013709242508,1.7090630778639149,0.8295602222372043,1.7090630778639149,1.3433292162452057,1.3433292162452057,12.573128121364288,True,False,partition_warning;grainface_pressure_over_eq_gt100_diagnostic_only,False
2,COMPLETE,TRIAL_002,6.268984891824852e-05,1882692.305176724,18907552525302.81,7.789406175697652,21.253198700985447,2365717640302.848,76,0,0,0,2.842170943040401e-14,0,0.0,0,0,1.0069279976394936,1031756189.4401908,2.542425794203951,198551144.49647385,217165.8958611227,3464346756498.366,0.0,0.0,0,0,0.0,0.0,0,0,0.0,0.0,0,0,0.0,0.0,0,0,True,0.6010006789759584,0.16694463304887733,10,1.1340233397839348,0.3024062239423826,9,1.2034948294394998,0.3117862252433937,9,1.236603185989428,0.32976084959718077,10,0.2777244829579586,46.67329011439887,0.4771094127694474,-40.903424770729806,0.33559745096084737,0.20697431137545116,5,17,96.3650386574953,0.6334087611450512,-95.08850352454945,1.0189034681769797,0.9000245022540831,4,11,0.4771094127694474,0.33559745096084737,0.4205046280460074,4.374600182663359,4.37391090820057,1.9571589111539456,4.37425555900854,1.9571589111539456,3.388552987561683,13.346093202757727,12.899892356448063,8.606797463490077,13.124889077334009,8.606797463490077,11.098190750520123,10.004975039692068,9.74325069147803,2.419708252648424,9.874979989393609,2.419708252648424,7.189235627619222,6.083189401139361,6.07932028794227,5.373674845501111,6.081255152249441,5.373674845501111,5.7383815476113025,1.0122676787552227,0.9551606035617384,3.798238083867215,0.9841284550425597,3.798238083867215,2.7744478151304044,2.7744478151304044,7.8811428569269735,False,False,grainface_pressure_over_eq_gt100_diagnostic_only,False
3,COMPLETE,TRIAL_003,3.592748924713572e-07,1542404.2384612,32723390619060.82,10.592458009844828,1.6346240959882636,31411148515566.723,76,0,0,0,4.263256414560601e-14,0,0.0,0,0,1.1317496690618654,508333222.15488255,1.3429890140074463,134221658.4064088,49796.51998822207,1132762034395.4824,0.0,0.0,0,0,0.0,0.0,0,0,0.0,0.0,0,0,0.0,0.0,0,0,True,1.2761700119608475,0.3544916699891243,10,1.8570746455383802,0.49521990547690137,9,2.0241756033314466,0.524397824697266,9,1.8671837436755203,0.49791566498013873,10,0.4680062662858576,59.67142250723264,0.6429928075714373,-54.440541925031404,0.455265373300951,0.36956462536530355,5,17,115.41504997272644,0.7617338033895223,-114.192535473058,1.1775427471773807,1.0747124225743347,4,11,0.6429928075714373,0.455265373300951,0.5679018338632428,3.8029061014470256,3.8003828668635835,1.7618809630749424,3.8016446934960455,1.7618809630749424,2.96283031100606,17.920378683460246,17.430807226168938,22.389333958663578,17.67728786769169,22.389333958663578,20.171375529073444,4.175136038961085,4.606598535206548,3.2615410455270117,4.396163725818158,3.2615410455270117,3.8706527547596425,15.615223801169721,15.512805729955042,16.084007830709115,15.564099009835799,16.084007830709115,15.826188515973831,12.33973868939057,12.0309661853654,14.007234671385941,12.186330421333738,14.007234671385941,13.128390462604328,13.128390462604328,11.981161698469919,True,False,partition_warning;grainface_pressure_over_eq_gt100_diagnostic_only,False
4,COMPLETE,TRIAL_004,2.6836149751987366e-06,1404174.7174763796,55069825854316.21,21.95399676132556,1.9432586139910863,20149875222692.16,76,0,0,0,2.842170943040401e-14,0,0.0,0,0,1.0437386398517463,648035688.2151335,1.1574866410018307,120399506.11576068,53695.14054652164,1287791189927.6736,0.0,0.0,0,0,0.0,0.0,0,0,0.0,0.0,0,0,0.0,0.0,0,0,True,1.1682341986746452,0.3245094996318459,10,1.7537185771851558,0.46765828724937486,9,1.8969604153214947,0.4914405221040142,9,1.7783520515846256,0.47422721375590016,10,0.4394588806852837,61.643184961328345,0.6694460229498819,-56.52826761258596,0.613762956728361,0.5532708782081267,5,17,118.05918323231957,0.7796056356095125,-116.84570512168078,1.3455933063882544,1.256788069398449,4,11,0.6694460229498819,0.613762956728361,0.6471727964612735,4.104765154405278,4.103314849508216,1.8654206611663575,4.10404006602119,1.8654206611663575,3.1877060017051084,13.988312800988043,13.533203652933846,14.832830262807404,13.762639574770311,14.832830262807404,14.307744435624526,3.041779669100709,3.186294894427614,1.74160808278249,3.1148754958753884,1.74160808278249,2.5234547815265334,10.62395000602173,10.59028667010238,10.367000264480856,10.607131692531146,10.367000264480856,10.487753268132426,6.422019510018948,6.242312918436014,9.574096446485026,6.332803690259835,9.574096446485026,8.116887499096121,8.116887499096121,8.587604330717241,False,False,grainface_pressure_over_eq_gt100_diagnostic_only,False
5,COMPLETE,TRIAL_005,1.0662905433473117e-07,1621686.5304660017,36132561484161.34,1.0631316906422317,11.958890338876662,18178028235672.35,76,0,0,0,4.263256414560601e-14,0,0.0,0,0,1.1831436778005264,558177362.3824801,15.052556798998692,1021160293.5253992,83547.94501586536,1487012775907.4226,0.0,0.0,0,0,0.0,0.05263157894736842,0,1,0.0,0.0,0,0,0.0,0.05263157894736842,0,1,True,2.1914977595524103,0.6087493776534473,10,1.3213629912939928,0.35236346434506477,9,2.9617551156777,0.7672940714190933,9,3.198980360278599,0.8530614294076264,10,0.6453670857063079,36.11495296612812,0.3842296423671623,-32.62291620020503,0.46168056846924566,0.38987146236614334,5,17,77.14807802394233,0.500574581543299,-75.36881575515528,1.1240288657241717,1.019165887656277,4,11,0.3842296423671623,0.46168056846924566,0.41521001280799563,3.9746416606899584,3.9721618108784256,1.6957281230515087,3.9734019292473546,1.6957281230515087,3.054784506201247,72.6766564622354,72.64876455758589,63.79515272604538,72.66271184821458,63.79515272604538,68.3728425783078,65.3015095799402,65.31257802098773,42.99130573763704,65.3070440349532,42.99130573763704,55.28680841579797,8.75272844649513,8.755590328925512,14.773897045217874,8.754159504660027,14.773897045217874,12.142967976070079,2.4315715773910354,2.3815838593273675,10.805944639081178,2.406707503518507,10.805944639081178,7.828176050344663,7.828176050344663,50.79635320054166,True,True,partition_warning;strong_partition_warning;grainface_pressure_over_eq_gt100_diagnostic_only,False
6,COMPLETE,TRIAL_006,1.438417942717217e-05,500041.6842609065,29889516251803.89,12.498661532511,1.187291925583458,17303642255128.371,76,0,0,0,5.684341886080802e-14,0,0.0,0,0,1.0161901930766344,820015988.5229834,1.0582586648333183,105569498.61126348,47696.37030842186,1242808207025.8235,0.0,0.0,0,0,0.0,0.0,0,0,0.0,0.0,0,0,0.0,0.0,0,0,True,1.6942188056268588,0.47061633489634963,10,2.2481903052477965,0.5995174147327458,9,2.5059828861515365,0.6492183642879629,9,2.174219724195296,0.579791926452079,10,0.5747860100922844,61.16990354165003,0.6631180152816735,-56.02934595877755,0.3074045006016898,-0.1531619916876992,5,17,117.39170707992507,0.7751082966464597,-116.1771707927847,0.7379070244926076,0.5578038581810906,4,11,0.6631180152816735,0.3074045006016898,0.52083260940968,4.269656193210542,4.268694499607451,1.9223453582811214,4.269175373488424,1.9223453582811214,3.3106849779241303,7.704016667240044,8.005039317625897,3.7329089034847884,7.855969936482982,3.7329089034847884,6.1502387158808896,16.763612536636412,16.873354492953265,7.535455651196236,16.818573023942008,7.535455651196236,13.031643995153011,8.442937506400446,8.441450672184851,7.219147738262808,8.442194122025194,7.219147738262808,7.854512577519427,4.659409240515196,4.4409944785725255,7.164683280679827,4.551512189883163,7.164683280679827,6.002039225426142,6.002039225426142,8.536389098086307,False,False,grainface_pressure_over_eq_gt100_diagnostic_only,False
7,COMPLETE,TRIAL_007,0.0003598847783359,643550.2336527312,22448337845806.17,19.989549388105463,2.6316245995956224,32685671817147.043,76,0,0,0,4.263256414560601e-14,0,0.0,0,0,1.0028944029383782,1308859880.5836518,1.010664314746578,115228402.12439013,17175.738717859178,688654560284.5498,0.0,0.0,0,0,0.0,0.0,0,0,0.0,0.0,0,0,0.0,0.0,0,0,True,1.751920487513489,0.48664457986485804,10,2.3005151475107666,0.6134707060028711,9,2.5718306549473917,0.6662773717480289,9,2.2102325138746384,0.5893953370332369,10,0.5889469986622488,64.60173784510756,0.7090177792989213,-59.636417795760465,0.31470073137526056,-0.16717933902284046,5,17,122.24426368529038,0.8078176512602911,-121.03765686152053,0.7281631787181875,0.5446143725320944,4,11,0.7090177792989213,0.31470073137526056,0.551290960129457,4.452497705192767,4.452037508779516,1.9838930352649473,4.452267612932009,1.9838930352649473,3.446630127569251,15.527371963613815,15.692925121918293,3.6574516332508824,15.610368012615119,3.6574516332508824,11.337119165353403,18.291518364840222,18.367877479867342,7.993898389607558,18.329737685066647,7.993898389607558,14.140044113557828,4.927081450989825,4.917878480660441,3.0175920854744622,4.922482116535877,3.0175920854744622,4.082688586087214,1.0634090892822008,0.9862781415102393,3.2121297035580745,1.0255689795398677,3.2121297035580745,2.3842786083294176,2.3842786083294176,10.651296912255223,True,False,partition_warning;grainface_pressure_over_eq_gt100_diagnostic_only,False
8,COMPLETE,TRIAL_008,7.337077436840844e-05,1967128.8648423715,29502519603758.062,4.200577335608843,12.979680577605182,18085986025396.715,76,0,0,0,4.263256414560601e-14,0,0.0,0,0,1.0063236567892904,1055269525.948463,2.357939458520688,223775753.41579568,35414.28606438615,1080624830601.612,0.0,0.0,0,0,0.0,0.0,0,0,0.0,0.0,0,0,0.0,0.0,0,0,True,0.7951218171313731,0.2208671714253814,10,1.3734562445126532,0.3662549985367075,9,1.4523635584316428,0.3762599892309956,9,1.431497100927008,0.38173256024720215,10,0.33627867986007165,54.704615842328465,0.5809676645047254,-49.39834841281025,0.49891889815754764,0.422838011763901,5,17,108.05380266754847,0.7121491316792998,-106.81617018459963,1.218173356559688,1.120106029394708,4,11,0.5809676645047254,0.49891889815754764,0.5481481579658543,4.383333144610665,4.382669152778175,1.9601317737955386,4.383001161268144,1.9601317737955386,3.395056387626039,12.463667740822858,11.99475617039659,8.112153465839963,12.231459216726668,8.112153465839963,10.378237529171008,9.27422843682375,8.994962015876018,2.188341790163951,9.13566239430515,2.188341790163951,6.6426337838729035,5.867185903669458,5.86018245289722,4.463005863267161,5.863685223878498,4.463005863267161,5.210624998034693,0.9420243574307533,0.8827147691240199,4.573059637012163,0.9128513716981794,4.573059637012163,3.297436282210853,3.297436282210853,7.379223212816363,False,False,grainface_pressure_over_eq_gt100_diagnostic_only,False
9,COMPLETE,TRIAL_009,0.0007856762156645,1354568.3352753788,43235270510889.76,23.266565222719763,2.144753692894523,3007784480572.9326,76,0,0,0,5.684341886080802e-14,0,0.0,0,0,1.0020099635330844,1454859957.8596354,1.0023088564158016,182450910.70969892,127301.88144887032,2526795004934.4067,0.0,0.0,0,0,0.0,0.0,0,0,0.0,0.0,0,0,0.0,0.0,0,0,True,1.7618301240796514,0.4893972566887921,10,2.308953906833549,0.6157210418222797,9,2.5831808266113776,0.6692178307283362,9,2.214735964180067,0.5905962571146846,10,0.5912330965885231,72.91263163598347,0.8208065517804579,-68.31288242413322,0.5151684401901788,0.4407905879388521,5,17,133.60282251895836,0.8844545683849381,-132.41296258570205,1.2500246646212838,1.1527749559634948,4,11,0.8208065517804579,0.5151684401901788,0.6985513071443462,4.478634484707674,4.478247703255045,1.992762630740426,4.4784410981569165,1.992762630740426,3.466088398478639,15.675762355579353,15.845920598947616,4.3358125973865125,15.761071109806451,4.3358125973865125,11.558776609313616,17.38377122595817,17.486220336265944,7.646750801696281,17.43507103061086,7.646750801696281,13.462067071324684,4.298865807260521,4.278411880653425,2.921155376622349,4.288651037876014,2.921155376622349,3.6691740527702326,0.8117066605704959,0.7959585544840283,2.0777274674034887,0.8038711722878269,2.0777274674034887,1.5753031915219242,1.5753031915219242,10.437853152874688,True,False,partition_warning;grainface_pressure_over_eq_gt100_diagnostic_only,False
10,COMPLETE,TRIAL_010,1.9722002640473183e-05,758842.2102745409,28893186727575.41,10.755588130453074,5.680392608669719,5468462624961.565,76,0,0,0,5.684341886080802e-14,0,0.0,0,0,1.0135424839561091,863776767.4576043,2.0277001505525694,150763258.29440796,123929.20911233166,2355578120525.5903,0.0,0.0,0,0,0.0,0.0,0,0,0.0,0.0,0,0,0.0,0.0,0,0,True,0.9443444784517642,0.2623179106810456,10,1.5412886426347987,0.41101030470261296,9,1.641386931285693,0.42522977494448005,9,1.6040863159826508,0.4277563509287069,10,0.3815785853142114,45.932359799660546,0.4648438457761606,-39.91656211617783,0.2651614249052833,0.0028951746997186527,5,17,95.27303184279268,0.6261393101649494,-93.99925430125016,0.8504101921352298,0.7023612235995312,4,11,0.4648438457761606,0.2651614249052833,0.38497087742780967,4.296275341206169,4.295376865763145,1.9310331780218457,4.295826126974263,1.9310331780218457,3.330391211841024,6.000258909324342,5.657669721403664,7.689227579516965,5.8314806719826295,7.689227579516965,6.8238694154164214,2.892035875825785,3.3391642847707685,2.490036074441996,3.1236108614672298,2.490036074441996,2.8246437355796354,7.75700068087739,7.74764763321921,6.996946407243932,7.752325567584849,6.996946407243932,7.384301278105922,2.863620155712,2.725340107112164,5.701320258799128,2.795335319387833,5.701320258799128,4.489930525142367,4.489930525142367,4.677439173148517,False,False,grainface_pressure_over_eq_gt100_diagnostic_only,False
11,COMPLETE,TRIAL_011,0.0004002761858124,298123.164968058,18323040434931.484,1.0502799814841652,2.263750466667708,172626194755274.16,76,0,0,0,5.684341886080802e-14,0,0.0,0,0,1.002754333608186,1327619024.2760482,1.6993200822049324,169492295.48943797,3949.319790617304,261242372186.08664,0.0,0.3684210526315789,0,7,0.15789473684210525,0.9473684210526315,3,18,0.0,0.8947368421052632,0,17,0.15789473684210525,0.9473684210526315,3,18,True,1.7627875260938208,0.489663201692728,10,2.310678624858316,0.6161809666288842,9,2.5844824481483144,0.6695550383803923,9,2.219640510944362,0.5919041362518299,10,0.5918258357384586,57.984065869272655,0.621746080472614,-52.72309391218401,0.646895104080816,-0.5893908611414203,5,17,112.9872083749488,0.745366050818052,-111.7592299120843,0.4986694046747057,0.12252543673996157,4,11,0.621746080472614,0.646895104080816,0.6318056899158948,4.4562865287314715,4.455837101039461,1.9851798725238765,4.456061820551491,1.9851798725238765,3.4494511211822223,16.62891044489801,16.773547471181647,4.137068473243373,16.701385531632134,4.137068473243373,12.16658568022507,19.274608003410542,19.327298202855207,8.33724807180144,19.300971083176464,8.33724807180144,14.866694154457655,4.749869259002923,4.739430956830834,2.6118328270597657,4.744652978468889,2.6118328270597657,3.8297129528595684,1.0745238308605187,0.9882636420140553,3.3695353884900117,1.0322951344489737,3.3695353884900117,2.4919271637523397,2.4919271637523397,11.268586353721991,True,False,persistent_density_order:ANP6;persistent_radius_order:AP3.2;persistent_density_order:AP3.2;persistent_density_order:AP3.4;persistent_radius_order:AP3.8;persistent_density_order:AP3.8;partition_warning;grainface_pressure_over_eq_gt100_diagnostic_only,False
12,COMPLETE,TRIAL_012,0.0029360767987273,1559651.3790066342,43737414212248.2,6.656591360789036,23.77576076757616,29187782565172.79,76,0,0,0,5.684341886080802e-14,0,0.0,0,0,1.0010759051041995,1759152409.1664302,2.170125032119805,202865266.3865648,14413.935925476644,643009286582.74,0.0,0.0,0,0,0.0,0.0,0,0,0.0,0.0,0,0,0.0,0.0,0,0,True,0.6551237835403182,0.1819788287611995,10,1.1970629351259812,0.31921678270026166,9,1.2427824394571472,0.32196436255366506,9,1.1280777378260531,0.3008207300869475,10,0.28099517602551843,54.31073285070397,0.57577542330299,-48.98327498249988,0.5566113845693845,0.48982432985095187,5,17,107.64676903154972,0.7093906018305994,-106.40692786757995,1.2770308579785066,1.1842086503884592,4,11,0.57577542330299,0.5566113845693845,0.5681098078095479,4.515742474208664,4.5154557685771675,2.0051421846954396,4.515599123668364,2.0051421846954396,3.493653576595689,13.335030217440536,12.834200502361423,6.329915445038668,13.087011374543586,6.329915445038668,10.279535404354913,14.359814157494233,13.976896324999478,5.046267261428224,14.169648787418051,5.046267261428224,10.635877021490522,2.714618958096572,2.6898142713479563,1.6704493429298362,2.7022450760436643,1.6704493429298362,2.2463892648311146,1.0820160069006324,1.0820160069006324,1.0229535300796757,1.0820160069006324,1.0229535300796757,1.052898989431479,1.052898989431479,8.774894936862323,False,False,grainface_pressure_over_eq_gt100_diagnostic_only,True
13,COMPLETE,TRIAL_013,1.9722002640473183e-05,129673.38547300897,29502519603758.062,4.200577335608843,5.680392608669719,24204508733585.08,76,0,0,0,5.684341886080802e-14,0,0.0,0,0,1.0135721804975697,864608887.606459,8.151160098214152,364618180.8202647,33534.13970854664,1004860542751.7932,0.0,0.0,0,0,0.2631578947368421,0.3684210526315789,5,7,0.21052631578947367,0.3684210526315789,4,7,0.2631578947368421,0.3684210526315789,5,7,True,0.6291399969727423,0.1747611102702062,10,0.49158312770414614,0.13108883405443897,9,1.176301410072127,0.3047412979461469,9,0.8318246443793451,0.22181990516782538,10,0.20810278685965436,9.48331438923493,0.1449439276701579,6.340410153434886,0.8071933067463252,-0.7648136188505054,5,17,12.427566276810756,0.08529482927815274,-6.023027320731078,0.4811961643616998,-0.1019577131929268,4,11,0.1449439276701579,0.8071933067463252,0.4098436793006248,4.296655964234967,4.295754454350997,1.9310537847718567,4.296205232939434,1.9310537847718567,3.3306416891657595,8.307349377334239,7.904482592246129,8.516703939908666,8.108418425569122,8.516703939908666,8.315067509171667,3.080286684992272,3.250653281955909,1.8151999616121122,3.166615924076632,1.8151999616121122,2.5809307731177444,7.380727133504005,7.378855973472189,6.1859099251843155,7.379791612792615,6.1859099251843155,6.809067698691872,2.819462521776724,2.691062312913235,6.6326177924119385,2.7560102760771317,6.6326177924119385,5.078740563469558,5.078740563469558,5.381905653803227,False,False,persistent_radius_order:AP3.2;persistent_density_order:AP3.2;persistent_radius_order:AP3.4;persistent_density_order:AP3.4;persistent_radius_order:AP3.8;persistent_density_order:AP3.8;grainface_pressure_over_eq_gt100_diagnostic_only,False
14,COMPLETE,TRIAL_014,6.268984891824852e-05,1882692.305176724,30695690697717.395,7.789406175697652,21.253198700985447,2365717640302.848,76,0,0,0,4.263256414560601e-14,0,0.0,0,0,1.0068102661876372,1050845617.4165052,3.1286708842101003,247825559.1103376,214134.3347151745,3436631021549.578,0.0,0.0,0,0,0.0,0.0,0,0,0.0,0.0,0,0,0.0,0.0,0,0,True,0.8138747246263858,0.22607631239621825,10,0.37515384563848553,0.10004102550359614,9,0.9451975058926466,0.24486982017944214,9,0.5090388828512865,0.1357437020936764,10,0.1766827150432332,45.44740637639747,0.46715712450385,-39.99233029719478,0.4810247555495126,0.40383009969188005,5,17,93.72597785514296,0.615676967770808,-92.4411005178009,1.1797152218154188,1.0805338226634864,4,11,0.46715712450385,0.4810247555495126,0.472704176922115,4.380552545690972,4.379858842002415,1.9576574276994425,4.380205707579632,1.9576574276994425,3.3925377407583834,31.46739968483227,31.015720792271193,16.065285258902303,31.242376503629693,16.065285258902303,24.841291029699487,29.184040940935,28.794843438872757,9.963421101180733,28.990095328502832,9.963421101180733,21.675970418820185,5.463299992096573,5.458816215101138,5.09073386181691,5.461058563771933,5.09073386181691,5.27914443299272,0.5703024025320875,0.5942251142299141,3.470303745689818,0.5823866055788997,3.470303745689818,2.488190330913864,2.488190330913864,19.13501803798702,True,False,partition_warning;grainface_pressure_over_eq_gt100_diagnostic_only,True
15,COMPLETE,TRIAL_015,3.592748924713572e-07,1542404.2384612,24719638779888.89,10.592458009844828,1.0832247945767954,16725856902094.736,76,0,0,0,2.842170943040401e-14,0,0.0,0,0,1.131035567746625,506232442.7664723,1.0768563396428614,121969498.5658778,86911.94498586548,1636734018234.9146,0.0,0.0,0,0,0.0,0.0,0,0,0.0,0.0,0,0,0.0,0.0,0,0,True,1.5938756235143545,0.44274322875398736,10,2.1557277834985333,0.5748607422662756,9,2.390554997689811,0.6193147662408837,9,2.1041035748331796,0.5610942866221812,10,0.5495032559708319,64.22898901373802,0.7040095048184789,-59.24490232665037,0.36682562734009766,0.2521880774949716,5,17,121.61029214016745,0.8035817481039296,-120.40574936112407,1.0760586944585062,0.9617587448232257,4,11,0.7040095048184789,0.36682562734009766,0.5691359538271263,3.8003460426201623,3.7977670926612217,1.761411724336338,3.799056786477349,1.761411724336338,2.961030541003344,10.780147509271982,10.380524114170498,19.544258241663933,10.582222384890096,19.544258241663933,15.715620586221176,12.523756266379694,12.729869439406809,6.1721712916366105,12.627233405699526,6.1721712916366105,9.938378185984803,16.834069925024348,16.777765867366668,17.01937609248473,16.80594147527569,17.01937609248473,16.912995468689637,12.952259999639171,12.546888911695806,13.329185502942307,12.751185444120246,13.329185502942307,13.043387527827871,13.043387527827871,10.870752706880848,True,False,partition_warning;grainface_pressure_over_eq_gt100_diagnostic_only,False
16,COMPLETE,TRIAL_016,1.9722002640473183e-05,500041.6842609065,17806534199822.57,12.498661532511,1.187291925583458,5468462624961.565,76,0,0,0,5.684341886080802e-14,0,0.0,0,0,1.013446095023672,858902095.7868706,1.011714970169678,106732663.0948158,125116.09358047554,2349685749019.021,0.0,0.0,0,0,0.0,0.0,0,0,0.0,0.0,0,0,0.0,0.0,0,0,True,1.7698832651783367,0.49163424032731573,10,2.317094724120555,0.617891926432148,9,2.593289551996785,0.6718366715017579,9,2.2295292302334,0.59454112806224,10,0.5939759915808654,62.87043844688839,0.6858743929617975,-57.82069311515212,0.46184981199187014,-0.37709911592430934,5,17,119.7558259106614,0.7910525259272232,-118.54609437333303,0.5881032934442034,0.33492644941229344,4,11,0.6858743929617975,0.46184981199187014,0.5962645605738266,4.294417567421586,4.293524724981412,1.9307454869637233,4.293971169407513,1.9307454869637233,3.3291114834992914,10.759064474726513,10.993185758556132,2.1851898814073505,10.876755065124971,2.1851898814073505,7.844706991485622,19.1360152690363,19.192219397675764,8.329701613527314,19.16413793763383,8.329701613527314,14.775792903649126,8.363510744024405,8.346474304110199,7.261220914370559,8.354996866384317,7.261220914370559,7.827237756852163,4.043854817606582,3.8340619774670377,5.948960350970737,3.940354871895323,5.948960350970737,5.045618186797881,5.045618186797881,9.847951851076415,False,False,grainface_pressure_over_eq_gt100_diagnostic_only,False
17,COMPLETE,TRIAL_017,1.9722002640473183e-05,500041.6842609065,29889516251803.89,12.498661532511,1.187291925583458,132595984448141.98,76,0,0,0,4.263256414560601e-14,0,0.0,0,0,1.0134582052791052,859315755.2185224,1.0406919899937113,107174807.38916568,7651.643642835112,370069764378.1984,0.0,0.0,0,0,0.0,0.3157894736842105,0,6,0.0,0.3157894736842105,0,6,0.0,0.3157894736842105,0,6,True,1.7100012038210528,0.4750003343947369,10,2.2625989207537094,0.6033597122009892,9,2.524133223454443,0.6539205242109956,9,2.1853112863414763,0.582749676357727,10,0.5787575617911122,62.08493925272127,0.6753785350500714,-56.99492224030346,0.30732288250498363,-0.15295381658765742,5,17,118.65163146516434,0.7836113208995148,-117.44018528050849,0.7382796658452747,0.5582350618889798,4,11,0.6753785350500714,0.30732288250498363,0.5281562740320362,4.2945427839066985,4.293649282895701,1.93077502919926,4.294096056640784,1.93077502919926,3.3292005915112215,8.855932273742871,9.13265639004873,2.761865101733966,8.995358502467218,2.761865101733966,6.653734794387481,17.153818136876527,17.25534396736187,7.662556456579704,17.204655941125438,7.662556456579704,13.317562793221104,7.454391116537947,7.447563392137005,5.554973446003294,7.4509780364130425,5.554973446003294,6.571712245865276,4.468504548009501,4.2716432273393865,7.881690291811821,4.371182263258765,7.881690291811821,6.372922258849104,6.372922258849104,8.807444616988297,False,False,persistent_density_order:AP3.2;persistent_density_order:AP3.4;persistent_density_order:AP3.8;grainface_pressure_over_eq_gt100_diagnostic_only,False
18,COMPLETE,TRIAL_018,0.0004002761858124,360000.1679803875,15236964159103.969,23.266565222719763,2.263750466667708,172626194755274.16,76,0,0,0,5.684341886080802e-14,0,0.0,0,0,1.002755491138803,1327376365.8641202,1.011891754326803,97981426.68668798,3950.421192808811,261250568292.0213,0.0,0.3684210526315789,0,7,0.0,0.9473684210526315,0,18,0.0,0.8947368421052632,0,17,0.0,0.9473684210526315,0,18,True,1.7832797391324409,0.4953554830923447,10,2.329226896520026,0.6211271724053403,9,2.608254859880755,0.6757136942696257,9,2.235681882024612,0.5961818352065632,10,0.5970945462434685,60.62098415363445,0.6557043106385031,-55.44569462845673,0.6450192045729642,-0.5873148055500157,5,17,116.7624697943602,0.7708283859330662,-115.54366426337296,0.49934875065338885,0.12489808127731647,4,11,0.6557043106385031,0.6450192045729642,0.6514302682122876,4.45624365213164,4.455794172271995,1.9851703273377483,4.456018917869212,1.9851703273377483,3.449420663310766,17.080814869637894,17.21697199818446,4.2961243937466245,17.149028564281867,4.2961243937466245,12.50091727644616,19.74048835437184,19.782637603263122,8.502006179789195,19.761574216280575,8.502006179789195,15.211901994601774,4.756194118112,4.745668033001904,2.613717887458355,4.750933990733787,2.613717887458355,3.8342466652218294,1.0865138184983187,0.9983740253978515,3.374961936199749,1.0433750457953523,3.374961936199749,2.497899072919642,2.497899072919642,11.540846271084208,True,False,persistent_density_order:ANP6;persistent_density_order:AP3.2;persistent_density_order:AP3.4;persistent_density_order:AP3.8;partition_warning;grainface_pressure_over_eq_gt100_diagnostic_only,False
19,COMPLETE,TRIAL_019,1.0662905433473117e-07,886951.5008688451,36132561484161.34,1.0631316906422317,21.253198700985447,2365717640302.848,76,0,0,0,4.263256414560601e-14,0,0.0,0,0,1.0824906269740682,780651134.4393201,33.07070835247813,1398654338.3182428,400581.2964602065,4569644656672.492,0.0,0.0,0,0,0.0,0.10526315789473684,0,2,0.0,0.05263157894736842,0,1,0.0,0.10526315789473684,0,2,True,2.947399508420508,0.8187220856723633,10,1.902721527096667,0.5073924072257779,9,4.274400131578775,1.1073575470411336,9,4.353994071436869,1.1610650857164984,10,0.8986342814139434,23.40184091537624,0.23609500312022394,-20.244517435722788,0.27427353472299865,0.12490050629479257,5,17,50.41964935027661,0.323159303673136,-48.40412985050209,0.8556008837647452,0.7181449529927157,4,11,0.23609500312022394,0.27427353472299865,0.25136641576133384,4.2370553064547956,4.2357038689088125,1.7565970868883773,4.23637964157167,1.7565970868883773,3.242880339542892,74.67485850761909,74.67220035825626,80.16042579397744,74.67352944476544,80.16042579397744,77.46557255713668,72.17678551203886,72.18181996317607,66.56142540666553,72.17930278150111,66.56142540666553,69.42721045163313,6.0466843541505515,6.037947166761819,11.620743850310774,6.042317339702382,11.620743850310774,9.261514089721068,0.7194298081186437,0.722453809522487,5.567689478204502,0.7209433943463184,5.567689478204502,3.9698189822434418,3.9698189822434418,60.087627000342756,True,True,partition_warning;strong_partition_warning;grainface_pressure_over_eq_gt100_diagnostic_only,False
20,COMPLETE,TRIAL_020,4.412424129573094e-07,298123.164968058,18323040434931.484,1.0502799814841652,2.263750466667708,3007784480572.9326,76,0,0,0,5.684341886080802e-14,0,0.0,0,0,1.118388606364192,517588691.2404392,6.859397537322619,424398193.5612813,377095.5134327522,4377002572608.695,0.0,0.0,0,0,0.0,0.0,0,0,0.0,0.0,0,0,0.0,0.0,0,0,True,1.0038863238898186,0.27885731219161625,10,1.6321710860043948,0.43524562293450525,9,1.7319882157665742,0.44870161030222133,9,1.7132053466337356,0.4568547591023295,10,0.4049148261326681,27.832308457544613,0.2707532756461439,-23.052159724029217,0.6533100425039916,-0.5976491541850976,5,17,64.67232616738859,0.4200107593888321,-63.129667996775154,0.49016744575969057,0.1003390118371586,4,11,0.2707532756461439,0.6533100425039916,0.42377598238928293,3.8384641520715115,3.836090733732664,1.7744941085162107,3.837277626401801,1.7744941085162107,2.9894421656257695,12.824409860002328,12.42214877188792,19.659651370136903,12.624881551290718,19.659651370136903,16.521040012351623,8.942791545155629,9.212348613569102,4.92382821879904,9.07857058126541,4.92382821879904,7.302894225143189,17.485525284100003,17.46887162173327,18.132415653644717,17.477200436533,18.132415653644717,17.807821772121503,10.090954784440479,9.742857295282088,10.789440278052544,9.91843326180737,10.789440278052544,10.363091717305926,10.363091717305926,10.570616374569877,True,False,partition_warning;grainface_pressure_over_eq_gt100_diagnostic_only,False
21,COMPLETE,TRIAL_021,7.337077436840844e-05,1967128.8648423715,22448337845806.17,4.200577335608843,12.979680577605182,18085986025396.715,76,0,0,0,4.263256414560601e-14,0,0.0,0,0,1.0063343108902032,1050880281.7695484,2.117890568045837,200226936.55180264,35580.74070457225,1080602296179.7452,0.0,0.0,0,0,0.0,0.0,0,0,0.0,0.0,0,0,0.0,0.0,0,0,True,1.0579158731284306,0.2938655203134529,10,1.6460918595769276,0.438957829220514,9,1.76847824501515,0.45815498575522023,9,1.664540612992479,0.4438774967979944,10,0.4087139580217954,55.25061177518692,0.5867153497681952,-49.8936725028357,0.40682330757075114,0.30831429843974273,5,17,109.07826587526846,0.7189891576185232,-107.838024405492,1.1184616785428219,1.0101153759322847,4,11,0.5867153497681952,0.40682330757075114,0.5147585328892175,4.382063952178369,4.381401681333899,1.9599659213238196,4.381732829268383,1.9599659213238196,3.3941898149513556,5.212143271959854,4.863011505595447,5.463827285971805,5.040601074821834,5.463827285971805,5.256475425911598,2.985838421033579,3.2373967987647445,1.9128645162463125,3.1141587234093024,1.9128645162463125,2.5842828030326417,6.050447510642444,6.043395095722308,4.544744926393046,6.046922331320281,4.544744926393046,5.348830532321773,1.3132725347754193,1.2215289338575581,4.715531427430747,1.2682305955240627,4.715531427430747,3.45287166620122,3.45287166620122,3.9085195837291256,False,False,grainface_pressure_over_eq_gt100_diagnostic_only,False
22,COMPLETE,TRIAL_022,1.438417942717217e-05,500041.6842609065,29889516251803.89,12.498661532511,1.187291925583458,17303642255128.371,76,0,0,0,5.684341886080802e-14,0,0.0,0,0,1.0161901930766344,820015988.5229834,1.0582586648333183,105569498.61126348,47696.37030842186,1242808207025.8235,0.0,0.0,0,0,0.0,0.0,0,0,0.0,0.0,0,0,0.0,0.0,0,0,True,1.6942188056268588,0.47061633489634963,10,2.2481903052477965,0.5995174147327458,9,2.5059828861515365,0.6492183642879629,9,2.174219724195296,0.579791926452079,10,0.5747860100922844,61.16990354165003,0.6631180152816735,-56.02934595877755,0.3074045006016898,-0.1531619916876992,5,17,117.39170707992507,0.7751082966464597,-116.1771707927847,0.7379070244926076,0.5578038581810906,4,11,0.6631180152816735,0.3074045006016898,0.52083260940968,4.269656193210542,4.268694499607451,1.9223453582811214,4.269175373488424,1.9223453582811214,3.3106849779241303,7.704016667240044,8.005039317625897,3.7329089034847884,7.855969936482982,3.7329089034847884,6.1502387158808896,16.763612536636412,16.873354492953265,7.535455651196236,16.818573023942008,7.535455651196236,13.031643995153011,8.442937506400446,8.441450672184851,7.219147738262808,8.442194122025194,7.219147738262808,7.854512577519427,4.659409240515196,4.4409944785725255,7.164683280679827,4.551512189883163,7.164683280679827,6.002039225426142,6.002039225426142,8.536389098086307,False,False,grainface_pressure_over_eq_gt100_diagnostic_only,False
23,COMPLETE,TRIAL_023,1.438417942717217e-05,643550.2336527312,29889516251803.89,12.498661532511,1.187291925583458,7064959112508.678,76,0,0,0,5.684341886080802e-14,0,0.0,0,0,1.0161914906124248,819982112.0147128,1.023888606756879,113366708.33985358,104668.02066043338,2078876166048.8408,0.0,0.0,0,0,0.0,0.0,0,0,0.0,0.0,0,0,0.0,0.0,0,0,True,1.7094276082358144,0.4748410022877262,10,2.2619625044629244,0.6031900011901131,9,2.523544271008351,0.6537679458570858,9,2.1850799810051145,0.5826879949346971,10,0.5786217360674055,63.93388840484803,0.7001394693056829,-58.9394017922491,0.27006752251467386,-0.04339072074002292,5,17,121.20713907268133,0.8008516440461996,-120.00098751620854,0.8242492568256123,0.6678005358330185,4,11,0.7001394693056829,0.27006752251467386,0.5281106905892793,4.269644994240107,4.268683271696919,1.922343976961461,4.269164160049642,1.922343976961461,3.3106773469497424,7.771099369734947,8.071769951895773,3.707284345894465,7.922861085826963,3.707284345894465,6.185292434744914,16.838695715482544,16.94821962705853,7.561608553877905,16.893546429415316,7.561608553877905,13.087586387200862,8.698659434794411,8.701273713733302,7.725913450236585,8.699966672460418,7.725913450236585,8.227367706091316,4.524530217367348,4.301652553343603,6.503463570122438,4.414498180855767,6.503463570122438,5.558004704778891,5.558004704778891,8.573279116755039,False,False,grainface_pressure_over_eq_gt100_diagnostic_only,False
24,COMPLETE,TRIAL_024,0.0007856762156645,407015.3563820539,29889516251803.89,12.498661532511,1.187291925583458,3007784480572.9326,76,0,0,0,5.684341886080802e-14,0,0.0,0,0,1.0020152562613558,1453221446.5096838,1.0058962911521252,141900459.62439293,127518.03365085754,2527744409543.855,0.0,0.0,0,0,0.0,0.0,0,0,0.0,0.0,0,0,0.0,0.0,0,0,True,1.8026375010209355,0.500732639172482,10,2.346655192198258,0.6257747179195354,9,2.630701667678616,0.6815289294504188,9,2.249967268943469,0.5999912717182584,10,0.6020068895651737,68.86236131130022,0.7662653581193257,-64.09553086552648,0.35955138704570977,-0.24113875904870888,5,17,128.09915472707337,0.8473169004455332,-126.90208312457435,0.675289577760102,0.4713590875221957,4,11,0.7662653581193257,0.35955138704570977,0.6035797696898794,4.478408740403437,4.4780216093525445,1.9927113966727625,4.47821517906131,1.9927113966727625,3.4659277185484294,18.153293354014853,18.273515698462518,5.22465684760692,18.213503720850582,5.22465684760692,13.39829759642403,19.934265727216236,19.973730437687905,8.560917653147117,19.95400783903685,8.560917653147117,15.353366730204648,4.334469143356858,4.313017192711319,2.934030977694509,4.323756472058537,2.934030977694509,3.694821227592688,0.8360822771312904,0.8102673508558476,2.100645728041273,0.8232760029285431,2.100645728041273,1.5953833162810824,1.5953833162810824,11.933885974885397,True,False,partition_warning;grainface_pressure_over_eq_gt100_diagnostic_only,False
25,COMPLETE,TRIAL_025,0.0029360767987273,139519.63740018944,43737414212248.2,6.656591360789036,23.77576076757616,29187782565172.79,76,0,0,0,4.263256414560601e-14,0,0.0,0,0,1.0010650196133124,1770267572.698756,9.587873702620668,408054916.464479,14345.534615545448,641572269186.7281,0.3684210526315789,0.0,6,0,1.0,0.3684210526315789,19,6,0.8421052631578947,0.3684210526315789,9,6,1.0,0.3684210526315789,19,6,True,2.8213110197600844,0.7836975054889123,10,1.485981029689139,0.3962616079171037,9,4.0307371345531635,1.0442324182780216,9,1.0482979708650428,0.2795461255640114,10,0.6259344143120122,13.308211983628112,0.19214227620301066,12.596893415353215,0.6322352019693988,-0.5811711520754423,5,17,24.419737359219774,0.1738827576630935,21.470597015536452,0.44933965754310057,0.008772760237758283,4,11,0.19214227620301066,0.6322352019693988,0.3681794465095659,4.516735260606901,4.516447707435522,2.005292571005298,4.51659148630963,2.005292571005298,3.494338059599677,20.133678838498984,19.582467196115587,9.5894940304972,19.859985461459495,9.5894940304972,15.5945089420976,21.250062014109623,20.780497214841688,8.212186754413285,21.01659106634028,8.212186754413285,15.955204657714908,2.5341889130415356,2.515734629531881,1.6402657319188887,2.5249786309203244,1.6402657319188887,2.129082990152296,1.0820160069006324,1.0820160069006324,0.9731282788116228,1.0820160069006324,0.9731282788116228,1.029013431936644,1.029013431936644,13.03799145177273,True,False,persistent_radius_order:ANP6;persistent_radius_order:AP3.2;persistent_density_order:AP3.2;persistent_radius_order:AP3.4;persistent_density_order:AP3.4;persistent_radius_order:AP3.8;persistent_density_order:AP3.8;partition_warning;grainface_pressure_over_eq_gt100_diagnostic_only,True
26,FAIL,TRIAL_026,1.0662905433473117e-07,758842.2102745409,28893186727575.41,5.866429212363499,5.680392608669719,2365717640302.848,76,0,0,0,2.842170943040401e-14,0,0.0,1,0,1.208915978296864,474247711.4240528,7.526604670712977,423543319.6644869,552393.7443392805,5457537780665.396,0.0,0.0,0,0,0.0,0.0,0,0,0.0,0.0,0,0,0.0,0.0,0,0,False,2.5324616849240784,0.7034615791455773,10,1.5312235740559628,0.4083262864149234,9,3.2345073905659505,0.837955282530039,9,1.338024660152472,0.3568065760406592,10,0.5766374310327997,18.886182483484184,0.17722132334171484,-14.745591414226094,0.25112641250033646,-0.03591311633540658,5,17,46.364350410805756,0.2970356270071399,-44.38338223510368,0.7485956814615952,0.5858014175614259,4,11,0.17722132334171484,0.25112641250033646,0.20678335900516348,3.632079964016828,3.6281505260377402,1.6774425931667973,3.6301157767074326,1.6774425931667973,2.827680516401239,55.09743209333141,54.78267476777882,42.821570595418734,54.94027883980703,42.821570595418734,49.25505632548895,38.08020561194184,37.93890603868771,14.738835581730823,38.00962148496181,14.738835581730823,28.82676360377076,16.228021700589714,16.133256762754705,21.70187590104317,16.18070860759474,21.70187590104317,19.141404711621465,6.70700751874645,6.553238449945903,11.590553067609404,6.630568755332034,11.590553067609404,9.442069752767535,9.442069752767535,32.99009270774893,True,True,excluded_numeric_or_gross_nonphysical_state;partition_warning;strong_partition_warning;grainface_pressure_over_eq_gt100_diagnostic_only,False
27,COMPLETE,TRIAL_027,1.062311996090433e-06,758842.2102745409,10336485574633.084,10.755588130453074,16.147139562523993,18178028235672.35,76,0,0,0,4.263256414560601e-14,0,0.0,0,0,1.0745923015239314,579658522.4062237,5.92302608791969,276123037.4421572,67290.01504576756,1461242522674.531,0.0,0.0,0,0,0.0,0.0,0,0,0.0,0.0,0,0,0.0,0.0,0,0,True,1.4489408731111828,0.40248357586421746,10,0.4555265956266334,0.1214737588337689,9,1.7580441698608602,0.4554518574769068,9,0.22170023138808234,0.05912006170348862,10,0.2596323134695954,10.993911549433523,0.13527533837099764,0.6969666137468394,0.5320523545078288,-0.4665899689557039,5,17,25.51440535670723,0.16211870290601338,-22.83850473536309,0.5021210644456607,0.18476993181799467,4,11,0.13527533837099764,0.5320523545078288,0.29398614482573016,3.987394518158218,3.985519685597212,1.8233318420323017,3.9864572120945376,1.8233318420323017,3.0997080596428317,27.28315155999608,26.800391407330313,22.19363840657952,27.042848764801214,22.19363840657952,24.737352880188215,14.079345498898084,13.820448038257448,3.475003531462744,13.950497368472494,3.475003531462744,10.165924118628775,11.75461006811933,11.704438135539654,12.606239242590584,11.729550927512257,12.606239242590584,12.175788122387283,7.035991685285973,6.8704142145853515,10.770423257258296,6.953695797034473,10.770423257258296,9.06520552381978,9.06520552381978,15.544461293975305,True,False,partition_warning;grainface_pressure_over_eq_gt100_diagnostic_only,False
28,COMPLETE,TRIAL_028,0.0010741943487744,886951.5008688451,18907552525302.81,1.0631316906422317,6.8159611732268655,2365717640302.848,76,0,0,0,7.105427357601002e-14,0,0.0,0,0,1.001742381698024,1516661401.8295796,1.8067807763523005,202590443.15859884,151469.71263921176,2830815927032.7515,0.0,0.0,0,0,0.0,0.0,0,0,0.0,0.0,0,0,0.0,0.0,0,0,True,1.6791382777254082,0.46642729936816896,10,2.233497341079829,0.595599290954621,9,2.4866606181832576,0.6442125953842637,9,2.1458487340087316,0.5722263290689951,10,0.5696163786940123,61.120649968348715,0.6636772465736536,-56.03987422666849,0.2858601950920327,-0.10341776494566028,5,17,117.51162670979176,0.7758139883663592,-116.28902928446831,0.7760333231549541,0.6073810264878713,4,11,0.6636772465736536,0.2858601950920327,0.5125504259810052,4.48779552807922,4.487434506369276,1.9958967861265482,4.487615020854703,1.9958967861265482,3.4729161058303037,14.906826639540162,15.086018597488735,4.276405747494596,14.996690261272322,4.276405747494596,11.026975217840677,16.240177033162517,16.360931475325227,7.2216078699856485,16.300666072414757,7.2216078699856485,12.606810354570504,4.0363432065736635,4.018175369932245,2.7763478453791586,4.0272695331194,2.7763478453791586,3.458829805796553,0.7973112086500181,0.8098256909613611,1.8090530808442198,0.8035928114349951,1.8090530808442198,1.3997204106359888,1.3997204106359888,9.875677125293132,False,False,grainface_pressure_over_eq_gt100_diagnostic_only,False
29,COMPLETE,TRIAL_029,0.0003598847783359,643550.2336527312,22448337845806.17,19.989549388105463,2.6316245995956224,32685671817147.043,76,0,0,0,4.263256414560601e-14,0,0.0,0,0,1.0028944029383782,1308859880.5836518,1.010664314746578,115228402.12439013,17175.738717859178,688654560284.5498,0.0,0.0,0,0,0.0,0.0,0,0,0.0,0.0,0,0,0.0,0.0,0,0,True,1.751920487513489,0.48664457986485804,10,2.3005151475107666,0.6134707060028711,9,2.5718306549473917,0.6662773717480289,9,2.2102325138746384,0.5893953370332369,10,0.5889469986622488,64.60173784510756,0.7090177792989213,-59.636417795760465,0.31470073137526056,-0.16717933902284046,5,17,122.24426368529038,0.8078176512602911,-121.03765686152053,0.7281631787181875,0.5446143725320944,4,11,0.7090177792989213,0.31470073137526056,0.551290960129457,4.452497705192767,4.452037508779516,1.9838930352649473,4.452267612932009,1.9838930352649473,3.446630127569251,15.527371963613815,15.692925121918293,3.6574516332508824,15.610368012615119,3.6574516332508824,11.337119165353403,18.291518364840222,18.367877479867342,7.993898389607558,18.329737685066647,7.993898389607558,14.140044113557828,4.927081450989825,4.917878480660441,3.0175920854744622,4.922482116535877,3.0175920854744622,4.082688586087214,1.0634090892822008,0.9862781415102393,3.2121297035580745,1.0255689795398677,3.2121297035580745,2.3842786083294176,2.3842786083294176,10.651296912255223,True,False,partition_warning;grainface_pressure_over_eq_gt100_diagnostic_only,False
30,COMPLETE,TRIAL_030,0.0007856762156645,519754.0997222178,43235270510889.76,7.789406175697652,21.253198700985447,2365717640302.848,76,0,0,0,4.263256414560601e-14,0,0.0,0,0,1.001912783407244,1497486567.407102,4.689834301166941,286876679.6082995,153075.52650171184,2861053235846.888,0.0,0.0,0,0,0.0,0.0,0,0,0.0,0.0,0,0,0.0,0.0,0,0,True,1.4641251970349363,0.4067014436208156,10,0.46924390779751796,0.1251317087460048,9,1.8475409017772249,0.4786375393205246,9,0.34650496286366833,0.09240132343031156,10,0.27571800377941413,27.3191969511686,0.258834852112054,-21.90238836028073,0.25697855994702706,-0.01201724366789032,5,17,60.84513120153643,0.39656502225655427,-59.482071433064775,0.7913606199071991,0.639545029036428,4,11,0.258834852112054,0.25697855994702706,0.25809233524604325,4.484471579099158,4.484084489939306,1.9937539246329226,4.484278038695992,1.9937539246329226,3.470144394713306,25.212081397986374,24.695470048284065,11.9137582600891,24.955112595662495,11.9137582600891,19.553711675050778,25.515898230689857,25.06526854543257,9.401570094901802,25.291587037724355,9.401570094901802,19.07949023344359,3.339159313127139,3.3197575985368033,2.707759169180334,3.329472588225239,2.707759169180334,3.0345796606798316,1.0820160069006324,1.0820160069006324,1.54799860687807,1.0820160069006324,1.54799860687807,1.3354883612532222,1.3354883612532222,15.899858384686393,True,False,partition_warning;grainface_pressure_over_eq_gt100_diagnostic_only,True
31,COMPLETE,TRIAL_031,0.0003598847783359,143930.29271504984,22448337845806.17,1.0631316906422317,21.253198700985447,2365717640302.848,76,0,0,0,4.263256414560601e-14,0,0.0,0,0,1.002824328190372,1326362810.4683306,22.072073974968024,901551727.9805204,170917.00786409806,3041991834636.9683,0.0,0.0,0,0,0.0,0.0,0,0,0.0,0.0,0,0,0.0,0.0,0,0,True,1.1312712621139918,0.3142420172538866,10,0.5234653686602722,0.13959076497607256,9,2.010969761645669,0.5209766221879971,9,0.7310822036732163,0.19495525431285768,10,0.2924411646827035,9.775196403952615,0.14136712807820176,9.336128956919996,0.8749143021933987,-0.8364184003467441,5,17,24.720839682377992,0.1788797757505338,21.893628624381453,0.504672859293724,-0.20178440635317524,4,11,0.14136712807820176,0.8749143021933987,0.43478599772428056,4.455509021244101,4.455047901154691,1.9844657021185041,4.4552784671651215,1.9844657021185041,3.4487396497031986,10.35652064673304,9.848501787323874,5.9371443077248065,10.105704017067026,5.9371443077248065,8.287790302949082,9.301039637162466,8.971873994135741,2.4741991862369557,9.137939081070646,2.4741991862369557,6.694161346372445,4.429344302015698,4.41352189457502,3.445243219882688,4.421440175988589,3.445243219882688,3.963510695960945,0.7697219037981595,0.7900755677896049,2.332742971735008,0.779965131273421,2.332742971735008,1.7392577983412123,1.7392577983412123,6.465113286152552,False,False,grainface_pressure_over_eq_gt100_diagnostic_only,False
32,COMPLETE,TRIAL_032,1.9722002640473183e-05,1882692.305176724,18907552525302.81,4.200577335608843,21.253198700985447,2365717640302.848,76,0,0,0,2.842170943040401e-14,0,0.0,0,0,1.013580732811407,874990517.012788,4.0556155925905335,303881114.1006409,256003.6685517472,3778046093887.6655,0.0,0.0,0,0,0.0,0.0,0,0,0.0,0.0,0,0,0.0,0.0,0,0,True,0.5292780820589079,0.14702168946080776,10,0.602755297920537,0.1607347461121432,9,0.8754222104591798,0.22679331877180825,9,0.8028431363350531,0.21409150302268082,10,0.18716031434186003,41.84798766251926,0.42580231704074584,-36.47614642501709,0.32914153935914775,0.1996476106361148,5,17,87.96708621580312,0.5769637291589019,-86.65938222086564,1.0008635302825162,0.8810981102420447,4,11,0.42580231704074584,0.32914153935914775,0.3871380059681066,4.300994138131981,4.300087537558389,1.9314127541331025,4.300540861735337,1.9314127541331025,3.3335421798953835,23.8212114598015,23.350335762040334,14.237671265769151,23.586948675195337,14.237671265769151,19.481471079957075,18.86678846343263,18.511297259501717,5.3789377238358576,18.68988808358079,5.3789377238358576,13.752179602042718,7.141972865149993,7.151608415153807,7.080039456091228,7.146792264024383,7.080039456091228,7.113494161272902,1.4782973706322609,1.4162892088330024,4.787614971916074,1.4476253381098072,4.787614971916074,3.536727034904764,3.536727034904764,13.901590588983998,True,False,partition_warning;grainface_pressure_over_eq_gt100_diagnostic_only,False
33,COMPLETE,TRIAL_033,6.268984891824852e-05,1354568.3352753788,43235270510889.76,23.266565222719763,2.144753692894523,2365717640302.848,76,0,0,0,4.263256414560601e-14,0,0.0,0,0,1.0069288998836925,1021168592.3597416,1.0044073369867728,138237654.48667645,220110.55880825972,3466064412590.011,0.0,0.0,0,0,0.0,0.0,0,0,0.0,0.0,0,0,0.0,0.0,0,0,True,1.6468275864099868,0.4574521073361074,10,2.2041700889844833,0.5877786903958622,9,2.4508129625862836,0.6349256379757211,9,2.1328091733798145,0.5687491129012838,10,0.5622263871522436,68.49510029063663,0.7613638619319165,-63.714208331333374,0.5137755426421364,0.4392661020540579,5,17,127.48294306253551,0.8431964220332562,-126.28786891848713,1.246930154050752,1.1496379828689207,4,11,0.7613638619319165,0.5137755426421364,0.6623285342160045,4.371616336677654,4.370931539963261,1.9567131131747235,4.371273951730352,1.9567131131747235,3.3864998278714116,7.681174187022571,7.989882197674295,1.3327019482974174,7.837048373721273,1.3327019482974174,5.6211841143589565,13.178828106324934,13.380139866584207,6.285995214790813,13.279865456875232,6.285995214790813,10.389142466851657,6.748505564804288,6.744163272065036,5.666856920792348,6.746334767800417,5.666856920792348,6.230020070592262,2.179497623835755,2.032227243113654,4.106486927318193,2.107149432285122,4.106486927318193,3.2636876086885773,3.2636876086885773,7.0946076501390625,False,False,grainface_pressure_over_eq_gt100_diagnostic_only,False
34,COMPLETE,TRIAL_034,0.0003173854241681,1621686.5304660017,29502519603758.062,1.0631316906422317,22.003935127620945,18085986025396.715,76,0,0,0,4.263256414560601e-14,0,0.0,0,0,1.002984059798692,1308329582.4197185,5.083760280963186,460897858.8001202,28782.94436520887,973273021200.753,0.0,0.0,0,0,0.0,0.0,0,0,0.0,0.0,0,0,0.0,0.0,0,0,True,0.48679978665255197,0.1352221629590422,10,1.0331450950832568,0.2755053586888685,9,1.1012931067535432,0.2853090950138713,9,1.1031719891591512,0.29417919710910695,10,0.24755395344272224,49.84258090240805,0.5316144000331628,-45.102633233856,0.42583886931664383,0.3352081314260523,5,17,99.30579781657627,0.653366010747203,-98.05379002117088,1.1291121948314973,1.0235366894474618,4,11,0.5316144000331628,0.42583886931664383,0.48930418774655526,4.451756496249092,4.451281757613211,1.9830254439502841,4.451519133259799,1.9830254439502841,3.445897017115594,15.65853397448167,15.14832861064375,8.051847898750896,15.405543578953077,8.051847898750896,12.291522028366577,14.667264896877015,14.27821317588077,4.391265683900964,14.474046273434666,4.391265683900964,10.69535482889965,4.37241118403594,4.35798460085341,3.004677658975998,4.365203852259252,3.004677658975998,3.7472051255654857,0.7808544163703217,0.8004188645825697,2.7681845001189407,0.7906971538916421,2.7681845001189407,2.035687527086499,2.035687527086499,9.615028773443756,False,False,grainface_pressure_over_eq_gt100_diagnostic_only,False
35,COMPLETE,TRIAL_035,4.789127601527561e-05,217456.3281244873,24719638779888.89,23.167552875062167,1.0832247945767954,18085986025396.715,76,0,0,0,2.842170943040401e-14,0,0.0,0,0,1.0080538679800213,979926150.9543748,1.0346435327354238,85141671.78372484,38303.52484343686,1111057055483.0957,0.0,0.0,0,0,0.0,0.0,0,0,0.0,0.0,0,0,0.0,0.0,0,0,True,1.7441385226839516,0.48448292296776435,10,2.2939187688541227,0.6117116716944327,9,2.563343084624814,0.6640785193328533,9,2.2098710258843997,0.58929894023584,10,0.5873930135577226,55.85337277987601,0.592182860672176,-50.390241910849,0.6534595150702279,-0.5966007344171845,5,17,109.97218912758436,0.7250647410699249,-108.73847235433057,0.4967994322039427,0.11504322802483748,4,11,0.592182860672176,0.6534595150702279,0.6166935224313967,4.355201105081556,4.354473415698352,1.9512375357805405,4.3548372755894835,1.9512375357805405,3.3743099752321624,12.534947206517552,12.741877705960919,0.8104859191159117,12.638835961904206,0.8104859191159117,8.95536325050548,18.890728875892137,18.951256177392032,8.237169879072615,18.92101672959998,8.237169879072615,14.5920499193654,6.933162493935851,6.921970119839459,5.300832045620843,6.927568567227215,5.300832045620843,6.168063984327473,2.8783301824076233,2.696164719965384,5.585302237754946,2.7887352721390317,5.585302237754946,4.414331518199713,4.414331518199713,10.07492629595385,True,False,partition_warning;grainface_pressure_over_eq_gt100_diagnostic_only,False
36,COMPLETE,TRIAL_036,1.9722002640473183e-05,129673.38547300897,31702979539878.656,4.200577335608843,5.100291528069869,24204508733585.08,76,0,0,0,4.263256414560601e-14,0,0.0,0,0,1.0135680277288588,864372298.6947653,7.604792816387615,350404939.57488453,33546.267042842424,1004769513640.7725,0.0,0.0,0,0,0.21052631578947367,0.3157894736842105,4,6,0.15789473684210525,0.3157894736842105,3,6,0.21052631578947367,0.3157894736842105,4,6,True,0.5079287277012408,0.14109131325034466,10,0.5808688046942461,0.15489834791846563,9,1.082848963298418,0.2805308195073622,9,0.9041820721372714,0.2411152192366057,10,0.20440892497819457,8.860315228514517,0.12494299414810339,3.202086140035834,0.7771457688090627,-0.7327930155476302,5,17,17.51335892046612,0.1122894381430938,-13.526016903002134,0.4759537830853623,-0.06521941381594974,4,11,0.12494299414810339,0.7771457688090627,0.3858241040124871,4.29656494934297,4.295663590315694,1.9310458186554034,4.296114293468371,1.9310458186554034,3.3305807283632802,7.7756328071023475,7.383225505772421,8.329153217549848,7.581968227972692,8.329153217549848,7.964327828869438,2.8258407259358918,3.077285452000526,1.951030370277296,2.954239458934564,1.951030370277296,2.5034027129559426,7.3990682480406065,7.396848451906878,6.194173648962772,7.397958433231423,6.194173648962772,6.822667226727561,2.86208857600652,2.731542967515065,6.643470095968103,2.7975773448010366,6.643470095968103,5.097162637986277,5.097162637986277,5.189422283102562,False,False,persistent_radius_order:AP3.2;persistent_density_order:AP3.2;persistent_radius_order:AP3.4;persistent_density_order:AP3.4;persistent_radius_order:AP3.8;persistent_density_order:AP3.8;grainface_pressure_over_eq_gt100_diagnostic_only,False
37,COMPLETE,TRIAL_037,4.412424129573094e-07,298123.164968058,28893186727575.41,10.755588130453074,2.263750466667708,3007784480572.9326,76,0,0,0,2.842170943040401e-14,0,0.0,0,0,1.1190464368049493,519920420.1235938,3.470003695997516,190592395.67835745,375203.153389992,4385027386509.44,0.0,0.0,0,0,0.0,0.0,0,0,0.0,0.0,0,0,0.0,0.0,0,0,True,0.4962882828854372,0.13785785635706588,10,1.032876269173944,0.2754336717797184,9,1.1222746497599438,0.2907447279170839,9,1.2321555106700275,0.3285748028453407,10,0.2581527647248022,24.639215568264035,0.21762169508667098,-16.73942183947467,0.48670679706131076,-0.4095105905157073,5,17,60.39784386026799,0.39176486360970814,-58.84358595200065,0.5525662436936164,0.2795233156538027,4,11,0.21762169508667098,0.48670679706131076,0.3252557358765269,3.8410285001015723,3.838635316873983,1.7746272362415862,3.839832094932327,1.7746272362415862,2.991121223294271,19.802525560882728,19.315988548481254,22.319517649000765,19.56076982373742,22.319517649000765,20.98552577589245,3.1355725010013633,3.451768334774952,2.2986847608061405,3.2974626264744074,2.2986847608061405,2.8422888138398146,16.646279047750145,16.617574452488878,17.84825795306688,16.63193294267952,17.84825795306688,17.250818898953803,9.142515855483987,8.85899774214159,10.73585989325146,9.00187305962059,10.73585989325146,9.906876556943873,9.906876556943873,12.347978295580305,True,False,partition_warning;grainface_pressure_over_eq_gt100_diagnostic_only,False
38,COMPLETE,TRIAL_038,1.9722002640473183e-05,1882692.305176724,30695690697717.395,7.789406175697652,21.253198700985447,2365717640302.848,76,0,0,0,4.263256414560601e-14,0,0.0,0,0,1.0127899591431009,906423431.3999588,4.003140058040104,296695743.5552669,250908.13062125293,3712251417465.4966,0.0,0.0,0,0,0.0,0.0,0,0,0.0,0.0,0,0,0.0,0.0,0,0,True,1.571081243194628,0.4364114564429522,10,0.6914232296023568,0.1843795278939618,9,1.7279891312767026,0.44766557805095925,9,0.6131107088883126,0.16349618903688337,10,0.30798818785618914,40.337664687184265,0.4105234407500389,-35.16035015775013,0.4683591177911837,0.3913967249649505,5,17,85.64068016377642,0.5606814038190553,-84.25877019906771,1.1525133901808011,1.0517901756538082,4,11,0.4105234407500389,0.4683591177911837,0.4336577115664968,4.316001642323968,4.315093622189374,1.9321347821421995,4.315547656138361,1.9321347821421995,3.3434335935356176,44.27471116737184,43.942933479965774,23.979645132727807,44.10913426819267,23.979645132727807,35.50097961029389,41.20261153906786,40.90966356487012,15.865678751099937,41.05639883520101,15.865678751099937,31.123525246573525,6.139641381118316,6.138327055756586,6.574240969778314,6.138984253611249,6.574240969778314,6.360336940555845,0.40061878879284774,0.42207671882916975,4.283570738428778,0.41148764897105133,4.283570738428778,3.0428851733493807,3.0428851733493807,27.326250659143273,True,True,partition_warning;strong_partition_warning;grainface_pressure_over_eq_gt100_diagnostic_only,False
39,COMPLETE,TRIAL_039,1.9722002640473183e-05,758842.2102745409,49333927570507.91,4.200577335608843,5.680392608669719,24204508733585.08,76,0,0,0,4.263256414560601e-14,0,0.0,0,0,1.0135608386789747,871462461.488279,3.4365525246680875,272229830.28920907,33267.07960113032,1005211580293.0864,0.0,0.0,0,0,0.0,0.0,0,0,0.0,0.0,0,0,0.0,0.0,0,0,True,0.45303132783254957,0.12584203550904155,10,0.8333441627728239,0.22222511007275303,9,0.9706309613947468,0.2514587982887945,9,1.0128312319871624,0.27008832852991,10,0.2174035681001248,44.723750456554065,0.4600432348473256,-39.36417148071392,0.34597448281131815,0.2251380621630006,5,17,92.02456178545562,0.6045209003921176,-90.75877056374134,1.027123578144761,0.9104323750571371,4,11,0.4600432348473256,0.34597448281131815,0.41441573403292264,4.299932173066012,4.2990236693776005,1.931351870962979,4.299477945218294,1.931351870962979,3.3328389288180973,20.508246825227626,19.995051517350454,13.050902430771597,20.253274710845623,13.050902430771597,17.03703599178124,15.163448031852711,14.778951391345444,4.046391658614658,14.972434011249629,4.046391658614658,10.966929052294697,6.995695821574415,7.001253865986581,6.000541493968152,6.99847539554101,6.000541493968152,6.518633142109872,1.842690329854626,1.7645779059855378,6.34908179403746,1.8040569334186847,6.34908179403746,4.667197287794568,4.667197287794568,11.855265265537225,True,False,partition_warning;grainface_pressure_over_eq_gt100_diagnostic_only,False
40,COMPLETE,TRIAL_040,1.062311996090433e-06,758842.2102745409,10336485574633.084,10.755588130453074,23.77576076757616,18178028235672.35,76,0,0,0,5.684341886080802e-14,0,0.0,0,0,1.073265892451539,588894087.9315689,8.485685056479547,359748117.05208844,66532.57178474973,1457155964830.6975,0.0,0.0,0,0,0.0,0.0,0,0,0.0,0.0,0,0,0.0,0.0,0,0,True,3.3330307237039016,0.9258418676955282,10,2.032297164196722,0.5419459104524591,9,4.480226430099588,1.1606804223055929,9,1.2672642132435457,0.33793712353161215,10,0.7416013309962981,13.289754838211705,0.19759557894703714,12.244041551632167,0.5414425207364062,-0.48218904470801066,5,17,17.488523448933606,0.13039950274721832,13.762616596061566,0.4621388865309796,0.10318941851541491,4,11,0.19759557894703714,0.5414425207364062,0.33513435566278477,3.9997940285555136,3.9979106535341415,1.8236278224025047,3.9988524519235598,1.8236278224025047,3.1077676366562192,38.792053716605444,38.36535935147212,27.479296008625223,38.57929645366535,27.479296008625223,33.4923410945655,27.522568527989176,27.228070052979575,9.32027760010198,27.375715307438302,9.32027760010198,20.44868410359056,10.664828462783673,10.629442250976226,12.119397761131074,10.64715005781921,12.119397761131074,11.407050592642879,5.446756819358154,5.33349062299432,10.357693219731459,5.390421230052105,10.357693219731459,8.25646564431378,8.25646564431378,22.726957658594237,True,True,partition_warning;strong_partition_warning;grainface_pressure_over_eq_gt100_diagnostic_only,False
41,COMPLETE,TRIAL_041,9.511111106381815e-05,1621686.5304660017,21499201789483.26,1.0631316906422317,21.253198700985447,18085986025396.715,76,0,0,0,4.263256414560601e-14,0,0.0,0,0,1.0054953840673182,1098009046.9119296,5.632075421313834,473442626.0322436,34054.83020585715,1060463210006.3048,0.0,0.0,0,0,0.0,0.0,0,0,0.0,0.0,0,0,0.0,0.0,0,0,True,0.4819485741686256,0.13387460393572934,10,1.0469684318123138,0.279191581816617,9,1.1190044394063485,0.28989752316226647,9,1.1660943832989552,0.3109585022130547,10,0.2534805527819169,46.318100056105585,0.48935127714967563,-41.61336634245857,0.329008075960262,0.19843566865884785,5,17,93.78729045301655,0.6161880253377027,-92.51195384226828,1.0065708661612862,0.8864932408970237,4,11,0.48935127714967563,0.329008075960262,0.42521399667391013,4.397636652766365,4.39701005895665,1.964855196289323,4.397323367022269,1.964855196289323,3.4056650405277096,14.389726530885135,13.911403444869315,8.54609860047945,14.15258590222263,8.54609860047945,11.690412503605412,11.720119517617935,11.396261358757648,3.033594677664425,11.559324687549044,3.033594677664425,8.450464007986032,5.547692171754646,5.5410175087057665,4.141940026525393,5.544355844655519,4.141940026525393,4.893646335581424,0.7324031271304662,0.7013750199456933,4.199844081669001,0.7170569221597082,4.199844081669001,3.012711481369174,3.012711481369174,8.5571537484336,False,False,grainface_pressure_over_eq_gt100_diagnostic_only,False
42,COMPLETE,TRIAL_042,8.471449958278477e-06,519754.0997222178,18907552525302.81,11.148584666509157,21.253198700985447,2365717640302.848,76,0,0,0,2.842170943040401e-14,0,0.0,0,0,1.0218996236013371,786088840.7104276,7.916302607922741,351539729.2714161,287783.178721416,3999258106093.4624,0.0,0.0,0,0,0.0,0.0,0,0,0.0,0.0,0,0,0.0,0.0,0,0,True,3.7234313035139195,1.034286473198311,10,2.3632112586341,0.6301896689690933,9,5.133567201334262,1.3299396894648348,9,1.6543323365305806,0.44115528974148815,10,0.8588927803434319,10.002437549358337,0.15345984301050375,8.280924848259026,0.45939050191339126,-0.388861891106865,5,17,14.4570081869201,0.10856527064675474,9.464942397316843,0.4814708946805211,0.18104455645450168,4,11,0.15345984301050375,0.45939050191339126,0.27583210657165874,4.240005687467476,4.238887865902213,1.907550268009602,4.239446813527064,1.907550268009602,3.2872220270091494,37.97311268263116,37.55949037631971,22.837524937037433,37.76686778206962,22.837524937037433,31.208082665538225,32.52367065241306,32.17647303586242,12.09405205262891,32.350537628718136,12.09405205262891,24.4215415148062,7.626304141893202,7.62589752056149,8.424481779553485,7.626100833937461,8.424481779553485,8.035213350727233,1.3579327776342403,1.3118740838077243,5.429037880392914,1.3351020635778748,5.429037880392914,3.9532865964227213,3.9532865964227213,22.957656255763016,True,True,partition_warning;strong_partition_warning;grainface_pressure_over_eq_gt100_diagnostic_only,False
43,COMPLETE,TRIAL_043,0.0003173854241681,1621686.5304660017,30249135122017.15,1.0631316906422317,21.253198700985447,18085986025396.715,76,0,0,0,5.684341886080802e-14,0,0.0,0,0,1.0029846730627252,1308105147.526314,4.977396816427573,455689474.0984239,28787.538867939584,973313707385.7264,0.0,0.0,0,0,0.0,0.0,0,0,0.0,0.0,0,0,0.0,0.0,0,0,True,0.502360797440198,0.13954466595561055,10,1.0549086836924195,0.2813089823179785,9,1.1197495576202983,0.2900905589689892,9,1.1214217039825605,0.2990457877286828,10,0.25249749874281524,50.3084481380858,0.5370332854780522,-45.55290065124827,0.43470217243754494,0.34630284581649917,5,17,100.07021973196721,0.6585070342760032,-98.82026440240415,1.1397457170495249,1.03519399154469,4,11,0.5370332854780522,0.43470217243754494,0.49610084026184925,4.451721417668652,4.451246669852001,1.9830206227900948,4.4514840500892685,1.9830206227900948,3.4458729691189993,15.473349776071379,14.962512882240778,7.979913972117881,15.220074655596624,7.979913972117881,12.151742663592266,14.471860405429496,14.083535770863095,4.317848916070846,14.27901823311775,4.317848916070846,10.54832169029091,4.377959241294066,4.363480528525499,3.0064504173652047,4.3707258802888385,3.0064504173652047,3.751132417864108,0.7784930860532723,0.7979443702549492,2.771188818559698,0.7882787270548138,2.771188818559698,2.037261743080335,2.037261743080335,9.500982067894089,False,False,grainface_pressure_over_eq_gt100_diagnostic_only,False
44,COMPLETE,TRIAL_044,1.9722002640473183e-05,758842.2102745409,28893186727575.41,10.755588130453074,5.680392608669719,75229121716107.17,76,0,0,0,4.263256414560601e-14,0,0.0,0,0,1.0135424839561091,863776767.4576043,2.0277001505525694,150763258.29440796,12457.526734466865,519460720210.7325,0.0,0.0,0,0,0.0,0.0,0,0,0.0,0.0,0,0,0.0,0.0,0,0,True,0.9443444784517642,0.2623179106810456,10,1.5412886426347987,0.41101030470261296,9,1.641386931285693,0.42522977494448005,9,1.6040863159826508,0.4277563509287069,10,0.3815785853142114,45.932359799660546,0.4648438457761606,-39.91656211617783,0.2651614249052833,0.0028951746997186527,5,17,95.27303184279268,0.6261393101649494,-93.99925430125016,0.8504101921352298,0.7023612235995312,4,11,0.4648438457761606,0.2651614249052833,0.38497087742780967,4.296275341206169,4.295376865763145,1.9310331780218457,4.295826126974263,1.9310331780218457,3.330391211841024,6.000258909324342,5.657669721403664,7.689227579516965,5.8314806719826295,7.689227579516965,6.8238694154164214,2.892035875825785,3.3391642847707685,2.490036074441996,3.1236108614672298,2.490036074441996,2.8246437355796354,7.219494469905868,7.2098684721561375,5.678001624143104,7.214683076434906,5.678001624143104,6.491970207000644,3.191538114372823,3.0592769109272075,7.301589579627924,3.12610706416357,7.301589579627924,5.61630464656007,5.61630464656007,4.677439173148517,False,False,grainface_pressure_over_eq_gt100_diagnostic_only,False
45,COMPLETE,TRIAL_045,4.412424129573094e-07,519754.0997222178,13121742640489.854,7.789406175697652,2.263750466667708,52495584956059.21,76,0,0,0,4.263256414560601e-14,0,0.0,0,0,1.1178780593077318,516754772.9767269,2.1254724157477667,139522925.7299934,30860.34006833804,819602738978.0016,0.0,0.0,0,0,0.0,0.2631578947368421,0,5,0.0,0.2631578947368421,0,5,0.0,0.2631578947368421,0,5,True,1.3905831657132242,0.3862731015870067,10,1.9670691769201325,0.5245517805120353,9,2.158654423053427,0.5592368971641002,9,1.9585411245719704,0.5222776332191921,10,0.4980848531205836,40.0556380035242,0.38879761541149416,-33.37308902761608,0.5645479601365295,-0.49796999434577716,5,17,87.22242425664375,0.5715383243915868,-85.8720978105741,0.5249591190816325,0.20860615554938214,4,11,0.38879761541149416,0.5645479601365295,0.4590977533015083,3.8376244512805275,3.8352535011888373,1.774361605205553,3.8364391593929525,1.774361605205553,2.9888647117050424,9.681007684066248,9.350898935945565,18.495558174581667,9.517384637840841,18.495558174581667,14.708267786077727,12.899568156478418,13.077525792119483,6.273725776004501,12.988851748079627,6.273725776004501,10.199752566756079,15.130113806520106,15.062022552494756,14.921945744738446,15.09610657040601,14.921945744738446,15.009278770047102,13.167627007082482,12.782384112767508,14.224553509797632,12.976435269440895,14.224553509797632,13.614804347751122,13.614804347751122,10.476981212080998,True,False,persistent_density_order:AP3.2;persistent_density_order:AP3.4;persistent_density_order:AP3.8;partition_warning;grainface_pressure_over_eq_gt100_diagnostic_only,False
46,COMPLETE,TRIAL_046,0.0007856762156645,519754.0997222178,43235270510889.76,7.789406175697652,21.253198700985447,2365717640302.848,76,0,0,0,4.263256414560601e-14,0,0.0,0,0,1.001912783407244,1497486567.407102,4.689834301166941,286876679.6082995,153075.52650171184,2861053235846.888,0.0,0.0,0,0,0.0,0.0,0,0,0.0,0.0,0,0,0.0,0.0,0,0,True,1.4641251970349363,0.4067014436208156,10,0.46924390779751796,0.1251317087460048,9,1.8475409017772249,0.4786375393205246,9,0.34650496286366833,0.09240132343031156,10,0.27571800377941413,27.3191969511686,0.258834852112054,-21.90238836028073,0.25697855994702706,-0.01201724366789032,5,17,60.84513120153643,0.39656502225655427,-59.482071433064775,0.7913606199071991,0.639545029036428,4,11,0.258834852112054,0.25697855994702706,0.25809233524604325,4.484471579099158,4.484084489939306,1.9937539246329226,4.484278038695992,1.9937539246329226,3.470144394713306,25.212081397986374,24.695470048284065,11.9137582600891,24.955112595662495,11.9137582600891,19.553711675050778,25.515898230689857,25.06526854543257,9.401570094901802,25.291587037724355,9.401570094901802,19.07949023344359,3.339159313127139,3.3197575985368033,2.707759169180334,3.329472588225239,2.707759169180334,3.0345796606798316,1.0820160069006324,1.0820160069006324,1.54799860687807,1.0820160069006324,1.54799860687807,1.3354883612532222,1.3354883612532222,15.899858384686393,True,False,partition_warning;grainface_pressure_over_eq_gt100_diagnostic_only,True
47,COMPLETE,TRIAL_047,1.0619978953629636e-06,1339554.5927391893,43235270510889.76,7.789406175697652,16.147139562523993,2365717640302.848,76,0,0,0,5.684341886080802e-14,0,0.0,0,1,1.0609743071188442,758049901.2836409,6.7920555666092834,429096479.2603507,355766.0659483007,4214206706189.361,0.0,0.0,0,0,0.0,0.0,0,0,0.0,0.0,0,0,0.0,0.0,0,0,True,3.135114193380889,0.8708650537169136,10,2.3063266129514663,0.615020430120391,9,4.104830029568282,1.063427468800073,9,5.763758895071962,1.5370023720191897,10,1.0215788311641418,29.104783582177156,0.29399836566913334,-25.13352880103765,0.4338155660893507,0.3599834859872677,5,17,70.96835973767348,0.45772920722226673,-68.94039202906995,1.0935281564627068,0.9849082951609079,4,11,0.29399836566913334,0.4338155660893507,0.3499252458372203,4.218180510924395,4.216776750027977,1.8338124303745553,4.217478688880295,1.8338124303745553,3.2519220870860113,71.70635974894445,71.67155886552798,57.89283021134603,71.68896141896563,57.89283021134603,65.1570678407557,68.62307029834534,68.60015077906024,45.535146488114556,68.61161149572806,45.535146488114556,58.22801214937177,6.413795817744828,6.409064552270898,10.36332537786554,6.411430621432959,10.36332537786554,8.616987742272823,0.43373134942247843,0.4491088598894476,5.453840792827927,0.4414870618166763,5.453840792827927,3.8690625621244146,3.8690625621244146,50.48603729657243,True,True,partition_warning;strong_partition_warning;single_size_geometry_warning;grainface_pressure_over_eq_gt100_diagnostic_only,False
48,COMPLETE,TRIAL_048,0.0007856762156645,519754.0997222178,10336485574633.084,7.789406175697652,21.253198700985447,2365717640302.848,76,0,0,0,4.263256414560601e-14,0,0.0,0,0,1.0019983444077016,1459001862.6621614,2.6371580156152943,156823520.96493375,156838.82817324178,2888855933995.012,0.0,0.0,0,0,0.0,0.0,0,0,0.0,0.0,0,0,0.0,0.0,0,0,True,1.2572819179988444,0.34924497722190123,10,1.847185315501183,0.4925827508003155,9,1.9986364247983202,0.5177814572016374,9,1.8074422149228333,0.4819845906460889,10,0.46039844396748575,32.46208506726394,0.29957937878221524,-25.170304790509654,0.6591528846592432,-0.6032977004335498,5,17,74.90879062274735,0.4888251038431395,-73.48207401503268,0.49147856617881686,0.10089362949109025,4,11,0.29957937878221524,0.6591528846592432,0.4434087811330264,4.479198787200735,4.478812336126729,1.9928818957422287,4.479005565831634,1.9928818957422287,3.4664873509885976,10.157443834798036,10.41465412418947,2.3925051414719483,10.286852914851398,2.3925051414719483,7.468046054482939,11.787803878211925,12.003436098941913,5.640967010102937,11.896108574919992,5.640967010102937,9.30961621215812,4.19889438860457,4.180267417158417,2.979451301041571,4.189591254860744,2.979451301041571,3.6352307311973977,0.7816798328005637,0.7880202518710244,1.9842521219372933,0.7848564449521931,1.9842521219372933,1.5088499134432898,1.5088499134432898,7.175355982902392,False,False,grainface_pressure_over_eq_gt100_diagnostic_only,False
49,COMPLETE,TRIAL_049,0.0003532752029425,519754.0997222178,43235270510889.76,7.789406175697652,21.253198700985447,2365717640302.848,76,0,0,0,4.263256414560601e-14,0,0.0,0,0,1.0027704108337627,1355486647.776412,5.608239860498389,326771700.8945433,168189.4309101199,3010238186885.4023,0.0,0.0,0,0,0.0,0.0,0,0,0.0,0.0,0,0,0.0,0.0,0,0,True,2.2967587781764793,0.6379885494934665,10,1.1979920158751969,0.31946453756671916,9,2.9860789966262375,0.7735955949808906,9,0.9600230784505337,0.25600615425347567,10,0.496763709073638,22.242092710764354,0.20777933993673323,-17.334111951364555,0.25309631161441964,-0.02095432985890527,5,17,49.56643249750443,0.3218134521497504,-48.08651821385267,0.7607076619740407,0.6054988961578835,4,11,0.20777933993673323,0.25309631161441964,0.2259061286078078,4.46061339880638,4.460146888632282,1.984917825474195,4.460380149818356,1.984917825474195,3.452165252039568,33.56442131944598,33.112234436549265,17.04881858627029,33.339094527973295,17.04881858627029,26.477891146508387,33.51727410555921,33.109343212429934,13.679031097292665,33.31393305679825,13.679031097292665,25.465015486678332,3.7118938846116474,3.6965166761931694,3.245227710868135,3.7042132597888813,3.245227710868135,3.482290824255077,1.0820160069006324,1.0820160069006324,2.005492356312483,1.0820160069006324,2.005492356312483,1.611328369764677,1.611328369764677,21.3030762898265,True,True,partition_warning;strong_partition_warning;grainface_pressure_over_eq_gt100_diagnostic_only,True
50,COMPLETE,TRIAL_050,1.9722002640473183e-05,129673.38547300897,43235270510889.76,7.789406175697652,5.100291528069869,2365717640302.848,76,0,0,0,2.842170943040401e-14,0,0.0,0,0,1.0135917948388151,868596816.7636794,6.901367100113431,309067138.1386879,257658.7536198616,3785578261487.114,0.0,0.0,0,0,0.0,0.0,0,0,0.0,0.0,0,0,0.0,0.0,0,0,True,1.4646902367033452,0.4068583990842625,10,0.43779074218292907,0.11674419791544775,9,1.9810685372142633,0.5132301909881511,9,0.2583586931159705,0.06889565149759212,10,0.27643210987136335,10.235001466807997,0.15647511478815598,6.705148970568982,0.6599605151028513,-0.6087027658482868,5,17,11.612552648285781,0.08159033758072108,-4.873539408501355,0.46498255457916543,0.033592276223740794,4,11,0.15647511478815598,0.6599605151028513,0.35786927491403414,4.298424567853175,4.297518423085198,1.931206372228643,4.2979715193495895,1.931206372228643,3.3318251179553777,16.102513040082655,15.598821310274126,11.349761927061532,15.852667795609264,11.349761927061532,13.786300664770854,10.44844214829328,10.122307495701273,2.3802730629504762,10.286667399205674,2.3802730629504762,7.465963636265867,7.511467520180057,7.5103640679912145,7.2525423921315335,7.5109158143495875,7.2525423921315335,7.382859456874136,1.994994580585996,1.9009791077558096,4.932784511231253,1.9485539439147648,4.932784511231253,3.7502816898593587,3.7502816898593587,9.253895713952835,False,False,grainface_pressure_over_eq_gt100_diagnostic_only,False
51,COMPLETE,TRIAL_051,4.412424129573094e-07,1882692.305176724,28893186727575.41,4.200577335608843,2.263750466667708,2365717640302.848,76,0,0,0,2.842170943040401e-14,0,0.0,0,0,1.1186505529372563,519352702.8835868,1.7529999861223593,183058315.6629385,463837.64290545706,5030891996973.166,0.0,0.0,0,0,0.0,0.0,0,0,0.0,0.0,0,0,0.0,0.0,0,0,True,1.213673597675521,0.33713155490986696,10,1.7956319107072283,0.4788351761885942,9,1.952162930290951,0.5057416917852204,9,1.816824911132741,0.48448664296873095,10,0.4515487664631031,59.355976658907665,0.639690258929983,-54.15520079376692,0.4811837057991883,0.4011323889042482,5,17,114.98692402744305,0.7588029081610789,-113.75981065532362,1.2055688131241284,1.1054522371825628,4,11,0.639690258929983,0.4811837057991883,0.5762876376776651,3.8404557172087994,3.838083858546743,1.7746298949329458,3.8392699710412925,1.7746298949329458,2.990761205322913,18.45810502755801,17.969618031837605,21.884009479226822,18.215499079334958,21.884009479226822,20.13348302698942,3.0636975931192376,3.506511102724793,2.697598360713173,3.2925569893030593,2.697598360713173,3.0098146490715028,17.09539695826869,16.98773129207875,18.169571207533057,17.041649151602872,18.169571207533057,17.61464055369767,9.100551255379305,8.81627898591355,10.541153171720493,8.959542630883751,10.541153171720493,9.782364600246108,9.782364600246108,11.87940480561633,True,False,partition_warning;grainface_pressure_over_eq_gt100_diagnostic_only,False
52,COMPLETE,TRIAL_052,1.9722002640473183e-05,1559651.3790066342,18907552525302.81,4.200577335608843,23.77576076757616,29187782565172.79,76,0,0,0,4.263256414560601e-14,0,0.0,0,0,1.0135240523997262,879641124.3180175,5.103366618784831,348667108.2175699,28029.003482082942,901181228217.0844,0.0,0.0,0,0,0.0,0.0,0,0,0.0,0.0,0,0,0.0,0.0,0,0,True,0.938042474378574,0.26056735399404835,10,0.2184664041846459,0.05825770778257224,9,1.1494466060264936,0.2977840948255165,9,0.4111997682461131,0.10965327153229683,10,0.18156560703360847,35.294307608451774,0.3525888875728365,-30.19798119623035,0.2820325596355292,0.11192030936012287,5,17,76.22648167951441,0.49837824352713306,-74.87808917824327,0.9112017105138326,0.7797621864360312,4,11,0.3525888875728365,0.2820325596355292,0.32436635639791356,4.303128439765906,4.302220489913181,1.9315288353166113,4.302674488788978,1.9315288353166113,3.334952128452149,28.457653973668126,27.99464721242346,16.151030376702376,28.227099941661365,16.151030376702376,22.995923044593166,23.89655577207552,23.523847381118003,7.402102126444883,23.710933905880303,7.402102126444883,17.564160990200243,6.64136187777919,6.633007419884854,5.7605066664204525,6.637185963338162,5.7605066664204525,6.214325167136316,1.280865804795514,1.2258938715405323,6.261977674989032,1.2536811784052384,6.261977674989032,4.515754693246113,4.515754693246113,16.816996696413923,True,False,partition_warning;grainface_pressure_over_eq_gt100_diagnostic_only,False
53,COMPLETE,TRIAL_053,0.0007856762156645,559479.6985538569,43235270510889.76,6.656591360789036,21.253198700985447,22602861398417.12,76,0,0,0,7.105427357601002e-14,0,0.0,0,0,1.0019133995948668,1497036048.6181686,4.748405962350484,299828476.6466999,20900.894335157413,803777028903.866,0.0,0.0,0,0,0.21052631578947367,0.0,4,0,0.05263157894736842,0.0,1,0,0.21052631578947367,0.0,4,0,True,1.335584798643221,0.37099577740089473,10,0.3689439048059375,0.09838504128158333,9,1.6897078529162959,0.43774814842391085,9,0.27120179554508406,0.07232047881202242,10,0.24486236147960283,29.425503628479984,0.28376101377800145,-24.17355704452259,0.2580660478313822,0.02147780207974706,5,17,64.68883446607238,0.42209122567852986,-63.34737267733199,0.8219714997556603,0.6763356970000077,4,11,0.28376101377800145,0.2580660478313822,0.27348302739935376,4.484415578671116,4.484028471217979,1.9937476335998543,4.484222029121755,1.9937476335998543,3.47010639843693,24.961762429596615,24.44410630215091,11.774210203852336,24.704290280257748,11.774210203852336,19.35114963220193,25.255359673558218,24.804493522996665,9.262811843424187,25.030941763876704,9.262811843424187,18.872569099532612,3.3482283124086227,3.328608543715411,2.283240303115067,3.3384328411179642,2.283240303115067,2.8599230860657725,1.0820160069006324,1.0820160069006324,1.793762941137039,1.0820160069006324,1.793762941137039,1.4812737978148722,1.4812737978148722,15.734065960212734,True,False,persistent_radius_order:AP3.2;persistent_radius_order:AP3.8;partition_warning;grainface_pressure_over_eq_gt100_diagnostic_only,True
54,COMPLETE,TRIAL_054,4.275669270649659e-05,519754.0997222178,43235270510889.76,7.789406175697652,21.253198700985447,2365717640302.848,76,0,0,0,5.684341886080802e-14,0,0.0,0,0,1.008141714648426,1068249746.125045,8.77281480650316,455645414.6930989,219056.84783118288,3400240591394.169,0.0,0.0,0,0,0.0,0.0,0,0,0.0,0.0,0,0,0.0,0.0,0,0,True,4.239901580676599,1.177750439076833,10,3.055832663452828,0.8148887102540875,9,6.026402520592914,1.5612441763194078,9,3.6382127013096577,0.9701900536825754,10,1.131018344833226,10.374833814178377,0.09439900461326058,-6.664753081579545,0.242756257880137,-0.044909152227180935,5,17,24.056010638389225,0.1525872665744682,-21.017495853110514,0.6833771855026689,0.5110132911887956,4,11,0.09439900461326058,0.242756257880137,0.15374190592001113,4.385414365664414,4.38466535068788,1.9511225183338112,4.385039874168688,1.9511225183338112,3.3937776724174653,56.54287702103898,56.34399261152822,33.28499937282432,56.44352241499588,33.28499937282432,46.334449418661805,55.80343690892476,55.61716195758937,27.49711301587221,55.71037728765204,27.49711301587221,43.93027066693412,4.5092840379647265,4.501671445913128,5.018659880757371,4.505479349746986,5.018659880757371,4.768977415008385,1.0820160069006324,1.0820160069006324,3.1071135436699984,1.0820160069006324,3.1071135436699984,2.32646869874137,2.32646869874137,36.91552343161533,True,True,partition_warning;strong_partition_warning;grainface_pressure_over_eq_gt100_diagnostic_only,True
55,COMPLETE,TRIAL_055,0.0003173854241681,1621686.5304660017,30706981882742.89,1.0631316906422317,22.003935127620945,18085986025396.715,76,0,0,0,4.263256414560601e-14,0,0.0,0,0,1.0029794236219216,1309867660.1863596,5.182438345242865,469889306.3359109,28753.21880521145,972950649755.6136,0.0,0.0,0,0,0.0,0.0,0,0,0.0,0.0,0,0,0.0,0.0,0,0,True,0.4538141992728339,0.1260594997980094,10,0.9727303453910753,0.2593947587709534,9,1.0523700195321966,0.27263472008606127,9,1.047924524138484,0.2794465397702624,10,0.23438387960632162,49.774163097717,0.5312853844727611,-45.06414122879071,0.4388410552316769,0.35176626335171335,5,17,99.10197078205186,0.6520057278190285,-97.85028500423135,1.142803053366965,1.0387714893578812,4,11,0.5312853844727611,0.4388410552316769,0.4943076527763274,4.452038713142975,4.451563747368452,1.9830640066976,4.451801236590017,1.9830640066976,3.4460903285291247,17.093421361430806,16.57786709199145,8.633341239945805,16.83761757433563,8.633341239945805,13.37983457567628,16.1548340877903,15.750132305797985,4.968107618975285,15.953766515374555,4.968107618975285,11.815345093157598,4.334256251024954,4.320399804892294,2.993019675139938,4.327333574134438,2.993019675139938,3.7204826728265994,0.8019516423476603,0.8222456223519617,2.742496882403822,0.8121620220562749,2.742496882403822,2.022485636545439,2.022485636545439,10.495997514850567,True,False,partition_warning;grainface_pressure_over_eq_gt100_diagnostic_only,False
56,COMPLETE,TRIAL_056,1.9722002640473183e-05,519754.0997222178,31702979539878.656,2.23296281266002,5.100291528069869,2365717640302.848,76,0,0,0,4.263256414560601e-14,0,0.0,0,0,1.0135477344797597,863750924.8326054,4.059292274940892,301051284.6679841,259307.5008757132,3788474459862.509,0.0,0.0,0,0,0.0,0.0,0,0,0.0,0.0,0,0,0.0,0.0,0,0,True,0.8074819082734752,0.22430053007596534,10,1.4240458041643898,0.3797455477771706,9,1.5007687656023059,0.3888001983425663,9,1.5172619096848834,0.4046031759159689,10,0.3493623630279178,40.83276743325266,0.41373981625851364,-35.445240255384036,0.29092555001046727,-0.12207485362424005,5,17,86.14931027854188,0.5648400108868531,-84.8414269831539,0.7471234264550299,0.5736915014637188,4,11,0.41373981625851364,0.29092555001046727,0.3646141097592951,4.296371284250602,4.2954710927118045,1.9310404440619122,4.2959212120601045,1.9310404440619122,3.3304546429001842,6.3803492376921085,6.015267157242598,7.837015190346721,6.20049576114361,7.837015190346721,7.066291629195795,2.6705124704569774,3.0964222629845803,2.3440416097783108,2.891320432395273,2.3440416097783108,2.631944614838854,7.927015921030567,7.919478472547473,7.440906271683137,7.923248093093354,7.440906271683137,7.685861906405843,2.7434312089366886,2.6062202635747527,5.107644471700486,2.6757054079658578,5.107644471700486,4.077219118437853,4.077219118437853,4.759255473034873,False,False,grainface_pressure_over_eq_gt100_diagnostic_only,False
57,COMPLETE,TRIAL_057,9.511111106381815e-05,804309.4369490048,21499201789483.26,1.0631316906422317,9.097935631215154,18085986025396.715,76,0,0,0,4.263256414560601e-14,0,0.0,0,0,1.0055526515250728,1088235494.5255427,4.0718915049026005,343205372.57956266,34420.89903898365,1060021497626.3756,0.0,0.0,0,0,0.0,0.0,0,0,0.0,0.0,0,0,0.0,0.0,0,0,True,1.1566269013485306,0.3212852503745918,10,1.7579649602178007,0.4687906560580802,9,1.8906124696276838,0.48979597658748286,9,1.7669025884074405,0.47117402357531746,10,0.43776147664886805,47.28896176714277,0.4941783450336387,-42.14886353422425,0.2821568063346052,-0.0966006402778611,5,17,96.29741321964674,0.6329828551886777,-95.02309707796623,0.7730774494599073,0.6056097472188494,4,11,0.4941783450336387,0.2821568063346052,0.40936972955402534,4.395140217024168,4.394516715611237,1.9644921424185364,4.394828477374847,1.9644921424185364,3.4039496708360044,1.8933104516087054,2.3413611107423016,2.7716479117092234,2.129154329430723,2.7716479117092234,2.4713690846386838,6.33786533135795,6.70803680727786,3.8718217005022457,6.525576402365678,3.8718217005022457,5.3653588260055765,5.965221558975217,5.95910240849386,4.313328930882266,5.962162768768563,4.313328930882266,5.203469580350978,1.4291007948492653,1.3231235634369298,4.499542459182646,1.3771319918513332,4.499542459182646,3.3273393924401393,3.3273393924401393,3.9362255120816916,False,False,grainface_pressure_over_eq_gt100_diagnostic_only,False
58,COMPLETE,TRIAL_058,1.062311996090433e-06,758842.2102745409,28893186727575.41,10.755588130453074,2.263750466667708,18178028235672.35,76,0,0,0,4.263256414560601e-14,0,0.0,0,0,1.0738307192281584,572700196.4000045,1.7861078476377263,139059133.93092662,68113.79127489914,1455400101542.336,0.0,0.0,0,0,0.0,0.0,0,0,0.0,0.0,0,0,0.0,0.0,0,0,True,1.1388582666069875,0.316349518501941,10,1.7278027280542223,0.4607473941477926,9,1.8675835547534492,0.48382993646462413,9,1.7669299422850284,0.47118131794267426,10,0.433027041764258,49.04940784500857,0.5036972945966751,-43.17149566400413,0.2656336266206628,0.00561064725276448,5,17,100.27254054545863,0.6596397378127085,-99.00323562053,0.8561368172013434,0.7085332764118643,4,11,0.5036972945966751,0.2656336266206628,0.4084718274062702,3.980568234056865,3.9787246231382913,1.8231283683059567,3.979646535356471,1.8231283683059567,3.0952692607991876,12.217001705849931,11.82342276954048,16.807196456645666,12.02182300377169,16.807196456645666,14.611743240734434,5.227614446423127,5.620452130645786,3.6272701527105538,5.427588550789961,3.6272701527105538,4.616048431148178,13.110426658582123,13.088277477818776,13.182095225107112,13.099356749597268,13.182095225107112,13.140791105884972,9.169147034261213,8.909631262352399,11.229289915129101,9.040320419293455,11.229289915129101,10.193732027121232,10.193732027121232,9.02573423511355,False,False,grainface_pressure_over_eq_gt100_diagnostic_only,False
59,COMPLETE,TRIAL_059,6.268984891824852e-05,1621686.5304660017,30695690697717.395,7.789406175697652,21.253198700985447,18085986025396.715,76,0,0,0,4.263256414560601e-14,0,0.0,0,0,1.0067976723145131,1052032378.714938,3.438499227392008,259032962.7870972,35672.919636316146,1086761728378.0316,0.0,0.0,0,0,0.0,0.0,0,0,0.0,0.0,0,0,0.0,0.0,0,0,True,0.982941204289765,0.2730392234138236,10,0.3016492447273361,0.0804397985939563,9,1.1106536294528184,0.28773410089451257,9,0.3962161935021561,0.10565765160057496,10,0.18671769362571683,42.31025627791593,0.4300869179450511,-36.861017950667375,0.4255371128386241,0.336607971679546,5,17,88.4573090242969,0.5803543759248304,-87.15980678993199,1.1133617922433259,1.008268767500503,4,11,0.4300869179450511,0.4255371128386241,0.4282669959024803,4.380970441770213,4.380276049945617,1.9576828015689727,4.380623259616802,1.9576828015689727,3.392814620212448,32.296613255866625,31.849045864542507,16.482663075843345,32.07361026046765,16.482663075843345,25.498967206655113,30.069767172072854,29.681732640181938,10.401000644653893,29.87637988701034,10.401000644653893,22.369386330016372,5.385681058454086,5.378287645870482,4.386146327748497,5.381985621734518,4.386146327748497,4.909381266563981,0.5360264263177077,0.5520428787470607,4.321178047467152,0.5440935901507546,4.321178047467152,3.0796604969342933,3.0796604969342933,19.681615486156307,True,False,partition_warning;grainface_pressure_over_eq_gt100_diagnostic_only,False
