parametro,metrica,rho_Spearman
f_n,J_swelling,-0.10418372372269624
f_n,J_micro,0.1572451464647124
f_n,J_FGR,-0.9276799228720292
f_n,E_R,0.15627558558404436
f_n,E_N,-0.013162523470887736
f_n,gas_partition_core_RMS,-0.14102703718808288
K_d,J_swelling,-0.23612961037818878
K_d,J_micro,0.11434230512479077
K_d,J_FGR,0.026848505765994096
K_d,E_R,0.250843744490633
K_d,E_N,-0.2540679571447543
K_d,gas_partition_core_RMS,0.11202673421864916
rho_d,J_swelling,-0.09709095623690966
rho_d,J_micro,-0.16316674589813984
rho_d,J_FGR,-0.25116641215931157
rho_d,E_R,-0.09366111267419273
rho_d,E_N,-0.1818403386284875
rho_d,gas_partition_core_RMS,0.14305672295776545
Dv_dislocation_scale,J_swelling,0.3918857055940157
Dv_dislocation_scale,J_micro,0.33468106134659265
Dv_dislocation_scale,J_FGR,0.12516464398989247
Dv_dislocation_scale,E_R,0.415993587610704
Dv_dislocation_scale,E_N,0.001031510844234831
Dv_dislocation_scale,gas_partition_core_RMS,0.0066606128799163375
Dg_dislocation_scale,J_swelling,-0.3692297590978817
Dg_dislocation_scale,J_micro,-0.5989300025030275
Dg_dislocation_scale,J_FGR,-0.461168179949724
Dg_dislocation_scale,E_R,-0.6043124467285634
Dg_dislocation_scale,E_N,-0.13118968453009236
Dg_dislocation_scale,gas_partition_core_RMS,0.2891732947103794
NGF_AREAL_0,J_swelling,-0.003967032616996251
NGF_AREAL_0,J_micro,0.25779768890450167
NGF_AREAL_0,J_FGR,0.23317490682815628
NGF_AREAL_0,E_R,0.20243752586731806
NGF_AREAL_0,E_N,0.13792495799092208
NGF_AREAL_0,gas_partition_core_RMS,-0.1482362712350996
