"T","vtkValidPointMask","arc_length","Points:0","Points:1","Points:2"
2218.1,1,0,-0.5,0,0
2218.1,1,0.001,-0.5,0,0.001
2218.1,1,0.002,-0.5,0,0.002
2218.1,1,0.003,-0.5,0,0.003
2218.1,1,0.004,-0.5,0,0.004
2218.1,1,0.005,-0.5,0,0.005
2218.1,1,0.006,-0.5,0,0.006
2218.1,1,0.007,-0.5,0,0.007
2218.1,1,0.008,-0.5,0,0.008
2218.1,1,0.009,-0.5,0,0.009
2218.1,1,0.01,-0.5,0,0.01
2218.1,1,0.011,-0.5,0,0.011
2218.1,1,0.012,-0.5,0,0.012
2218,1,0.013,-0.5,0,0.013
2218,1,0.014,-0.5,0,0.014
2218,1,0.015,-0.5,0,0.015
2218,1,0.016,-0.5,0,0.016
2218,1,0.017,-0.5,0,0.017
2218,1,0.018,-0.5,0,0.018
2218,1,0.019,-0.5,0,0.019
2218,1,0.02,-0.5,0,0.02
2218,1,0.021,-0.5,0,0.021
2218,1,0.022,-0.5,0,0.022
2218,1,0.023,-0.5,0,0.023
2218,1,0.024,-0.5,0,0.024
2217.9,1,0.025,-0.5,0,0.025
2217.9,1,0.026,-0.5,0,0.026
2217.9,1,0.027,-0.5,0,0.027
2217.9,1,0.028,-0.5,0,0.028
2217.9,1,0.029,-0.5,0,0.029
2217.9,1,0.03,-0.5,0,0.03
2217.9,1,0.031,-0.5,0,0.031
2217.9,1,0.032,-0.5,0,0.032
2217.8,1,0.033,-0.5,0,0.033
2217.8,1,0.034,-0.5,0,0.034
2217.8,1,0.035,-0.5,0,0.035
2217.8,1,0.036,-0.5,0,0.036
2217.8,1,0.037,-0.5,0,0.037
2217.8,1,0.038,-0.5,0,0.038
2217.8,1,0.039,-0.5,0,0.039
2217.7,1,0.04,-0.5,0,0.04
2217.7,1,0.041,-0.5,0,0.041
2217.7,1,0.042,-0.5,0,0.042
2217.7,1,0.043,-0.5,0,0.043
2217.7,1,0.044,-0.5,0,0.044
2217.6,1,0.045,-0.5,0,0.045
2217.6,1,0.046,-0.5,0,0.046
2217.6,1,0.047,-0.5,0,0.047
2217.6,1,0.048,-0.5,0,0.048
2217.6,1,0.049,-0.5,0,0.049
2217.5,1,0.05,-0.5,0,0.05
2217.5,1,0.051,-0.5,0,0.051
2217.5,1,0.052,-0.5,0,0.052
2217.5,1,0.053,-0.5,0,0.053
2217.4,1,0.054,-0.5,0,0.054
2217.4,1,0.055,-0.5,0,0.055
2217.4,1,0.056,-0.5,0,0.056
2217.4,1,0.057,-0.5,0,0.057
2217.3,1,0.058,-0.5,0,0.058
2217.3,1,0.059,-0.5,0,0.059
2217.3,1,0.06,-0.5,0,0.06
2217.3,1,0.061,-0.5,0,0.061
2217.2,1,0.062,-0.5,0,0.062
2217.2,1,0.063,-0.5,0,0.063
2217.2,1,0.064,-0.5,0,0.064
2217.2,1,0.065,-0.5,0,0.065
2217.1,1,0.066,-0.5,0,0.066
2217.1,1,0.067,-0.5,0,0.067
2217.1,1,0.068,-0.5,0,0.068
2217,1,0.069,-0.5,0,0.069
2217,1,0.07,-0.5,0,0.07
2217,1,0.071,-0.5,0,0.071
2217,1,0.072,-0.5,0,0.072
2216.9,1,0.073,-0.5,0,0.073
2216.9,1,0.074,-0.5,0,0.074
2216.9,1,0.075,-0.5,0,0.075
2216.8,1,0.076,-0.5,0,0.076
2216.8,1,0.077,-0.5,0,0.077
2216.8,1,0.078,-0.5,0,0.078
2216.7,1,0.079,-0.5,0,0.079
2216.7,1,0.08,-0.5,0,0.08
2216.6,1,0.081,-0.5,0,0.081
2216.6,1,0.082,-0.5,0,0.082
2216.6,1,0.083,-0.5,0,0.083
2216.5,1,0.084,-0.5,0,0.084
2216.5,1,0.085,-0.5,0,0.085
2216.5,1,0.086,-0.5,0,0.086
2216.4,1,0.087,-0.5,0,0.087
2216.4,1,0.088,-0.5,0,0.088
2216.4,1,0.089,-0.5,0,0.089
2216.3,1,0.09,-0.5,0,0.09
2216.3,1,0.091,-0.5,0,0.091
2216.2,1,0.092,-0.5,0,0.092
2216.2,1,0.093,-0.5,0,0.093
2216.2,1,0.094,-0.5,0,0.094
2216.1,1,0.095,-0.5,0,0.095
2216.1,1,0.096,-0.5,0,0.096
2216,1,0.097,-0.5,0,0.097
2216,1,0.098,-0.5,0,0.098
2215.9,1,0.099,-0.5,0,0.099
2215.9,1,0.1,-0.5,0,0.1
2215.9,1,0.101,-0.5,0,0.101
2215.8,1,0.102,-0.5,0,0.102
2215.8,1,0.103,-0.5,0,0.103
2215.7,1,0.104,-0.5,0,0.104
2215.7,1,0.105,-0.5,0,0.105
2215.6,1,0.106,-0.5,0,0.106
2215.6,1,0.107,-0.5,0,0.107
2215.5,1,0.108,-0.5,0,0.108
2215.5,1,0.109,-0.5,0,0.109
2215.4,1,0.11,-0.5,0,0.11
2215.4,1,0.111,-0.5,0,0.111
2215.3,1,0.112,-0.5,0,0.112
2215.3,1,0.113,-0.5,0,0.113
2215.2,1,0.114,-0.5,0,0.114
2215.2,1,0.115,-0.5,0,0.115
2215.1,1,0.116,-0.5,0,0.116
2215.1,1,0.117,-0.5,0,0.117
2215,1,0.118,-0.5,0,0.118
2215,1,0.119,-0.5,0,0.119
2214.9,1,0.12,-0.5,0,0.12
2214.9,1,0.121,-0.5,0,0.121
2214.8,1,0.122,-0.5,0,0.122
2214.8,1,0.123,-0.5,0,0.123
2214.7,1,0.124,-0.5,0,0.124
2214.7,1,0.125,-0.5,0,0.125
2214.6,1,0.126,-0.5,0,0.126
2214.6,1,0.127,-0.5,0,0.127
2214.5,1,0.128,-0.5,0,0.128
2214.5,1,0.129,-0.5,0,0.129
2214.4,1,0.13,-0.5,0,0.13
2214.3,1,0.131,-0.5,0,0.131
2214.3,1,0.132,-0.5,0,0.132
2214.2,1,0.133,-0.5,0,0.133
2214.2,1,0.134,-0.5,0,0.134
2214.1,1,0.135,-0.5,0,0.135
2214,1,0.136,-0.5,0,0.136
2214,1,0.137,-0.5,0,0.137
2213.9,1,0.138,-0.5,0,0.138
2213.9,1,0.139,-0.5,0,0.139
2213.8,1,0.14,-0.5,0,0.14
2213.7,1,0.141,-0.5,0,0.141
2213.7,1,0.142,-0.5,0,0.142
2213.6,1,0.143,-0.5,0,0.143
2213.6,1,0.144,-0.5,0,0.144
2213.5,1,0.145,-0.5,0,0.145
2213.4,1,0.146,-0.5,0,0.146
2213.4,1,0.147,-0.5,0,0.147
2213.3,1,0.148,-0.5,0,0.148
2213.2,1,0.149,-0.5,0,0.149
2213.2,1,0.15,-0.5,0,0.15
2213.1,1,0.151,-0.5,0,0.151
2213,1,0.152,-0.5,0,0.152
2213,1,0.153,-0.5,0,0.153
2212.9,1,0.154,-0.5,0,0.154
2212.8,1,0.155,-0.5,0,0.155
2212.8,1,0.156,-0.5,0,0.156
2212.7,1,0.157,-0.5,0,0.157
2212.6,1,0.158,-0.5,0,0.158
2212.6,1,0.159,-0.5,0,0.159
2212.5,1,0.16,-0.5,0,0.16
2212.4,1,0.161,-0.5,0,0.161
2212.4,1,0.162,-0.5,0,0.162
2212.3,1,0.163,-0.5,0,0.163
2212.2,1,0.164,-0.5,0,0.164
2212.1,1,0.165,-0.5,0,0.165
2212.1,1,0.166,-0.5,0,0.166
2212,1,0.167,-0.5,0,0.167
2211.9,1,0.168,-0.5,0,0.168
2211.8,1,0.169,-0.5,0,0.169
2211.8,1,0.17,-0.5,0,0.17
2211.7,1,0.171,-0.5,0,0.171
2211.6,1,0.172,-0.5,0,0.172
2211.5,1,0.173,-0.5,0,0.173
2211.5,1,0.174,-0.5,0,0.174
2211.4,1,0.175,-0.5,0,0.175
2211.3,1,0.176,-0.5,0,0.176
2211.2,1,0.177,-0.5,0,0.177
2211.2,1,0.178,-0.5,0,0.178
2211.1,1,0.179,-0.5,0,0.179
2211,1,0.18,-0.5,0,0.18
2210.9,1,0.181,-0.5,0,0.181
2210.9,1,0.182,-0.5,0,0.182
2210.8,1,0.183,-0.5,0,0.183
2210.7,1,0.184,-0.5,0,0.184
2210.6,1,0.185,-0.5,0,0.185
2210.5,1,0.186,-0.5,0,0.186
2210.5,1,0.187,-0.5,0,0.187
2210.4,1,0.188,-0.5,0,0.188
2210.3,1,0.189,-0.5,0,0.189
2210.2,1,0.19,-0.5,0,0.19
2210.1,1,0.191,-0.5,0,0.191
2210,1,0.192,-0.5,0,0.192
2210,1,0.193,-0.5,0,0.193
2209.9,1,0.194,-0.5,0,0.194
2209.8,1,0.195,-0.5,0,0.195
2209.7,1,0.196,-0.5,0,0.196
2209.6,1,0.197,-0.5,0,0.197
2209.5,1,0.198,-0.5,0,0.198
2209.4,1,0.199,-0.5,0,0.199
2209.4,1,0.2,-0.5,0,0.2
2209.3,1,0.201,-0.5,0,0.201
2209.2,1,0.202,-0.5,0,0.202
2209.1,1,0.203,-0.5,0,0.203
2209,1,0.204,-0.5,0,0.204
2208.9,1,0.205,-0.5,0,0.205
2208.8,1,0.206,-0.5,0,0.206
2208.7,1,0.207,-0.5,0,0.207
2208.6,1,0.208,-0.5,0,0.208
2208.6,1,0.209,-0.5,0,0.209
2208.5,1,0.21,-0.5,0,0.21
2208.4,1,0.211,-0.5,0,0.211
2208.3,1,0.212,-0.5,0,0.212
2208.2,1,0.213,-0.5,0,0.213
2208.1,1,0.214,-0.5,0,0.214
2208,1,0.215,-0.5,0,0.215
2207.9,1,0.216,-0.5,0,0.216
2207.8,1,0.217,-0.5,0,0.217
2207.7,1,0.218,-0.5,0,0.218
2207.6,1,0.219,-0.5,0,0.219
2207.5,1,0.22,-0.5,0,0.22
2207.4,1,0.221,-0.5,0,0.221
2207.3,1,0.222,-0.5,0,0.222
2207.2,1,0.223,-0.5,0,0.223
2207.1,1,0.224,-0.5,0,0.224
2207,1,0.225,-0.5,0,0.225
2206.9,1,0.226,-0.5,0,0.226
2206.8,1,0.227,-0.5,0,0.227
2206.7,1,0.228,-0.5,0,0.228
2206.6,1,0.229,-0.5,0,0.229
2206.5,1,0.23,-0.5,0,0.23
2206.4,1,0.231,-0.5,0,0.231
2206.3,1,0.232,-0.5,0,0.232
2206.2,1,0.233,-0.5,0,0.233
2206.1,1,0.234,-0.5,0,0.234
2206,1,0.235,-0.5,0,0.235
2205.9,1,0.236,-0.5,0,0.236
2205.8,1,0.237,-0.5,0,0.237
2205.7,1,0.238,-0.5,0,0.238
2205.6,1,0.239,-0.5,0,0.239
2205.5,1,0.24,-0.5,0,0.24
2205.4,1,0.241,-0.5,0,0.241
2205.3,1,0.242,-0.5,0,0.242
2205.2,1,0.243,-0.5,0,0.243
2205.1,1,0.244,-0.5,0,0.244
2205,1,0.245,-0.5,0,0.245
2204.9,1,0.246,-0.5,0,0.246
2204.8,1,0.247,-0.5,0,0.247
2204.7,1,0.248,-0.5,0,0.248
2204.6,1,0.249,-0.5,0,0.249
2204.4,1,0.25,-0.5,0,0.25
2204.3,1,0.251,-0.5,0,0.251
2204.2,1,0.252,-0.5,0,0.252
2204.1,1,0.253,-0.5,0,0.253
2204,1,0.254,-0.5,0,0.254
2203.9,1,0.255,-0.5,0,0.255
2203.8,1,0.256,-0.5,0,0.256
2203.7,1,0.257,-0.5,0,0.257
2203.6,1,0.258,-0.5,0,0.258
2203.5,1,0.259,-0.5,0,0.259
2203.3,1,0.26,-0.5,0,0.26
2203.2,1,0.261,-0.5,0,0.261
2203.1,1,0.262,-0.5,0,0.262
2203,1,0.263,-0.5,0,0.263
2202.9,1,0.264,-0.5,0,0.264
2202.8,1,0.265,-0.5,0,0.265
2202.7,1,0.266,-0.5,0,0.266
2202.5,1,0.267,-0.5,0,0.267
2202.4,1,0.268,-0.5,0,0.268
2202.3,1,0.269,-0.5,0,0.269
2202.2,1,0.27,-0.5,0,0.27
2202.1,1,0.271,-0.5,0,0.271
2201.9,1,0.272,-0.5,0,0.272
2201.8,1,0.273,-0.5,0,0.273
2201.7,1,0.274,-0.5,0,0.274
2201.6,1,0.275,-0.5,0,0.275
2201.5,1,0.276,-0.5,0,0.276
2201.3,1,0.277,-0.5,0,0.277
2201.2,1,0.278,-0.5,0,0.278
2201.1,1,0.279,-0.5,0,0.279
2201,1,0.28,-0.5,0,0.28
2200.9,1,0.281,-0.5,0,0.281
2200.7,1,0.282,-0.5,0,0.282
2200.6,1,0.283,-0.5,0,0.283
2200.5,1,0.284,-0.5,0,0.284
2200.4,1,0.285,-0.5,0,0.285
2200.2,1,0.286,-0.5,0,0.286
2200.1,1,0.287,-0.5,0,0.287
2200,1,0.288,-0.5,0,0.288
2199.9,1,0.289,-0.5,0,0.289
2199.7,1,0.29,-0.5,0,0.29
2199.6,1,0.291,-0.5,0,0.291
2199.5,1,0.292,-0.5,0,0.292
2199.4,1,0.293,-0.5,0,0.293
2199.2,1,0.294,-0.5,0,0.294
2199.1,1,0.295,-0.5,0,0.295
2199,1,0.296,-0.5,0,0.296
2198.8,1,0.297,-0.5,0,0.297
2198.7,1,0.298,-0.5,0,0.298
2198.6,1,0.299,-0.5,0,0.299
2198.5,1,0.3,-0.5,0,0.3
2198.3,1,0.301,-0.5,0,0.301
2198.2,1,0.302,-0.5,0,0.302
2198.1,1,0.303,-0.5,0,0.303
2197.9,1,0.304,-0.5,0,0.304
2197.8,1,0.305,-0.5,0,0.305
2197.7,1,0.306,-0.5,0,0.306
2197.5,1,0.307,-0.5,0,0.307
2197.4,1,0.308,-0.5,0,0.308
2197.3,1,0.309,-0.5,0,0.309
2197.1,1,0.31,-0.5,0,0.31
2197,1,0.311,-0.5,0,0.311
2196.9,1,0.312,-0.5,0,0.312
2196.7,1,0.313,-0.5,0,0.313
2196.6,1,0.314,-0.5,0,0.314
2196.4,1,0.315,-0.5,0,0.315
2196.3,1,0.316,-0.5,0,0.316
2196.2,1,0.317,-0.5,0,0.317
2196,1,0.318,-0.5,0,0.318
2195.9,1,0.319,-0.5,0,0.319
2195.8,1,0.32,-0.5,0,0.32
2195.6,1,0.321,-0.5,0,0.321
2195.5,1,0.322,-0.5,0,0.322
2195.3,1,0.323,-0.5,0,0.323
2195.2,1,0.324,-0.5,0,0.324
2195,1,0.325,-0.5,0,0.325
2194.9,1,0.326,-0.5,0,0.326
2194.8,1,0.327,-0.5,0,0.327
2194.6,1,0.328,-0.5,0,0.328
2194.5,1,0.329,-0.5,0,0.329
2194.3,1,0.33,-0.5,0,0.33
2194.2,1,0.331,-0.5,0,0.331
2194,1,0.332,-0.5,0,0.332
2193.9,1,0.333,-0.5,0,0.333
2193.8,1,0.334,-0.5,0,0.334
2193.6,1,0.335,-0.5,0,0.335
2193.5,1,0.336,-0.5,0,0.336
2193.3,1,0.337,-0.5,0,0.337
2193.2,1,0.338,-0.5,0,0.338
2193,1,0.339,-0.5,0,0.339
2192.9,1,0.34,-0.5,0,0.34
2192.7,1,0.341,-0.5,0,0.341
2192.6,1,0.342,-0.5,0,0.342
2192.4,1,0.343,-0.5,0,0.343
2192.3,1,0.344,-0.5,0,0.344
2192.1,1,0.345,-0.5,0,0.345
2192,1,0.346,-0.5,0,0.346
2191.8,1,0.347,-0.5,0,0.347
2191.7,1,0.348,-0.5,0,0.348
2191.5,1,0.349,-0.5,0,0.349
2191.4,1,0.35,-0.5,0,0.35
2191.2,1,0.351,-0.5,0,0.351
2191.1,1,0.352,-0.5,0,0.352
2190.9,1,0.353,-0.5,0,0.353
2190.8,1,0.354,-0.5,0,0.354
2190.6,1,0.355,-0.5,0,0.355
2190.4,1,0.356,-0.5,0,0.356
2190.3,1,0.357,-0.5,0,0.357
2190.1,1,0.358,-0.5,0,0.358
2190,1,0.359,-0.5,0,0.359
2189.8,1,0.36,-0.5,0,0.36
2189.7,1,0.361,-0.5,0,0.361
2189.5,1,0.362,-0.5,0,0.362
2189.3,1,0.363,-0.5,0,0.363
2189.2,1,0.364,-0.5,0,0.364
2189,1,0.365,-0.5,0,0.365
2188.9,1,0.366,-0.5,0,0.366
2188.7,1,0.367,-0.5,0,0.367
2188.5,1,0.368,-0.5,0,0.368
2188.4,1,0.369,-0.5,0,0.369
2188.2,1,0.37,-0.5,0,0.37
2188.1,1,0.371,-0.5,0,0.371
2187.9,1,0.372,-0.5,0,0.372
2187.7,1,0.373,-0.5,0,0.373
2187.6,1,0.374,-0.5,0,0.374
2187.4,1,0.375,-0.5,0,0.375
2187.3,1,0.376,-0.5,0,0.376
2187.1,1,0.377,-0.5,0,0.377
2186.9,1,0.378,-0.5,0,0.378
2186.8,1,0.379,-0.5,0,0.379
2186.6,1,0.38,-0.5,0,0.38
2186.4,1,0.381,-0.5,0,0.381
2186.3,1,0.382,-0.5,0,0.382
2186.1,1,0.383,-0.5,0,0.383
2185.9,1,0.384,-0.5,0,0.384
2185.8,1,0.385,-0.5,0,0.385
2185.6,1,0.386,-0.5,0,0.386
2185.4,1,0.387,-0.5,0,0.387
2185.3,1,0.388,-0.5,0,0.388
2185.1,1,0.389,-0.5,0,0.389
2184.9,1,0.39,-0.5,0,0.39
2184.7,1,0.391,-0.5,0,0.391
2184.6,1,0.392,-0.5,0,0.392
2184.4,1,0.393,-0.5,0,0.393
2184.2,1,0.394,-0.5,0,0.394
2184.1,1,0.395,-0.5,0,0.395
2183.9,1,0.396,-0.5,0,0.396
2183.7,1,0.397,-0.5,0,0.397
2183.5,1,0.398,-0.5,0,0.398
2183.4,1,0.399,-0.5,0,0.399
2183.2,1,0.4,-0.5,0,0.4
2183,1,0.401,-0.5,0,0.401
2182.8,1,0.402,-0.5,0,0.402
2182.7,1,0.403,-0.5,0,0.403
2182.5,1,0.404,-0.5,0,0.404
2182.3,1,0.405,-0.5,0,0.405
2182.1,1,0.406,-0.5,0,0.406
2182,1,0.407,-0.5,0,0.407
2181.8,1,0.408,-0.5,0,0.408
2181.6,1,0.409,-0.5,0,0.409
2181.4,1,0.41,-0.5,0,0.41
2181.2,1,0.411,-0.5,0,0.411
2181.1,1,0.412,-0.5,0,0.412
2180.9,1,0.413,-0.5,0,0.413
2180.7,1,0.414,-0.5,0,0.414
2180.5,1,0.415,-0.5,0,0.415
2180.3,1,0.416,-0.5,0,0.416
2180.2,1,0.417,-0.5,0,0.417
2180,1,0.418,-0.5,0,0.418
2179.8,1,0.419,-0.5,0,0.419
2179.6,1,0.42,-0.5,0,0.42
2179.4,1,0.421,-0.5,0,0.421
2179.2,1,0.422,-0.5,0,0.422
2179.1,1,0.423,-0.5,0,0.423
2178.9,1,0.424,-0.5,0,0.424
2178.7,1,0.425,-0.5,0,0.425
2178.5,1,0.426,-0.5,0,0.426
2178.3,1,0.427,-0.5,0,0.427
2178.1,1,0.428,-0.5,0,0.428
2177.9,1,0.429,-0.5,0,0.429
2177.8,1,0.43,-0.5,0,0.43
2177.6,1,0.431,-0.5,0,0.431
2177.4,1,0.432,-0.5,0,0.432
2177.2,1,0.433,-0.5,0,0.433
2177,1,0.434,-0.5,0,0.434
2176.8,1,0.435,-0.5,0,0.435
2176.6,1,0.436,-0.5,0,0.436
2176.4,1,0.437,-0.5,0,0.437
2176.2,1,0.438,-0.5,0,0.438
2176.1,1,0.439,-0.5,0,0.439
2175.9,1,0.44,-0.5,0,0.44
2175.7,1,0.441,-0.5,0,0.441
2175.5,1,0.442,-0.5,0,0.442
2175.3,1,0.443,-0.5,0,0.443
2175.1,1,0.444,-0.5,0,0.444
2174.9,1,0.445,-0.5,0,0.445
2174.7,1,0.446,-0.5,0,0.446
2174.5,1,0.447,-0.5,0,0.447
2174.3,1,0.448,-0.5,0,0.448
2174.1,1,0.449,-0.5,0,0.449
2173.9,1,0.45,-0.5,0,0.45
2173.7,1,0.451,-0.5,0,0.451
2173.5,1,0.452,-0.5,0,0.452
2173.3,1,0.453,-0.5,0,0.453
2173.1,1,0.454,-0.5,0,0.454
2172.9,1,0.455,-0.5,0,0.455
2172.7,1,0.456,-0.5,0,0.456
2172.5,1,0.457,-0.5,0,0.457
2172.3,1,0.458,-0.5,0,0.458
2172.1,1,0.459,-0.5,0,0.459
2171.9,1,0.46,-0.5,0,0.46
2171.7,1,0.461,-0.5,0,0.461
2171.5,1,0.462,-0.5,0,0.462
2171.3,1,0.463,-0.5,0,0.463
2171.1,1,0.464,-0.5,0,0.464
2170.9,1,0.465,-0.5,0,0.465
2170.7,1,0.466,-0.5,0,0.466
2170.5,1,0.467,-0.5,0,0.467
2170.3,1,0.468,-0.5,0,0.468
2170.1,1,0.469,-0.5,0,0.469
2169.9,1,0.47,-0.5,0,0.47
2169.7,1,0.471,-0.5,0,0.471
2169.5,1,0.472,-0.5,0,0.472
2169.3,1,0.473,-0.5,0,0.473
2169.1,1,0.474,-0.5,0,0.474
2168.9,1,0.475,-0.5,0,0.475
2168.7,1,0.476,-0.5,0,0.476
2168.5,1,0.477,-0.5,0,0.477
2168.3,1,0.478,-0.5,0,0.478
2168,1,0.479,-0.5,0,0.479
2167.8,1,0.48,-0.5,0,0.48
2167.6,1,0.481,-0.5,0,0.481
2167.4,1,0.482,-0.5,0,0.482
2167.2,1,0.483,-0.5,0,0.483
2167,1,0.484,-0.5,0,0.484
2166.8,1,0.485,-0.5,0,0.485
2166.6,1,0.486,-0.5,0,0.486
2166.4,1,0.487,-0.5,0,0.487
2166.1,1,0.488,-0.5,0,0.488
2165.9,1,0.489,-0.5,0,0.489
2165.7,1,0.49,-0.5,0,0.49
2165.5,1,0.491,-0.5,0,0.491
2165.3,1,0.492,-0.5,0,0.492
2165.1,1,0.493,-0.5,0,0.493
2164.9,1,0.494,-0.5,0,0.494
2164.6,1,0.495,-0.5,0,0.495
2164.4,1,0.496,-0.5,0,0.496
2164.2,1,0.497,-0.5,0,0.497
2164,1,0.498,-0.5,0,0.498
2163.8,1,0.499,-0.5,0,0.499
2163.6,1,0.5,-0.5,0,0.5
2163.3,1,0.501,-0.5,0,0.501
2163.1,1,0.502,-0.5,0,0.502
2162.9,1,0.503,-0.5,0,0.503
2162.7,1,0.504,-0.5,0,0.504
2162.5,1,0.505,-0.5,0,0.505
2162.2,1,0.506,-0.5,0,0.506
2162,1,0.507,-0.5,0,0.507
2161.8,1,0.508,-0.5,0,0.508
2161.6,1,0.509,-0.5,0,0.509
2161.4,1,0.51,-0.5,0,0.51
2161.1,1,0.511,-0.5,0,0.511
2160.9,1,0.512,-0.5,0,0.512
2160.7,1,0.513,-0.5,0,0.513
2160.5,1,0.514,-0.5,0,0.514
2160.2,1,0.515,-0.5,0,0.515
2160,1,0.516,-0.5,0,0.516
2159.8,1,0.517,-0.5,0,0.517
2159.6,1,0.518,-0.5,0,0.518
2159.3,1,0.519,-0.5,0,0.519
2159.1,1,0.52,-0.5,0,0.52
2158.9,1,0.521,-0.5,0,0.521
2158.7,1,0.522,-0.5,0,0.522
2158.4,1,0.523,-0.5,0,0.523
2158.2,1,0.524,-0.5,0,0.524
2158,1,0.525,-0.5,0,0.525
2157.7,1,0.526,-0.5,0,0.526
2157.5,1,0.527,-0.5,0,0.527
2157.3,1,0.528,-0.5,0,0.528
2157.1,1,0.529,-0.5,0,0.529
2156.8,1,0.53,-0.5,0,0.53
2156.6,1,0.531,-0.5,0,0.531
2156.4,1,0.532,-0.5,0,0.532
2156.1,1,0.533,-0.5,0,0.533
2155.9,1,0.534,-0.5,0,0.534
2155.7,1,0.535,-0.5,0,0.535
2155.4,1,0.536,-0.5,0,0.536
2155.2,1,0.537,-0.5,0,0.537
2155,1,0.538,-0.5,0,0.538
2154.7,1,0.539,-0.5,0,0.539
2154.5,1,0.54,-0.5,0,0.54
2154.3,1,0.541,-0.5,0,0.541
2154,1,0.542,-0.5,0,0.542
2153.8,1,0.543,-0.5,0,0.543
2153.5,1,0.544,-0.5,0,0.544
2153.3,1,0.545,-0.5,0,0.545
2153.1,1,0.546,-0.5,0,0.546
2152.8,1,0.547,-0.5,0,0.547
2152.6,1,0.548,-0.5,0,0.548
2152.3,1,0.549,-0.5,0,0.549
2152.1,1,0.55,-0.5,0,0.55
2151.9,1,0.551,-0.5,0,0.551
2151.6,1,0.552,-0.5,0,0.552
2151.4,1,0.553,-0.5,0,0.553
2151.1,1,0.554,-0.5,0,0.554
2150.9,1,0.555,-0.5,0,0.555
2150.7,1,0.556,-0.5,0,0.556
2150.4,1,0.557,-0.5,0,0.557
2150.2,1,0.558,-0.5,0,0.558
2149.9,1,0.559,-0.5,0,0.559
2149.7,1,0.56,-0.5,0,0.56
2149.4,1,0.561,-0.5,0,0.561
2149.2,1,0.562,-0.5,0,0.562
2149,1,0.563,-0.5,0,0.563
2148.7,1,0.564,-0.5,0,0.564
2148.5,1,0.565,-0.5,0,0.565
2148.2,1,0.566,-0.5,0,0.566
2148,1,0.567,-0.5,0,0.567
2147.7,1,0.568,-0.5,0,0.568
2147.5,1,0.569,-0.5,0,0.569
2147.2,1,0.57,-0.5,0,0.57
2147,1,0.571,-0.5,0,0.571
2146.7,1,0.572,-0.5,0,0.572
2146.5,1,0.573,-0.5,0,0.573
2146.2,1,0.574,-0.5,0,0.574
2146,1,0.575,-0.5,0,0.575
2145.7,1,0.576,-0.5,0,0.576
2145.5,1,0.577,-0.5,0,0.577
2145.2,1,0.578,-0.5,0,0.578
2145,1,0.579,-0.5,0,0.579
2144.7,1,0.58,-0.5,0,0.58
2144.5,1,0.581,-0.5,0,0.581
2144.2,1,0.582,-0.5,0,0.582
2144,1,0.583,-0.5,0,0.583
2143.7,1,0.584,-0.5,0,0.584
2143.4,1,0.585,-0.5,0,0.585
2143.2,1,0.586,-0.5,0,0.586
2142.9,1,0.587,-0.5,0,0.587
2142.7,1,0.588,-0.5,0,0.588
2142.4,1,0.589,-0.5,0,0.589
2142.2,1,0.59,-0.5,0,0.59
2141.9,1,0.591,-0.5,0,0.591
2141.7,1,0.592,-0.5,0,0.592
2141.4,1,0.593,-0.5,0,0.593
2141.1,1,0.594,-0.5,0,0.594
2140.9,1,0.595,-0.5,0,0.595
2140.6,1,0.596,-0.5,0,0.596
2140.4,1,0.597,-0.5,0,0.597
2140.1,1,0.598,-0.5,0,0.598
2139.8,1,0.599,-0.5,0,0.599
2139.6,1,0.6,-0.5,0,0.6
2139.3,1,0.601,-0.5,0,0.601
2139,1,0.602,-0.5,0,0.602
2138.8,1,0.603,-0.5,0,0.603
2138.5,1,0.604,-0.5,0,0.604
2138.3,1,0.605,-0.5,0,0.605
2138,1,0.606,-0.5,0,0.606
2137.7,1,0.607,-0.5,0,0.607
2137.5,1,0.608,-0.5,0,0.608
2137.2,1,0.609,-0.5,0,0.609
2136.9,1,0.61,-0.5,0,0.61
2136.7,1,0.611,-0.5,0,0.611
2136.4,1,0.612,-0.5,0,0.612
2136.1,1,0.613,-0.5,0,0.613
2135.9,1,0.614,-0.5,0,0.614
2135.6,1,0.615,-0.5,0,0.615
2135.3,1,0.616,-0.5,0,0.616
2135.1,1,0.617,-0.5,0,0.617
2134.8,1,0.618,-0.5,0,0.618
2134.5,1,0.619,-0.5,0,0.619
2134.3,1,0.62,-0.5,0,0.62
2134,1,0.621,-0.5,0,0.621
2133.7,1,0.622,-0.5,0,0.622
2133.4,1,0.623,-0.5,0,0.623
2133.2,1,0.624,-0.5,0,0.624
2132.9,1,0.625,-0.5,0,0.625
2132.6,1,0.626,-0.5,0,0.626
2132.3,1,0.627,-0.5,0,0.627
2132.1,1,0.628,-0.5,0,0.628
2131.8,1,0.629,-0.5,0,0.629
2131.5,1,0.63,-0.5,0,0.63
2131.2,1,0.631,-0.5,0,0.631
2131,1,0.632,-0.5,0,0.632
2130.7,1,0.633,-0.5,0,0.633
2130.4,1,0.634,-0.5,0,0.634
2130.1,1,0.635,-0.5,0,0.635
2129.9,1,0.636,-0.5,0,0.636
2129.6,1,0.637,-0.5,0,0.637
2129.3,1,0.638,-0.5,0,0.638
2129,1,0.639,-0.5,0,0.639
2128.8,1,0.64,-0.5,0,0.64
2128.5,1,0.641,-0.5,0,0.641
2128.2,1,0.642,-0.5,0,0.642
2127.9,1,0.643,-0.5,0,0.643
2127.6,1,0.644,-0.5,0,0.644
2127.4,1,0.645,-0.5,0,0.645
2127.1,1,0.646,-0.5,0,0.646
2126.8,1,0.647,-0.5,0,0.647
2126.5,1,0.648,-0.5,0,0.648
2126.2,1,0.649,-0.5,0,0.649
2125.9,1,0.65,-0.5,0,0.65
2125.7,1,0.651,-0.5,0,0.651
2125.4,1,0.652,-0.5,0,0.652
2125.1,1,0.653,-0.5,0,0.653
2124.8,1,0.654,-0.5,0,0.654
2124.5,1,0.655,-0.5,0,0.655
2124.2,1,0.656,-0.5,0,0.656
2123.9,1,0.657,-0.5,0,0.657
2123.7,1,0.658,-0.5,0,0.658
2123.4,1,0.659,-0.5,0,0.659
2123.1,1,0.66,-0.5,0,0.66
2122.8,1,0.661,-0.5,0,0.661
2122.5,1,0.662,-0.5,0,0.662
2122.2,1,0.663,-0.5,0,0.663
2121.9,1,0.664,-0.5,0,0.664
2121.6,1,0.665,-0.5,0,0.665
2121.4,1,0.666,-0.5,0,0.666
2121.1,1,0.667,-0.5,0,0.667
2120.8,1,0.668,-0.5,0,0.668
2120.5,1,0.669,-0.5,0,0.669
2120.2,1,0.67,-0.5,0,0.67
2119.9,1,0.671,-0.5,0,0.671
2119.6,1,0.672,-0.5,0,0.672
2119.3,1,0.673,-0.5,0,0.673
2119,1,0.674,-0.5,0,0.674
2118.7,1,0.675,-0.5,0,0.675
2118.4,1,0.676,-0.5,0,0.676
2118.1,1,0.677,-0.5,0,0.677
2117.8,1,0.678,-0.5,0,0.678
2117.5,1,0.679,-0.5,0,0.679
2117.2,1,0.68,-0.5,0,0.68
2116.9,1,0.681,-0.5,0,0.681
2116.6,1,0.682,-0.5,0,0.682
2116.3,1,0.683,-0.5,0,0.683
2116.1,1,0.684,-0.5,0,0.684
2115.8,1,0.685,-0.5,0,0.685
2115.5,1,0.686,-0.5,0,0.686
2115.2,1,0.687,-0.5,0,0.687
2114.9,1,0.688,-0.5,0,0.688
2114.6,1,0.689,-0.5,0,0.689
2114.3,1,0.69,-0.5,0,0.69
2114,1,0.691,-0.5,0,0.691
2113.7,1,0.692,-0.5,0,0.692
2113.3,1,0.693,-0.5,0,0.693
2113,1,0.694,-0.5,0,0.694
2112.7,1,0.695,-0.5,0,0.695
2112.4,1,0.696,-0.5,0,0.696
2112.1,1,0.697,-0.5,0,0.697
2111.8,1,0.698,-0.5,0,0.698
2111.5,1,0.699,-0.5,0,0.699
2111.2,1,0.7,-0.5,0,0.7
2110.9,1,0.701,-0.5,0,0.701
2110.6,1,0.702,-0.5,0,0.702
2110.3,1,0.703,-0.5,0,0.703
2110,1,0.704,-0.5,0,0.704
2109.7,1,0.705,-0.5,0,0.705
2109.4,1,0.706,-0.5,0,0.706
2109.1,1,0.707,-0.5,0,0.707
2108.8,1,0.708,-0.5,0,0.708
2108.5,1,0.709,-0.5,0,0.709
2108.1,1,0.71,-0.5,0,0.71
2107.8,1,0.711,-0.5,0,0.711
2107.5,1,0.712,-0.5,0,0.712
2107.2,1,0.713,-0.5,0,0.713
2106.9,1,0.714,-0.5,0,0.714
2106.6,1,0.715,-0.5,0,0.715
2106.3,1,0.716,-0.5,0,0.716
2106,1,0.717,-0.5,0,0.717
2105.7,1,0.718,-0.5,0,0.718
2105.3,1,0.719,-0.5,0,0.719
2105,1,0.72,-0.5,0,0.72
2104.7,1,0.721,-0.5,0,0.721
2104.4,1,0.722,-0.5,0,0.722
2104.1,1,0.723,-0.5,0,0.723
2103.8,1,0.724,-0.5,0,0.724
2103.4,1,0.725,-0.5,0,0.725
2103.1,1,0.726,-0.5,0,0.726
2102.8,1,0.727,-0.5,0,0.727
2102.5,1,0.728,-0.5,0,0.728
2102.2,1,0.729,-0.5,0,0.729
2101.9,1,0.73,-0.5,0,0.73
2101.5,1,0.731,-0.5,0,0.731
2101.2,1,0.732,-0.5,0,0.732
2100.9,1,0.733,-0.5,0,0.733
2100.6,1,0.734,-0.5,0,0.734
2100.3,1,0.735,-0.5,0,0.735
2099.9,1,0.736,-0.5,0,0.736
2099.6,1,0.737,-0.5,0,0.737
2099.3,1,0.738,-0.5,0,0.738
2099,1,0.739,-0.5,0,0.739
2098.7,1,0.74,-0.5,0,0.74
2098.3,1,0.741,-0.5,0,0.741
2098,1,0.742,-0.5,0,0.742
2097.7,1,0.743,-0.5,0,0.743
2097.4,1,0.744,-0.5,0,0.744
2097,1,0.745,-0.5,0,0.745
2096.7,1,0.746,-0.5,0,0.746
2096.4,1,0.747,-0.5,0,0.747
2096.1,1,0.748,-0.5,0,0.748
2095.7,1,0.749,-0.5,0,0.749
2095.4,1,0.75,-0.5,0,0.75
2095.1,1,0.751,-0.5,0,0.751
2094.8,1,0.752,-0.5,0,0.752
2094.4,1,0.753,-0.5,0,0.753
2094.1,1,0.754,-0.5,0,0.754
2093.8,1,0.755,-0.5,0,0.755
2093.4,1,0.756,-0.5,0,0.756
2093.1,1,0.757,-0.5,0,0.757
2092.8,1,0.758,-0.5,0,0.758
2092.5,1,0.759,-0.5,0,0.759
2092.1,1,0.76,-0.5,0,0.76
2091.8,1,0.761,-0.5,0,0.761
2091.5,1,0.762,-0.5,0,0.762
2091.1,1,0.763,-0.5,0,0.763
2090.8,1,0.764,-0.5,0,0.764
2090.5,1,0.765,-0.5,0,0.765
2090.1,1,0.766,-0.5,0,0.766
2089.8,1,0.767,-0.5,0,0.767
2089.4,1,0.768,-0.5,0,0.768
2089.1,1,0.769,-0.5,0,0.769
2088.8,1,0.77,-0.5,0,0.77
2088.4,1,0.771,-0.5,0,0.771
2088.1,1,0.772,-0.5,0,0.772
2087.8,1,0.773,-0.5,0,0.773
2087.4,1,0.774,-0.5,0,0.774
2087.1,1,0.775,-0.5,0,0.775
2086.8,1,0.776,-0.5,0,0.776
2086.4,1,0.777,-0.5,0,0.777
2086.1,1,0.778,-0.5,0,0.778
2085.7,1,0.779,-0.5,0,0.779
2085.4,1,0.78,-0.5,0,0.78
2085.1,1,0.781,-0.5,0,0.781
2084.7,1,0.782,-0.5,0,0.782
2084.4,1,0.783,-0.5,0,0.783
2084,1,0.784,-0.5,0,0.784
2083.7,1,0.785,-0.5,0,0.785
2083.4,1,0.786,-0.5,0,0.786
2083,1,0.787,-0.5,0,0.787
2082.7,1,0.788,-0.5,0,0.788
2082.3,1,0.789,-0.5,0,0.789
2082,1,0.79,-0.5,0,0.79
2081.6,1,0.791,-0.5,0,0.791
2081.3,1,0.792,-0.5,0,0.792
2080.9,1,0.793,-0.5,0,0.793
2080.6,1,0.794,-0.5,0,0.794
2080.2,1,0.795,-0.5,0,0.795
2079.9,1,0.796,-0.5,0,0.796
2079.6,1,0.797,-0.5,0,0.797
2079.2,1,0.798,-0.5,0,0.798
2078.9,1,0.799,-0.5,0,0.799
2078.5,1,0.8,-0.5,0,0.8
2078.2,1,0.801,-0.5,0,0.801
2077.8,1,0.802,-0.5,0,0.802
2077.5,1,0.803,-0.5,0,0.803
2077.1,1,0.804,-0.5,0,0.804
2076.8,1,0.805,-0.5,0,0.805
2076.4,1,0.806,-0.5,0,0.806
2076.1,1,0.807,-0.5,0,0.807
2075.7,1,0.808,-0.5,0,0.808
2075.4,1,0.809,-0.5,0,0.809
2075,1,0.81,-0.5,0,0.81
2074.6,1,0.811,-0.5,0,0.811
2074.3,1,0.812,-0.5,0,0.812
2073.9,1,0.813,-0.5,0,0.813
2073.6,1,0.814,-0.5,0,0.814
2073.2,1,0.815,-0.5,0,0.815
2072.9,1,0.816,-0.5,0,0.816
2072.5,1,0.817,-0.5,0,0.817
2072.2,1,0.818,-0.5,0,0.818
2071.8,1,0.819,-0.5,0,0.819
2071.4,1,0.82,-0.5,0,0.82
2071.1,1,0.821,-0.5,0,0.821
2070.7,1,0.822,-0.5,0,0.822
2070.4,1,0.823,-0.5,0,0.823
2070,1,0.824,-0.5,0,0.824
2069.6,1,0.825,-0.5,0,0.825
2069.3,1,0.826,-0.5,0,0.826
2068.9,1,0.827,-0.5,0,0.827
2068.6,1,0.828,-0.5,0,0.828
2068.2,1,0.829,-0.5,0,0.829
2067.8,1,0.83,-0.5,0,0.83
2067.5,1,0.831,-0.5,0,0.831
2067.1,1,0.832,-0.5,0,0.832
2066.8,1,0.833,-0.5,0,0.833
2066.4,1,0.834,-0.5,0,0.834
2066,1,0.835,-0.5,0,0.835
2065.7,1,0.836,-0.5,0,0.836
2065.3,1,0.837,-0.5,0,0.837
2064.9,1,0.838,-0.5,0,0.838
2064.6,1,0.839,-0.5,0,0.839
2064.2,1,0.84,-0.5,0,0.84
2063.8,1,0.841,-0.5,0,0.841
2063.5,1,0.842,-0.5,0,0.842
2063.1,1,0.843,-0.5,0,0.843
2062.7,1,0.844,-0.5,0,0.844
2062.4,1,0.845,-0.5,0,0.845
2062,1,0.846,-0.5,0,0.846
2061.6,1,0.847,-0.5,0,0.847
2061.3,1,0.848,-0.5,0,0.848
2060.9,1,0.849,-0.5,0,0.849
2060.5,1,0.85,-0.5,0,0.85
2060.1,1,0.851,-0.5,0,0.851
2059.8,1,0.852,-0.5,0,0.852
2059.4,1,0.853,-0.5,0,0.853
2059,1,0.854,-0.5,0,0.854
2058.7,1,0.855,-0.5,0,0.855
2058.3,1,0.856,-0.5,0,0.856
2057.9,1,0.857,-0.5,0,0.857
2057.5,1,0.858,-0.5,0,0.858
2057.2,1,0.859,-0.5,0,0.859
2056.8,1,0.86,-0.5,0,0.86
2056.4,1,0.861,-0.5,0,0.861
2056,1,0.862,-0.5,0,0.862
2055.7,1,0.863,-0.5,0,0.863
2055.3,1,0.864,-0.5,0,0.864
2054.9,1,0.865,-0.5,0,0.865
2054.5,1,0.866,-0.5,0,0.866
2054.2,1,0.867,-0.5,0,0.867
2053.8,1,0.868,-0.5,0,0.868
2053.4,1,0.869,-0.5,0,0.869
2053,1,0.87,-0.5,0,0.87
2052.6,1,0.871,-0.5,0,0.871
2052.3,1,0.872,-0.5,0,0.872
2051.9,1,0.873,-0.5,0,0.873
2051.5,1,0.874,-0.5,0,0.874
2051.1,1,0.875,-0.5,0,0.875
2050.7,1,0.876,-0.5,0,0.876
2050.3,1,0.877,-0.5,0,0.877
2050,1,0.878,-0.5,0,0.878
2049.6,1,0.879,-0.5,0,0.879
2049.2,1,0.88,-0.5,0,0.88
2048.8,1,0.881,-0.5,0,0.881
2048.4,1,0.882,-0.5,0,0.882
2048,1,0.883,-0.5,0,0.883
2047.7,1,0.884,-0.5,0,0.884
2047.3,1,0.885,-0.5,0,0.885
2046.9,1,0.886,-0.5,0,0.886
2046.5,1,0.887,-0.5,0,0.887
2046.1,1,0.888,-0.5,0,0.888
2045.7,1,0.889,-0.5,0,0.889
2045.3,1,0.89,-0.5,0,0.89
2045,1,0.891,-0.5,0,0.891
2044.6,1,0.892,-0.5,0,0.892
2044.2,1,0.893,-0.5,0,0.893
2043.8,1,0.894,-0.5,0,0.894
2043.4,1,0.895,-0.5,0,0.895
2043,1,0.896,-0.5,0,0.896
2042.6,1,0.897,-0.5,0,0.897
2042.2,1,0.898,-0.5,0,0.898
2041.8,1,0.899,-0.5,0,0.899
2041.4,1,0.9,-0.5,0,0.9
2041,1,0.901,-0.5,0,0.901
2040.6,1,0.902,-0.5,0,0.902
2040.3,1,0.903,-0.5,0,0.903
2039.9,1,0.904,-0.5,0,0.904
2039.5,1,0.905,-0.5,0,0.905
2039.1,1,0.906,-0.5,0,0.906
2038.7,1,0.907,-0.5,0,0.907
2038.3,1,0.908,-0.5,0,0.908
2037.9,1,0.909,-0.5,0,0.909
2037.5,1,0.91,-0.5,0,0.91
2037.1,1,0.911,-0.5,0,0.911
2036.7,1,0.912,-0.5,0,0.912
2036.3,1,0.913,-0.5,0,0.913
2035.9,1,0.914,-0.5,0,0.914
2035.5,1,0.915,-0.5,0,0.915
2035.1,1,0.916,-0.5,0,0.916
2034.7,1,0.917,-0.5,0,0.917
2034.3,1,0.918,-0.5,0,0.918
2033.9,1,0.919,-0.5,0,0.919
2033.5,1,0.92,-0.5,0,0.92
2033.1,1,0.921,-0.5,0,0.921
2032.7,1,0.922,-0.5,0,0.922
2032.3,1,0.923,-0.5,0,0.923
2031.9,1,0.924,-0.5,0,0.924
2031.5,1,0.925,-0.5,0,0.925
2031.1,1,0.926,-0.5,0,0.926
2030.7,1,0.927,-0.5,0,0.927
2030.3,1,0.928,-0.5,0,0.928
2029.9,1,0.929,-0.5,0,0.929
2029.5,1,0.93,-0.5,0,0.93
2029.1,1,0.931,-0.5,0,0.931
2028.7,1,0.932,-0.5,0,0.932
2028.2,1,0.933,-0.5,0,0.933
2027.8,1,0.934,-0.5,0,0.934
2027.4,1,0.935,-0.5,0,0.935
2027,1,0.936,-0.5,0,0.936
2026.6,1,0.937,-0.5,0,0.937
2026.2,1,0.938,-0.5,0,0.938
2025.8,1,0.939,-0.5,0,0.939
2025.4,1,0.94,-0.5,0,0.94
2025,1,0.941,-0.5,0,0.941
2024.6,1,0.942,-0.5,0,0.942
2024.2,1,0.943,-0.5,0,0.943
2023.7,1,0.944,-0.5,0,0.944
2023.3,1,0.945,-0.5,0,0.945
2022.9,1,0.946,-0.5,0,0.946
2022.5,1,0.947,-0.5,0,0.947
2022.1,1,0.948,-0.5,0,0.948
2021.7,1,0.949,-0.5,0,0.949
2021.3,1,0.95,-0.5,0,0.95
2020.8,1,0.951,-0.5,0,0.951
2020.4,1,0.952,-0.5,0,0.952
2020,1,0.953,-0.5,0,0.953
2019.6,1,0.954,-0.5,0,0.954
2019.2,1,0.955,-0.5,0,0.955
2018.8,1,0.956,-0.5,0,0.956
2018.3,1,0.957,-0.5,0,0.957
2017.9,1,0.958,-0.5,0,0.958
2017.5,1,0.959,-0.5,0,0.959
2017.1,1,0.96,-0.5,0,0.96
2016.7,1,0.961,-0.5,0,0.961
2016.3,1,0.962,-0.5,0,0.962
2015.8,1,0.963,-0.5,0,0.963
2015.4,1,0.964,-0.5,0,0.964
2015,1,0.965,-0.5,0,0.965
2014.6,1,0.966,-0.5,0,0.966
2014.2,1,0.967,-0.5,0,0.967
2013.7,1,0.968,-0.5,0,0.968
2013.3,1,0.969,-0.5,0,0.969
2012.9,1,0.97,-0.5,0,0.97
2012.5,1,0.971,-0.5,0,0.971
2012,1,0.972,-0.5,0,0.972
2011.6,1,0.973,-0.5,0,0.973
2011.2,1,0.974,-0.5,0,0.974
2010.8,1,0.975,-0.5,0,0.975
2010.3,1,0.976,-0.5,0,0.976
2009.9,1,0.977,-0.5,0,0.977
2009.5,1,0.978,-0.5,0,0.978
2009.1,1,0.979,-0.5,0,0.979
2008.6,1,0.98,-0.5,0,0.98
2008.2,1,0.981,-0.5,0,0.981
2007.8,1,0.982,-0.5,0,0.982
2007.4,1,0.983,-0.5,0,0.983
2006.9,1,0.984,-0.5,0,0.984
2006.5,1,0.985,-0.5,0,0.985
2006.1,1,0.986,-0.5,0,0.986
2005.6,1,0.987,-0.5,0,0.987
2005.2,1,0.988,-0.5,0,0.988
2004.8,1,0.989,-0.5,0,0.989
2004.3,1,0.99,-0.5,0,0.99
2003.9,1,0.991,-0.5,0,0.991
2003.5,1,0.992,-0.5,0,0.992
2003,1,0.993,-0.5,0,0.993
2002.6,1,0.994,-0.5,0,0.994
2002.2,1,0.995,-0.5,0,0.995
2001.7,1,0.996,-0.5,0,0.996
2001.3,1,0.997,-0.5,0,0.997
2000.9,1,0.998,-0.5,0,0.998
2000.4,1,0.999,-0.5,0,0.999
2000,1,1,-0.5,0,1
