source	case	temperature	pu_m_percent	om	exp_mu	sci_mu	residual
Ewart1979a	Ewart1979a/T_1100K_q_30	1100.0	30.0	1.994	-574.0	-513.5845	60.41549999999995
Ewart1979a	Ewart1979a/T_1100K_q_30	1100.0	30.0	1.995	-565.0	-507.0042	57.995799999999974
Ewart1979a	Ewart1979a/T_1100K_q_30	1100.0	30.0	1.995	-561.0	-507.0042	53.995799999999974
Ewart1979a	Ewart1979a/T_1100K_q_30	1100.0	30.0	1.996	-557.0	-498.9907	58.009299999999996
Ewart1979a	Ewart1979a/T_1100K_q_30	1100.0	30.0	1.996	-557.0	-498.9907	58.009299999999996
Ewart1979a	Ewart1979a/T_1100K_q_30	1100.0	30.0	1.997	-548.0	-488.7489	59.25110000000001
Ewart1979a	Ewart1979a/T_1100K_q_30	1100.0	30.0	1.997	-548.0	-488.7489	59.25110000000001
Ewart1979a	Ewart1979a/T_1100K_q_30	1100.0	30.0	1.999	-519.0	-451.3177	67.6823
Ewart1979b	Ewart1979b/T_1273K_q_25	1273.0	25.0	1.989	-548.0	-519.9996	28.000400000000013
Ewart1979b	Ewart1979b/T_1273K_q_25	1273.0	25.0	1.99	-544.0	-516.0022	27.997799999999984
Ewart1979b	Ewart1979b/T_1273K_q_25	1273.0	25.0	1.992	-532.0	-506.6691	25.330899999999986
Ewart1979b	Ewart1979b/T_1273K_q_25	1273.0	25.0	1.993	-519.0	-501.1055	17.894499999999994
Ewart1979b	Ewart1979b/T_1273K_q_25	1273.0	25.0	1.993	-523.0	-501.1055	21.894499999999994
Ewart1979b	Ewart1979b/T_1273K_q_25	1273.0	25.0	1.993	-523.0	-501.1055	21.894499999999994
Ewart1979b	Ewart1979b/T_1273K_q_25	1273.0	25.0	1.995	-498.0	-487.1852	10.814799999999991
Ewart1979b	Ewart1979b/T_1273K_q_25	1273.0	25.0	1.996	-502.0	-478.0591	23.9409
Ewart1979b	Ewart1979b/T_1273K_q_25	1273.0	25.0	1.996	-498.0	-478.0591	19.9409
Ewart1979b	Ewart1979b/T_1273K_q_25	1273.0	25.0	1.996	-498.0	-478.0591	19.9409
Ewart1979b	Ewart1979b/T_1273K_q_25	1273.0	25.0	1.997	-486.0	-466.4662	19.533799999999985
Ewart1979b	Ewart1979b/T_1273K_q_25	1273.0	25.0	1.999	-446.0	-425.2272	20.772800000000018
Ewart1984	Ewart1984/T_1007K_q_20	1007.0	20.0	1.996	-614.0	-542.1154	71.88459999999998
Ewart1984	Ewart1984/T_1063K_q_20	1063.0	20.0	1.998	-544.0	-509.0228	34.97719999999998
Ewart1984	Ewart1984/T_1099K_q_20	1099.0	20.0	1.992	-623.0	-552.8063	70.19370000000004
Ewart1984	Ewart1984/T_1099K_q_20	1099.0	20.0	1.995	-596.0	-535.6324	60.36760000000004
Ewart1984	Ewart1984/T_1100K_q_20	1100.0	20.0	1.995	-600.0	-535.4669	64.53309999999999
Ewart1984	Ewart1984/T_1101K_q_20	1101.0	20.0	1.994	-611.0	-541.9748	69.02520000000004
Ewart1984	Ewart1984/T_1101K_q_20	1101.0	20.0	1.996	-590.0	-527.1342	62.865800000000036
Ewart1984	Ewart1984/T_1122K_q_20	1122.0	20.0	1.998	-533.0	-497.6063	35.393700000000024
Ewart1984	Ewart1984/T_1169K_q_20	1169.0	20.0	1.952	-667.0	-611.5238	55.47619999999995
Ewart1984	Ewart1984/T_1179K_q_20	1179.0	20.0	1.996	-564.0	-512.8298	51.17020000000002
Ewart1984	Ewart1984/T_1189K_q_20	1189.0	20.0	1.952	-659.0	-609.3103	49.689700000000016
Ewart1984	Ewart1984/T_1194K_q_20	1194.0	20.0	1.995	-572.0	-518.7562	53.243799999999965
Ewart1984	Ewart1984/T_1195K_q_20	1195.0	20.0	1.992	-591.0	-537.2269	53.7731
Ewart1984	Ewart1984/T_1195K_q_20	1195.0	20.0	1.994	-581.0	-525.8037	55.19629999999995
Ewart1984	Ewart1984/T_1203K_q_20	1203.0	20.0	1.998	-514.0	-480.5235	33.47649999999999
Ewart1984	Ewart1984/T_1204K_q_20	1204.0	20.0	1.995	-571.0	-516.8542	54.14580000000001
Ewart1984	Ewart1984/T_1248K_q_20	1248.0	20.0	1.952	-640.0	-602.2519	37.74810000000002
Ewart1984	Ewart1984/T_1258K_q_20	1258.0	20.0	1.996	-535.0	-496.9215	38.07850000000002
Ewart1984	Ewart1984/T_1260K_q_20	1260.0	20.0	1.992	-565.0	-525.4623	39.53769999999997
Ewart1984	Ewart1984/T_1261K_q_20	1261.0	20.0	1.994	-557.0	-513.2348	43.76520000000005
Ewart1984	Ewart1984/T_1263K_q_20	1263.0	20.0	1.995	-545.0	-505.2056	39.794399999999996
Ewart1984	Ewart1984/T_1263K_q_20	1263.0	20.0	1.998	-500.0	-467.0361	32.963900000000024
Ewart1984	Ewart1984/T_1266K_q_20	1266.0	20.0	1.952	-640.0	-599.9509	40.04909999999995
Ewart1984	Ewart1984/T_1267K_q_20	1267.0	20.0	1.952	-632.0	-599.8211	32.1789
Ewart1984	Ewart1984/T_1273K_q_20	1273.0	20.0	1.995	-547.0	-503.1638	43.83620000000002
Ewart1984	Ewart1984/T_1293K_q_20	1293.0	20.0	1.952	-655.0	-596.3782	58.62180000000001
Ewart1984	Ewart1984/T_1295K_q_20	1295.0	20.0	1.994	-544.0	-506.425	37.57499999999999
Ewart1984	Ewart1984/T_1325K_q_20	1325.0	20.0	1.952	-622.0	-591.9646	30.03539999999998
Ewart1984	Ewart1984/T_1404K_q_20	1404.0	20.0	1.952	-589.0	-580.3032	8.696800000000053
Johnson1973	Johnson1973/T_1723K_q_20	1723.0	20.0	1.988	-366.0	-447.7767	-81.7767
Johnson1973	Johnson1973/T_1908K_q_20	1908.0	20.0	2.0	-317.0	-305.7507	11.249300000000005
Johnson1973	Johnson1973/T_1943K_q_20	1943.0	20.0	1.998	-308.0	-349.7743	-41.77429999999998
Johnson1973	Johnson1973/T_1998K_q_20	1998.0	20.0	2.0	-316.0	-300.5424	15.457600000000014
Johnson1973	Johnson1973/T_2028K_q_20	2028.0	20.0	1.998	-309.0	-337.8985	-28.898500000000013
Johnson1973	Johnson1973/T_2043K_q_20	2043.0	20.0	1.988	-340.0	-394.5837	-54.58370000000002
Johnson1973	Johnson1973/T_2048K_q_20	2048.0	20.0	2.0	-343.0	-297.5407	45.459299999999985
Johnson1973	Johnson1973/T_2053K_q_20	2053.0	20.0	2.0	-333.0	-297.2366	35.76339999999999
Johnson1973	Johnson1973/T_2118K_q_20	2118.0	20.0	1.998	-299.0	-325.8593	-26.85930000000002
Johnson1973	Johnson1973/T_2178K_q_20	2178.0	20.0	1.988	-324.0	-375.8562	-51.8562
Johnson1973	Johnson1973/T_2205K_q_20	2205.0	20.0	2.0	-304.0	-287.6719	16.328100000000006
Johnson1973	Johnson1973/T_2213K_q_20	2213.0	20.0	2.0	-312.0	-287.1526	24.847399999999993
Johnson1973	Johnson1973/T_2238K_q_20	2238.0	20.0	1.998	-280.0	-310.9223	-30.922300000000007
Johnson1973	Johnson1973/T_2293K_q_20	2293.0	20.0	1.998	-268.0	-304.5229	-36.52289999999999
Johnson1973	Johnson1973/T_2293K_q_20	2293.0	20.0	2.0	-304.0	-281.8791	22.120900000000006
Johnson1973	Johnson1973/T_2338K_q_20	2338.0	20.0	1.998	-254.0	-299.4834	-45.48340000000002
Johnson1973	Johnson1973/T_2353K_q_20	2353.0	20.0	1.998	-252.0	-297.8405	-45.84050000000002
Johnson1973	Johnson1973/T_2358K_q_20	2358.0	20.0	2.0	-297.0	-277.4937	19.50630000000001
Johnson1973	Johnson1973/T_2363K_q_20	2363.0	20.0	1.998	-244.0	-296.7551	-52.75510000000003
Johnson1973	Johnson1973/T_2373K_q_20	2373.0	20.0	1.988	-307.0	-348.9218	-41.92180000000002
Johnson1973	Johnson1973/T_2443K_q_20	2443.0	20.0	2.0	-301.0	-271.6339	29.366100000000017
Johnson1973	Johnson1973/T_2443K_q_20	2443.0	20.0	2.0	-301.0	-271.6339	29.366100000000017
Johnson1973	Johnson1973/T_2458K_q_20	2458.0	20.0	2.0	-275.0	-270.5859	4.414100000000019
Johnson1973	Johnson1973/T_2463K_q_20	2463.0	20.0	1.988	-296.0	-336.5077	-40.5077
Johnson1973	Johnson1973/T_2468K_q_20	2468.0	20.0	1.988	-297.0	-335.82	-38.81999999999999
Johnson1973	Johnson1973/T_2468K_q_20	2468.0	20.0	2.0	-293.0	-269.8851	23.114899999999977
Johnson1973	Johnson1973/T_2498K_q_20	2498.0	20.0	2.0	-267.0	-267.7722	-0.772199999999998
Johnson1973	Johnson1973/T_2513K_q_20	2513.0	20.0	2.0	-257.0	-266.7099	-9.709900000000005
Johnson1973	Johnson1973/T_2588K_q_20	2588.0	20.0	2.0	-288.0	-261.3436	26.65640000000002
Johnson1973	Johnson1973/T_2608K_q_20	2608.0	20.0	2.0	-288.0	-259.8977	28.102300000000014
Johnson1973	Johnson1973/T_2628K_q_20	2628.0	20.0	2.0	-284.0	-258.4456	25.554399999999987
Johnson1973	Johnson1973/T_2703K_q_20	2703.0	20.0	1.988	-263.0	-304.0583	-41.058299999999974
Johnson1973	Johnson1973/T_2715K_q_20	2715.0	20.0	2.0	-274.0	-252.0618	21.938199999999995
Johnson1973	Johnson1973/T_2738K_q_20	2738.0	20.0	2.0	-270.0	-250.3566	19.643400000000014
Johnson1973	Johnson1973/T_2753K_q_20	2753.0	20.0	2.0	-273.0	-249.2407	23.759299999999996
Johnson1973	Johnson1973/T_2773K_q_20	2773.0	20.0	1.988	-257.0	-294.9203	-37.9203
Johnson1973	Johnson1973/T_2793K_q_20	2793.0	20.0	1.988	-250.0	-292.3448	-42.34480000000002
Johnson1973	Johnson1973/T_2823K_q_20	2823.0	20.0	2.0	-263.0	-243.9948	19.005200000000002
Johnson1973	Johnson1973/T_2830K_q_20	2830.0	20.0	2.0	-263.0	-243.4668	19.533199999999994
Johnson1973	Johnson1973/T_2863K_q_20	2863.0	20.0	1.988	-236.0	-283.4631	-47.4631
Johnson1973	Johnson1973/T_2863K_q_20	2863.0	20.0	1.988	-236.0	-283.4631	-47.4631
Johnson1973	Johnson1973/T_2863K_q_20	2863.0	20.0	2.0	-253.0	-240.9699	12.030100000000004
Johnson1973	Johnson1973/T_2863K_q_20	2863.0	20.0	2.0	-256.0	-240.9699	15.030100000000004
Johnson1973	Johnson1973/T_2911K_q_20	2911.0	20.0	2.0	-247.0	-237.3152	9.684799999999996
Johnson1973	Johnson1973/T_2918K_q_20	2918.0	20.0	2.0	-248.0	-236.78	11.219999999999999
Johnson1973	Johnson1973/T_2943K_q_20	2943.0	20.0	2.0	-244.0	-234.8642	9.135799999999989
Johnson1973	Johnson1973/T_2953K_q_20	2953.0	20.0	2.0	-235.0	-234.096	0.9039999999999964
Matzke1988	Matzke1988/T_1000K_q_19p43	1000.0	19.43	1.979	-539.0	-599.7578	-60.757799999999975
Matzke1988	Matzke1988/T_1005K_q_19p7	1005.0	19.7	1.982	-548.0	-593.4621	-45.462099999999964
Matzke1988	Matzke1988/T_1011K_q_19p43	1011.0	19.43	1.979	-534.0	-598.797	-64.79700000000003
Matzke1988	Matzke1988/T_1016K_q_19p43	1016.0	19.43	1.979	-490.0	-598.3466	-108.34659999999997
Matzke1988	Matzke1988/T_1029K_q_20	1029.0	20.0	1.982	-636.0	-590.3249	45.67510000000004
Matzke1988	Matzke1988/T_1030K_q_19p7	1030.0	19.7	1.982	-540.0	-591.0318	-51.031799999999976
Matzke1988	Matzke1988/T_1031K_q_19p7	1031.0	19.7	1.982	-549.0	-590.9303	-41.93029999999999
Matzke1988	Matzke1988/T_1037K_q_20p64	1037.0	20.64	1.983	-468.0	-585.7914	-117.79139999999995
Matzke1988	Matzke1988/T_1040K_q_20	1040.0	20.0	1.982	-638.0	-589.1856	48.81439999999998
Matzke1988	Matzke1988/T_1050K_q_19p7	1050.0	19.7	1.982	-541.0	-588.9413	-47.941299999999956
Matzke1988	Matzke1988/T_1054K_q_19p43	1054.0	19.43	1.979	-479.0	-594.658	-115.65800000000002
Matzke1988	Matzke1988/T_1055K_q_20	1055.0	20.0	1.982	-626.0	-587.5706	38.42939999999999
Matzke1988	Matzke1988/T_1057K_q_19p7	1057.0	19.7	1.982	-545.0	-588.18	-43.17999999999995
Matzke1988	Matzke1988/T_1057K_q_20p64	1057.0	20.64	1.983	-450.0	-583.5698	-133.5698
Matzke1988	Matzke1988/T_1080K_q_19p7	1080.0	19.7	1.982	-539.0	-585.5747	-46.57470000000001
Matzke1988	Matzke1988/T_1084K_q_19p43	1084.0	19.43	1.979	-478.0	-591.4306	-113.43060000000003
Matzke1988	Matzke1988/T_1086K_q_20	1086.0	20.0	1.982	-616.0	-584.0167	31.983299999999986
Matzke1988	Matzke1988/T_1088K_q_20p64	1088.0	20.64	1.983	-444.0	-579.8869	-135.88689999999997
Matzke1988	Matzke1988/T_1089K_q_19p43	1089.0	19.43	1.979	-521.0	-590.8671	-69.86710000000005
Matzke1988	Matzke1988/T_1103K_q_20p64	1103.0	20.64	1.983	-453.0	-578.0052	-125.00519999999995
Matzke1988	Matzke1988/T_1112K_q_19p7	1112.0	19.7	1.982	-533.0	-581.6959	-48.69590000000005
Matzke1988	Matzke1988/T_1112K_q_20	1112.0	20.0	1.982	-606.0	-580.8228	25.17719999999997
Matzke1988	Matzke1988/T_1114K_q_19p43	1114.0	19.43	1.979	-470.0	-587.9439	-117.94389999999999
Matzke1988	Matzke1988/T_1117K_q_19p7	1117.0	19.7	1.982	-522.0	-581.0642	-59.06420000000003
Matzke1988	Matzke1988/T_1119K_q_20	1119.0	20.0	1.982	-602.0	-579.9311	22.068899999999985
Matzke1988	Matzke1988/T_1123K_q_20p64	1123.0	20.64	1.983	-436.0	-575.3997	-139.39970000000005
Matzke1988	Matzke1988/T_1125K_q_20	1125.0	20.0	1.982	-611.0	-579.1563	31.843700000000013
Matzke1988	Matzke1988/T_1144K_q_19p43	1144.0	19.43	1.979	-464.0	-584.2135	-120.21349999999995
Matzke1988	Matzke1988/T_1147K_q_19p43	1147.0	19.43	1.979	-507.0	-583.8276	-76.82759999999996
Matzke1988	Matzke1988/T_1147K_q_19p7	1147.0	19.7	1.982	-513.0	-577.1355	-64.13549999999998
Matzke1988	Matzke1988/T_1148K_q_19p7	1148.0	19.7	1.982	-522.0	-577.0005	-55.00049999999999
Matzke1988	Matzke1988/T_1152K_q_20p64	1152.0	20.64	1.983	-430.0	-571.4345	-141.43449999999996
Matzke1988	Matzke1988/T_1155K_q_19p43	1155.0	19.43	1.979	-503.0	-582.7876	-79.7876
Matzke1988	Matzke1988/T_1159K_q_20	1159.0	20.0	1.982	-590.0	-574.5896	15.410399999999981
Matzke1988	Matzke1988/T_1162K_q_20p64	1162.0	20.64	1.983	-433.0	-570.0179	-137.01790000000005
Matzke1988	Matzke1988/T_1164K_q_20p64	1164.0	20.64	1.983	-427.0	-569.7316	-142.73159999999996
Matzke1988	Matzke1988/T_1175K_q_19p7	1175.0	19.7	1.982	-517.0	-573.2631	-56.26310000000001
Matzke1988	Matzke1988/T_1179K_q_20	1179.0	20.0	1.982	-583.0	-571.7689	11.23109999999997
Matzke1988	Matzke1988/T_1192K_q_20p64	1192.0	20.64	1.983	-422.0	-565.623	-143.62300000000005
Matzke1988	Matzke1988/T_1196K_q_20	1196.0	20.0	1.982	-577.0	-569.2967	7.703300000000013
Matzke1988	Matzke1988/T_1198K_q_19p43	1198.0	19.43	1.979	-453.0	-576.9309	-123.93089999999995
Matzke1988	Matzke1988/T_1202K_q_20	1202.0	20.0	1.982	-570.0	-568.4083	1.5916999999999462
Matzke1988	Matzke1988/T_1206K_q_19p7	1206.0	19.7	1.982	-501.0	-568.758	-67.75800000000004
Matzke1988	Matzke1988/T_1206K_q_20	1206.0	20.0	1.982	-581.0	-567.8115	13.188499999999976
Matzke1988	Matzke1988/T_1207K_q_19p7	1207.0	19.7	1.982	-513.0	-568.609	-55.60900000000004
Matzke1988	Matzke1988/T_1209K_q_20p64	1209.0	20.64	1.983	-417.0	-563.0398	-146.0398
Matzke1988	Matzke1988/T_1213K_q_20	1213.0	20.0	1.982	-567.0	-566.7584	0.24159999999994852
Matzke1988	Matzke1988/T_1222K_q_20p64	1222.0	20.64	1.983	-415.0	-561.0209	-146.02089999999998
Matzke1988	Matzke1988/T_1223K_q_19p43	1223.0	19.43	1.979	-488.0	-573.3295	-85.32950000000005
Matzke1988	Matzke1988/T_1224K_q_19p43	1224.0	19.43	1.979	-451.0	-573.1825	-122.1825
Matzke1988	Matzke1988/T_1225K_q_19p7	1225.0	19.7	1.982	-505.0	-565.8893	-60.88930000000005
Matzke1988	Matzke1988/T_1225K_q_20p64	1225.0	20.64	1.983	-422.0	-560.5497	-138.54970000000003
Matzke1988	Matzke1988/T_1229K_q_20	1229.0	20.0	1.982	-565.0	-564.311	0.6889999999999645
Matzke1988	Matzke1988/T_1237K_q_20	1237.0	20.0	1.982	-567.0	-563.0667	3.933300000000031
Matzke1988	Matzke1988/T_1238K_q_19p7	1238.0	19.7	1.982	-491.0	-563.8814	-72.88139999999999
Matzke1988	Matzke1988/T_1252K_q_20	1252.0	20.0	1.982	-562.0	-560.6973	1.302699999999959
Matzke1988	Matzke1988/T_1253K_q_19p43	1253.0	19.43	1.979	-448.0	-568.8291	-120.82910000000004
Matzke1988	Matzke1988/T_1254K_q_20p64	1254.0	20.64	1.983	-417.0	-555.8973	-138.89729999999997
Matzke1988	Matzke1988/T_1256K_q_19p7	1256.0	19.7	1.982	-484.0	-561.0428	-77.04280000000006
Matzke1988	Matzke1988/T_1257K_q_19p43	1257.0	19.43	1.979	-475.0	-568.2149	-93.21489999999994
Matzke1988	Matzke1988/T_1258K_q_19p7	1258.0	19.7	1.982	-498.0	-560.7233	-62.723299999999995
Matzke1988	Matzke1988/T_1258K_q_20p64	1258.0	20.64	1.983	-408.0	-555.2419	-147.2419
Matzke1988	Matzke1988/T_1262K_q_20p64	1262.0	20.64	1.983	-410.0	-554.5834	-144.58339999999998
Matzke1988	Matzke1988/T_1264K_q_19p7	1264.0	19.7	1.982	-496.0	-559.7599	-63.759900000000016
Matzke1988	Matzke1988/T_1265K_q_19p43	1265.0	19.43	1.979	-475.0	-566.9768	-91.97680000000003
Matzke1988	Matzke1988/T_1265K_q_20	1265.0	20.0	1.982	-554.0	-558.6066	-4.606599999999958
Matzke1988	Matzke1988/T_1272K_q_20	1272.0	20.0	1.982	-543.0	-557.4668	-14.466800000000035
Matzke1988	Matzke1988/T_1275K_q_20p64	1275.0	20.64	1.983	-417.0	-552.4211	-135.42110000000002
Matzke1988	Matzke1988/T_1290K_q_20p64	1290.0	20.64	1.983	-403.0	-549.8854	-146.8854
Matzke1988	Matzke1988/T_1296K_q_20	1296.0	20.0	1.982	-534.0	-553.4867	-19.48670000000004
Matzke1988	Matzke1988/T_1304K_q_20	1304.0	20.0	1.982	-538.0	-552.1357	-14.135700000000043
Matzke1988	Matzke1988/T_1305K_q_20p64	1305.0	20.64	1.983	-413.0	-547.3073	-134.30730000000005
Matzke1988	Matzke1988/T_1307K_q_19p43	1307.0	19.43	1.979	-436.0	-560.271	-124.27099999999996
Matzke1988	Matzke1988/T_1308K_q_19p7	1308.0	19.7	1.982	-471.0	-552.4805	-81.4805
Matzke1988	Matzke1988/T_1312K_q_20p64	1312.0	20.64	1.983	-393.0	-546.0901	-153.0901
Matzke1988	Matzke1988/T_1323K_q_19p7	1323.0	19.7	1.982	-481.0	-549.9163	-68.91629999999998
Matzke1988	Matzke1988/T_1324K_q_20p64	1324.0	20.64	1.983	-404.0	-543.9829	-139.98289999999997
Matzke1988	Matzke1988/T_1327K_q_20p64	1327.0	20.64	1.983	-393.0	-543.4522	-150.45219999999995
Matzke1988	Matzke1988/T_1328K_q_20	1328.0	20.0	1.982	-523.0	-548.0128	-25.01279999999997
Matzke1988	Matzke1988/T_1330K_q_19p7	1330.0	19.7	1.982	-481.0	-548.7058	-67.70579999999995
Matzke1988	Matzke1988/T_1336K_q_19p7	1336.0	19.7	1.982	-463.0	-547.6615	-84.66150000000005
Matzke1988	Matzke1988/T_1352K_q_19p43	1352.0	19.43	1.979	-430.0	-552.7258	-122.72580000000005
Matzke1988	Matzke1988/T_1358K_q_19p43	1358.0	19.43	1.979	-423.0	-551.6932	-128.69320000000005
Matzke1988	Matzke1988/T_1369K_q_20p64	1369.0	20.64	1.983	-397.0	-535.8615	-138.86149999999998
Matzke1988	Matzke1988/T_1373K_q_19p7	1373.0	19.7	1.982	-458.0	-541.0865	-83.0865
Matzke1988	Matzke1988/T_1375K_q_20p64	1375.0	20.64	1.983	-397.0	-534.7537	-137.75369999999998
Matzke1988	Matzke1988/T_1379K_q_19p43	1379.0	19.43	1.979	-446.0	-548.0325	-102.03250000000003
Matzke1988	Matzke1988/T_1384K_q_20p64	1384.0	20.64	1.983	-381.0	-533.0814	-152.08140000000003
Matzke1988	Matzke1988/T_1394K_q_20p64	1394.0	20.64	1.983	-378.0	-531.2087	-153.20870000000002
Matzke1988	Matzke1988/T_940K_q_19p7	940.0	19.7	1.982	-566.0	-598.7488	-32.74879999999996
Matzke1988	Matzke1988/T_965K_q_19p43	965.0	19.43	1.979	-500.0	-602.5314	-102.53139999999996
Matzke1988	Matzke1988/T_989K_q_19p7	989.0	19.7	1.982	-558.0	-594.9061	-36.90610000000004
Matzke1988	Matzke1988/T_993K_q_20p64	993.0	20.64	1.983	-473.0	-590.2222	-117.22220000000004
Matzke1988	Matzke1988/T_996K_q_20	996.0	20.0	1.982	-647.0	-593.5031	53.49689999999998
Sato1997	Sato1997/T_1273K_q_30	1273.0	30.0	1.95	-534.0	-567.3463	-33.34630000000004
Sato1997	Sato1997/T_1273K_q_30	1273.0	30.0	1.95	-555.0	-567.3463	-12.346300000000042
Sato1997	Sato1997/T_1273K_q_30	1273.0	30.0	1.95	-600.0	-567.3463	32.65369999999996
Sato1997	Sato1997/T_1273K_q_30	1273.0	30.0	1.95	-618.0	-567.3463	50.65369999999996
Sato1997	Sato1997/T_1273K_q_30	1273.0	30.0	1.95	-663.0	-567.3463	95.65369999999996
Sato1997	Sato1997/T_1273K_q_30	1273.0	30.0	1.95	-700.0	-567.3463	132.65369999999996
Sato1997	Sato1997/T_1273K_q_30	1273.0	30.0	1.95	-740.0	-567.3463	172.65369999999996
Sato1997	Sato1997/T_1273K_q_30	1273.0	30.0	1.95	-752.0	-567.3463	184.65369999999996
Sato1997	Sato1997/T_1273K_q_30	1273.0	30.0	1.95	-289.0	-567.3463	-278.34630000000004
Sato1997	Sato1997/T_1273K_q_30	1273.0	30.0	1.95	-303.0	-567.3463	-264.34630000000004
Sato1997	Sato1997/T_1273K_q_30	1273.0	30.0	1.95	-313.0	-567.3463	-254.34630000000004
Sato1997	Sato1997/T_1273K_q_30	1273.0	30.0	1.95	-362.0	-567.3463	-205.34630000000004
Sato1997	Sato1997/T_1273K_q_30	1273.0	30.0	1.95	-390.0	-567.3463	-177.34630000000004
Sato1997	Sato1997/T_1273K_q_30	1273.0	30.0	1.95	-445.0	-567.3463	-122.34630000000004
Sato1997	Sato1997/T_1273K_q_30	1273.0	30.0	1.95	-532.0	-567.3463	-35.34630000000004
Sato1997	Sato1997/T_1273K_q_30	1273.0	30.0	1.95	-558.0	-567.3463	-9.346300000000042
Sato1997	Sato1997/T_1273K_q_30	1273.0	30.0	1.95	-388.0	-567.3463	-179.34630000000004
Sato1997	Sato1997/T_1273K_q_30	1273.0	30.0	1.95	-390.0	-567.3463	-177.34630000000004
Sato1997	Sato1997/T_1273K_q_30	1273.0	30.0	1.95	-413.0	-567.3463	-154.34630000000004
Sato1997	Sato1997/T_1273K_q_30	1273.0	30.0	1.95	-421.0	-567.3463	-146.34630000000004
Sato1997	Sato1997/T_1273K_q_30	1273.0	30.0	1.95	-422.0	-567.3463	-145.34630000000004
Sato1997	Sato1997/T_1273K_q_30	1273.0	30.0	1.95	-417.0	-567.3463	-150.34630000000004
Sato1997	Sato1997/T_1273K_q_30	1273.0	30.0	1.95	-300.0	-567.3463	-267.34630000000004
Sato1997	Sato1997/T_1273K_q_30	1273.0	30.0	1.95	-301.0	-567.3463	-266.34630000000004
Sato1997	Sato1997/T_1273K_q_30	1273.0	30.0	1.95	-331.0	-567.3463	-236.34630000000004
Sato1997	Sato1997/T_1273K_q_30	1273.0	30.0	1.95	-312.0	-567.3463	-255.34630000000004
Sato1997	Sato1997/T_1273K_q_30	1273.0	30.0	1.95	-318.0	-567.3463	-249.34630000000004
Sato1997	Sato1997/T_1273K_q_30	1273.0	30.0	1.95	-366.0	-567.3463	-201.34630000000004
Sato1997	Sato1997/T_1273K_q_30	1273.0	30.0	1.95	-349.0	-567.3463	-218.34630000000004
Tetenbaum1977	Tetenbaum1977/T_2050K_q_15	2050.0	15.0	1.965	-480.6	-462.9989	17.60110000000003
Tetenbaum1977	Tetenbaum1977/T_2050K_q_15	2050.0	15.0	1.976	-452.2	-439.33935000000014	12.86064999999985
Tetenbaum1977	Tetenbaum1977/T_2050K_q_15	2050.0	15.0	1.981	-443.4	-426.655	16.745000000000005
Tetenbaum1977	Tetenbaum1977/T_2050K_q_19	2050.0	19.0	1.944	-490.4	-474.971	15.428999999999974
Tetenbaum1977	Tetenbaum1977/T_2050K_q_19	2050.0	19.0	1.95	-470.9	-467.2277307692309	3.672269230769075
Tetenbaum1977	Tetenbaum1977/T_2050K_q_19	2050.0	19.0	1.959	-459.3	-454.4551230769229	4.844876923077095
Tetenbaum1977	Tetenbaum1977/T_2050K_q_19	2050.0	19.0	1.968	-443.2	-439.80809230769233	3.3919076923076545
Tetenbaum1977	Tetenbaum1977/T_2050K_q_19	2050.0	19.0	1.971	-446.7	-434.4357384615383	12.26426153846171
Tetenbaum1977	Tetenbaum1977/T_2050K_q_19	2050.0	19.0	1.983	-416.1	-409.5455	6.554500000000019
Tetenbaum1977	Tetenbaum1977/T_2050K_q_20	2050.0	20.0	1.954	-466.0	-457.419	8.581000000000017
Tetenbaum1977	Tetenbaum1977/T_2050K_q_20	2050.0	20.0	1.959	-453.9	-450.38216956521734	3.5178304347826383
Tetenbaum1977	Tetenbaum1977/T_2050K_q_20	2050.0	20.0	1.967	-430.8	-437.9697521739128	-7.169752173912798
Tetenbaum1977	Tetenbaum1977/T_2050K_q_20	2050.0	20.0	1.97	-431.4	-432.89791739130436	-1.4979173913043837
Tetenbaum1977	Tetenbaum1977/T_2050K_q_20	2050.0	20.0	1.972	-421.9	-429.37288695652177	-7.472886956521791
Tetenbaum1977	Tetenbaum1977/T_2050K_q_20	2050.0	20.0	1.973	-414.2	-427.5632695652173	-13.363269565217308
Tetenbaum1977	Tetenbaum1977/T_2050K_q_20	2050.0	20.0	1.977	-400.8	-419.9619	-19.161900000000003
Tetenbaum1977	Tetenbaum1977/T_2050K_q_25	2050.0	25.0	1.945	-463.0	-450.491	12.509000000000015
Tetenbaum1977	Tetenbaum1977/T_2050K_q_25	2050.0	25.0	1.952	-446.3	-443.0168	3.283200000000022
Tetenbaum1977	Tetenbaum1977/T_2050K_q_25	2050.0	25.0	1.96	-436.2	-433.4936	2.7063999999999737
Tetenbaum1977	Tetenbaum1977/T_2050K_q_25	2050.0	25.0	1.962	-415.5	-430.9131	-15.413099999999986
Tetenbaum1977	Tetenbaum1977/T_2050K_q_25	2050.0	25.0	1.962	-426.6	-430.9131	-4.313099999999963
Tetenbaum1977	Tetenbaum1977/T_2050K_q_25	2050.0	25.0	1.97	-400.7	-419.5715	-18.871500000000026
Tetenbaum1977	Tetenbaum1977/T_2050K_q_30	2050.0	30.0	1.932	-454.6	-448.4869	6.113100000000031
Tetenbaum1977	Tetenbaum1977/T_2050K_q_30	2050.0	30.0	1.936	-443.1	-445.26731818181815	-2.167318181818132
Tetenbaum1977	Tetenbaum1977/T_2050K_q_30	2050.0	30.0	1.943	-429.9	-439.2296	-9.329600000000028
Tetenbaum1977	Tetenbaum1977/T_2150K_q_20	2150.0	20.0	1.935	-491.1	-461.347	29.753000000000043
Tetenbaum1977	Tetenbaum1977/T_2150K_q_20	2150.0	20.0	1.951	-440.9	-442.6779	-1.777900000000045
Tetenbaum1977	Tetenbaum1977/T_2250K_q_20	2250.0	20.0	1.959	-424.1	-416.6838	7.4162000000000035
Tetenbaum1977	Tetenbaum1977/T_2450K_q_20	2450.0	20.0	1.922	-450.1	-424.1323	25.967700000000036
Tetenbaum1977	Tetenbaum1977/T_2450K_q_20	2450.0	20.0	1.928	-440.0	-418.2417	21.75830000000002
Woodley1978	Woodley1978/T_1173K_q_17p16	1173.0	17.16	1.995	-513.7	-531.3772	-17.67719999999997
Woodley1978	Woodley1978/T_1173K_q_17p16	1173.0	17.16	1.998	-468.5	-495.65413333333476	-27.154133333334755
Woodley1978	Woodley1978/T_1173K_q_17p16	1173.0	17.16	1.999	-434.4	-468.67805555554895	-34.278055555548974
Woodley1978	Woodley1978/T_1173K_q_17p16	1173.0	17.16	1.9995	-400.2	-441.8777	-41.677700000000016
Woodley1978	Woodley1978/T_1173K_q_21p17	1173.0	21.17	1.995	-552.7	-519.1011	33.59890000000007
Woodley1978	Woodley1978/T_1173K_q_21p17	1173.0	21.17	1.998	-516.8	-483.50033333333477	33.29966666666519
Woodley1978	Woodley1978/T_1173K_q_21p17	1173.0	21.17	1.999	-490.0	-456.8475999999935	33.15240000000648
Woodley1978	Woodley1978/T_1173K_q_21p17	1173.0	21.17	1.9995	-462.6	-431.0084	31.591600000000028
Woodley1978	Woodley1978/T_1173K_q_23p49	1173.0	23.49	1.995	-578.1	-512.044	66.05600000000004
Woodley1978	Woodley1978/T_1173K_q_23p49	1173.0	23.49	1.998	-546.4	-476.6712000000014	69.72879999999856
Woodley1978	Woodley1978/T_1173K_q_23p49	1173.0	23.49	1.999	-522.2	-450.5505444444382	71.64945555556187
Woodley1978	Woodley1978/T_1173K_q_23p49	1173.0	23.49	1.9995	-497.9	-425.8681	72.03189999999995
Woodley1978	Woodley1978/T_1173K_q_25	1173.0	25.0	1.993	-600.3	-520.5357	79.76429999999993
Woodley1978	Woodley1978/T_1173K_q_25	1173.0	25.0	1.995	-592.06	-507.4926428571426	84.56735714285736
Woodley1978	Woodley1978/T_1173K_q_25	1173.0	25.0	1.995	-592.5	-507.4926428571426	85.00735714285742
Woodley1978	Woodley1978/T_1173K_q_25	1173.0	25.0	1.998	-561.3	-472.39337142857204	88.90662857142792
Woodley1978	Woodley1978/T_1173K_q_25	1173.0	25.0	1.998	-567.98	-472.39337142857204	95.58662857142798
Woodley1978	Woodley1978/T_1173K_q_25	1173.0	25.0	1.998	-568.7	-472.39337142857204	96.306628571428
Woodley1978	Woodley1978/T_1173K_q_25	1173.0	25.0	1.999	-549.77	-446.81268571428234	102.95731428571764
Woodley1978	Woodley1978/T_1173K_q_25	1173.0	25.0	1.999	-550.7	-446.81268571428234	103.88731428571771
Woodley1978	Woodley1978/T_1173K_q_25	1173.0	25.0	1.9995	-531.56	-422.9974857142778	108.56251428572216
Woodley1978	Woodley1978/T_1173K_q_25	1173.0	25.0	1.9995	-532.1	-422.9974857142778	109.10251428572224
Woodley1978	Woodley1978/T_1173K_q_25	1173.0	25.0	2.0	-518.8	-325.2845	193.51549999999997
Woodley1978	Woodley1978/T_1173K_q_25	1173.0	25.0	2.0	-444.2	-325.2845	118.91550000000001
Woodley1978	Woodley1978/T_1273K_q_17p16	1273.0	17.16	1.95	-614.0	-610.6058	3.3941999999999553
Woodley1978	Woodley1978/T_1273K_q_17p16	1273.0	17.16	1.98	-567.8	-571.2168424242424	-3.416842424242418
Woodley1978	Woodley1978/T_1273K_q_17p16	1273.0	17.16	1.99	-532.3	-541.8677828282828	-9.567782828282816
Woodley1978	Woodley1978/T_1273K_q_17p16	1273.0	17.16	1.995	-496.2	-512.5334909090898	-16.33349090908979
Woodley1978	Woodley1978/T_1273K_q_17p16	1273.0	17.16	1.998	-449.5	-473.8251939393957	-24.325193939395717
Woodley1978	Woodley1978/T_1273K_q_17p16	1273.0	17.16	1.999	-415.1	-444.8127888888825	-29.71278888888247
Woodley1978	Woodley1978/T_1273K_q_17p16	1273.0	17.16	1.9995	-378.7	-417.7559	-39.05590000000001
Woodley1978	Woodley1978/T_1273K_q_21p17	1273.0	21.17	1.95	-615.9	-596.8517	19.048299999999927
Woodley1978	Woodley1978/T_1273K_q_21p17	1273.0	21.17	1.98	-577.9	-557.867309090909	20.032690909091002
Woodley1978	Woodley1978/T_1273K_q_21p17	1273.0	21.17	1.99	-549.3	-528.5536919191918	20.74630808080815
Woodley1978	Woodley1978/T_1273K_q_21p17	1273.0	21.17	1.995	-520.5	-499.3183636363625	21.181636363637494
Woodley1978	Woodley1978/T_1273K_q_21p17	1273.0	21.17	1.998	-483.0	-461.1020818181836	21.897918181816408
Woodley1978	Woodley1978/T_1273K_q_21p17	1273.0	21.17	1.999	-454.2	-433.36856666666057	20.83143333333942
Woodley1978	Woodley1978/T_1273K_q_21p17	1273.0	21.17	1.9995	-424.8	-409.5004	15.299599999999998
Woodley1978	Woodley1978/T_1273K_q_23p49	1273.0	23.49	1.95	-622.0	-589.0415	32.95849999999996
Woodley1978	Woodley1978/T_1273K_q_23p49	1273.0	23.49	1.98	-589.8	-550.1629969696969	39.63700303030305
Woodley1978	Woodley1978/T_1273K_q_23p49	1273.0	23.49	1.99	-565.4	-520.9116484848483	44.488351515151635
Woodley1978	Woodley1978/T_1273K_q_23p49	1273.0	23.49	1.995	-540.5	-491.86161818181705	48.63838181818295
Woodley1978	Woodley1978/T_1273K_q_23p49	1273.0	23.49	1.998	-508.1	-454.4379181818199	53.66208181818013
Woodley1978	Woodley1978/T_1273K_q_23p49	1273.0	23.49	1.999	-484.3	-428.0998595959539	56.200140404046124
Woodley1978	Woodley1978/T_1273K_q_23p49	1273.0	23.49	1.9995	-460.5	-405.7911	54.70890000000003
Woodley1978	Woodley1978/T_1273K_q_25	1273.0	25.0	1.95	-624.08	-583.9833	40.096700000000055
Woodley1978	Woodley1978/T_1273K_q_25	1273.0	25.0	1.95	-624.0	-583.9833	40.016700000000014
Woodley1978	Woodley1978/T_1273K_q_25	1273.0	25.0	1.97	-608.3	-562.3	46.0
Woodley1978	Woodley1978/T_1273K_q_25	1273.0	25.0	1.98	-595.82	-545.1697	50.650300000000016
Woodley1978	Woodley1978/T_1273K_q_25	1273.0	25.0	1.98	-595.8	-545.1697	50.63029999999992
Woodley1978	Woodley1978/T_1273K_q_25	1273.0	25.0	1.99	-570.2	-516.0022	54.19780000000003
Woodley1978	Woodley1978/T_1273K_q_25	1273.0	25.0	1.99	-574.47	-516.0022	58.46780000000001
Woodley1978	Woodley1978/T_1273K_q_25	1273.0	25.0	1.99	-574.2	-516.0022	58.19780000000003
Woodley1978	Woodley1978/T_1273K_q_25	1273.0	25.0	1.995	-553.08	-487.1852	65.89480000000003
Woodley1978	Woodley1978/T_1273K_q_25	1273.0	25.0	1.995	-553.5	-487.1852	66.31479999999999
Woodley1978	Woodley1978/T_1273K_q_25	1273.0	25.0	1.997	-540.4	-466.4662	73.93379999999996
Woodley1978	Woodley1978/T_1273K_q_25	1273.0	25.0	1.998	-524.82	-450.5752	74.24480000000005
Woodley1978	Woodley1978/T_1273K_q_25	1273.0	25.0	1.998	-524.82	-450.5752	74.24480000000005
Woodley1978	Woodley1978/T_1273K_q_25	1273.0	25.0	1.998	-524.7	-450.5752	74.12480000000005
Woodley1978	Woodley1978/T_1273K_q_25	1273.0	25.0	1.999	-439.3	-425.2272	14.07280000000003
Woodley1978	Woodley1978/T_1273K_q_25	1273.0	25.0	1.999	-503.46	-425.2272	78.2328
Woodley1978	Woodley1978/T_1273K_q_25	1273.0	25.0	1.999	-504.3	-425.2272	79.07280000000003
Woodley1978	Woodley1978/T_1273K_q_25	1273.0	25.0	1.9995	-482.07	-403.5984	78.47159999999997
Woodley1978	Woodley1978/T_1273K_q_25	1273.0	25.0	1.9995	-482.7	-403.5984	79.10159999999996
Woodley1978	Woodley1978/T_1273K_q_25	1273.0	25.0	2.0	-500.8	-323.0586	177.7414
Woodley1978	Woodley1978/T_1373K_q_17p16	1373.0	17.16	1.95	-594.4	-597.4744	-3.0743999999999687
Woodley1978	Woodley1978/T_1373K_q_17p16	1373.0	17.16	1.98	-539.7	-554.996506060606	-15.296506060605907
Woodley1978	Woodley1978/T_1373K_q_17p16	1373.0	17.16	1.99	-499.0	-523.3566858585857	-24.356685858585706
Woodley1978	Woodley1978/T_1373K_q_17p16	1373.0	17.16	1.995	-457.4	-491.76530909090786	-34.365309090907886
Woodley1978	Woodley1978/T_1373K_q_17p16	1373.0	17.16	1.998	-401.9	-450.3451212121231	-48.44512121212313
Woodley1978	Woodley1978/T_1373K_q_17p16	1373.0	17.16	1.999	-360.3	-421.3388868686807	-61.03888686868066
Woodley1978	Woodley1978/T_1373K_q_17p16	1373.0	17.16	1.9995	-318.1	-399.7724	-81.67239999999998
Woodley1978	Woodley1978/T_1373K_q_21p17	1373.0	21.17	1.95	-597.2	-582.6477	14.55230000000006
Woodley1978	Woodley1978/T_1373K_q_21p17	1373.0	21.17	1.98	-552.7	-540.6348818181817	12.06511818181832
Woodley1978	Woodley1978/T_1373K_q_21p17	1373.0	21.17	1.99	-519.4	-509.11082929292917	10.28917070707081
Woodley1978	Woodley1978/T_1373K_q_21p17	1373.0	21.17	1.995	-485.8	-477.8595545454533	7.940445454546705
Woodley1978	Woodley1978/T_1373K_q_21p17	1373.0	21.17	1.998	-441.3	-438.09990606060785	3.2000939393921612
Woodley1978	Woodley1978/T_1373K_q_21p17	1373.0	21.17	1.999	-407.1	-412.5987727272674	-5.498772727267351
Woodley1978	Woodley1978/T_1373K_q_21p17	1373.0	21.17	1.9995	-373.8	-393.2409	-19.4409
Woodley1978	Woodley1978/T_1373K_q_23p49	1373.0	23.49	1.95	-596.4	-574.2397	22.160300000000007
Woodley1978	Woodley1978/T_1373K_q_23p49	1373.0	23.49	1.98	-558.8	-532.3963878787878	26.403612121212177
Woodley1978	Woodley1978/T_1373K_q_23p49	1373.0	23.49	1.99	-531.4	-501.08205757575746	30.317942424242517
Woodley1978	Woodley1978/T_1373K_q_23p49	1373.0	23.49	1.995	-502.7	-470.3999727272715	32.30002727272847
Woodley1978	Woodley1978/T_1373K_q_23p49	1373.0	23.49	1.998	-465.9	-432.49638181818347	33.40361818181651
Woodley1978	Woodley1978/T_1373K_q_23p49	1373.0	23.49	1.998	-465.9	-432.49638181818347	33.40361818181651
Woodley1978	Woodley1978/T_1373K_q_23p49	1373.0	23.49	1.999	-436.9	-408.6415101010051	28.258489898994867
Woodley1978	Woodley1978/T_1373K_q_23p49	1373.0	23.49	1.9995	-408.4	-389.7276	18.672399999999982
Woodley1978	Woodley1978/T_1373K_q_25	1373.0	25.0	1.932	-616.1	-583.1773	32.92270000000008
Woodley1978	Woodley1978/T_1373K_q_25	1373.0	25.0	1.95	-596.2	-568.8037705882354	27.396229411764693
Woodley1978	Woodley1978/T_1373K_q_25	1373.0	25.0	1.95	-595.9	-568.8037705882354	27.096229411764625
Woodley1978	Woodley1978/T_1373K_q_25	1373.0	25.0	1.96	-583.5	-558.5797647058824	24.92023529411756
Woodley1978	Woodley1978/T_1373K_q_25	1373.0	25.0	1.968	-571.7	-548.4125352941177	23.28746470588237
Woodley1978	Woodley1978/T_1373K_q_25	1373.0	25.0	1.98	-563.8	-527.0956823529413	36.7043176470587
Woodley1978	Woodley1978/T_1373K_q_25	1373.0	25.0	1.98	-563.7	-527.0956823529413	36.60431764705879
Woodley1978	Woodley1978/T_1373K_q_25	1373.0	25.0	1.984	-547.3	-517.0307529411765	30.269247058823453
Woodley1978	Woodley1978/T_1373K_q_25	1373.0	25.0	1.99	-539.3	-496.0250411764707	43.27495882352923
Woodley1978	Woodley1978/T_1373K_q_25	1373.0	25.0	1.99	-539.2	-496.0250411764707	43.17495882352932
Woodley1978	Woodley1978/T_1373K_q_25	1373.0	25.0	1.994	-523.1	-473.6994176470596	49.40058235294043
Woodley1978	Woodley1978/T_1373K_q_25	1373.0	25.0	1.995	-514.9	-465.8914529411754	49.008547058824604
Woodley1978	Woodley1978/T_1373K_q_25	1373.0	25.0	1.995	-514.4	-465.8914529411754	48.508547058824604
Woodley1978	Woodley1978/T_1373K_q_25	1373.0	25.0	1.998	-487.7	-429.3312352941168	58.368764705883166
Woodley1978	Woodley1978/T_1373K_q_25	1373.0	25.0	1.998	-482.5	-429.3312352941168	53.16876470588318
Woodley1978	Woodley1978/T_1373K_q_25	1373.0	25.0	1.998	-482.5	-429.3312352941168	53.16876470588318
Woodley1978	Woodley1978/T_1373K_q_25	1373.0	25.0	1.999	-458.1	-405.0962352941137	53.00376470588634
Woodley1978	Woodley1978/T_1373K_q_25	1373.0	25.0	1.999	-458.0	-405.0962352941137	52.90376470588632
Woodley1978	Woodley1978/T_1373K_q_25	1373.0	25.0	1.9995	-433.6	-375.4433323529339	58.156667647066115
Woodley1978	Woodley1978/T_1373K_q_25	1373.0	25.0	1.9995	-434.1	-375.4433323529339	58.656667647066115
Woodley1978	Woodley1978/T_1373K_q_25	1373.0	25.0	2.0	-436.3	-319.9037	116.3963
