label,score_total,score_swd,score_Nd,score_Nd_drop,score_Rd,score_pressure,score_fdot_prior,score_rizk_gas_shape,score_highT_guard,f_n,K_d,rho_d,fission_rate,Dv_scale,Dg_scale,b_scale,gb_scale,gd_scale,coalescence_d_scale,capture_scale,swD_1p3_1600K,swB_1p3_1600K,Rd_1p3_1600K,Nd_1p3_1600K,Nd_1p3_1400K,Nd_1p3_1725K,Nd_drop_1725_over_1400_log10,swD_3p2_1600K,swB_3p2_1600K,max_f_cap_step_3p2_1600K,capture_fraction_sum_3p2_1600K,capture_raw_sum_3p2_1600K,dt_h,n_modes,use_full_exp,D1_Xe,D2_Xe,D2_Xe_over_Dg_unscaled,D2_Xe_scaled,D2_xe_scale,D3_Xe,Dg,Dv,family,score_bulk_shape,score_rizk_prior,score_swig_diag,trial_number,state,profile_Dv_fixed,profile_subdir,score_data,score_prior,p_d_over_eq_1p3_1200K,p_d_over_eq_1p3_1400K,p_d_over_eq_1p3_1600K,p_d_over_eq_1p3_1700K,p_b_over_eq_1p3_1600K,p_d_over_eq_3p2_1600K,p_b_over_eq_3p2_1600K,p_d_over_eq_max_1p3_1200_1700K,p_b_over_eq_max_1p3_1200_1700K,p_d_over_eq_max_3p2_1200_1700K,p_b_over_eq_max_3p2_1200_1700K,balanced_metric,rizk_distance_metric,pressure_metric
capture_only_v2_trial_00086,1.3980883772782533,0.8641459601292089,0.27528462005613935,0.0,0.1633241635596129,0.06608270763235065,0.17492771312740968,0.03443707944730936,1.5040781782229062,2.546599181054665e-07,648457.8815174045,35349769915897.875,7.479933166845849e+19,1.0,0.5332926825020815,3.065510358735287,0.4625270229443919,4.50670527974943,6.997011879783073,0.1400949374295444,2.7518730108198253,0.4426591573881199,85.92010933246755,1.0357508934552027e+19,1.853545645441799e+19,2.006474593026151e+18,-0.9655696205863368,3.7077970807218046,1.5139673439073702,6.522147668567157e-05,0.008677267919878473,0.008677267919878473,12.0,22,0,4.2934800659537927e-19,3.736380896950266e-105,2.773635502805564e-86,1.5746671256700067e-104,4.2144180936030695,1.3837876358664822e-19,3.027645321986162e-19,2.0594492878976158e-20,capture_only,0.08868376036516595,0.23057977241823763,0.916973448416361,86,TrialState.COMPLETE,1.0,UN_M7_codex_results/capture_only_dv_profile/dv_1p00,1.1410754613014673,0.23057977241823763,2.449462832544037,1.6644415709690576,1.1548695241757265,1.3975206852622357,1.000693972925625,1.1156528843759261,1.0002084531275115,2.449462832544037,1.0011620181733727,2.0582728287095735,1.0004500811877832,1.2268410403645253,0.23057977241823763,2.449462832544037
capture_only_v2_trial_00094,1.3745603055967162,0.8961793345953426,0.28742163725409364,0.0,0.15185003623852705,0.03238782543552694,0.18040192705163627,0.05221132252622868,1.0724020081199408,1.084698728492353e-08,608528.3455471111,29302867373330.91,7.574813271091406e+19,0.5,2.2168643768455603,0.7010456268229871,0.24158682562031347,0.636588335947412,8.264535112525898,0.07125679134018344,2.365271768303979,0.5118238530764525,89.06411672572982,7.992527571174221e+18,1.4562808498524064e+19,1.8818032459195405e+18,-0.8886709252505101,3.062457376254947,1.6702529611622208,3.3539675195885156e-05,0.004100278875186706,0.004100278875186706,12.0,22,0,4.2934800659537927e-19,3.760003506585016e-105,1.0537282331244323e-86,6.000793165665471e-105,1.59595414077569,1.4013404551519102e-19,1.2624644745768302e-18,1.0298967077002576e-20,capture_only,0.0898648414332025,0.20725699747758708,0.7109729597583062,94,TrialState.COMPLETE,0.5,UN_M7_codex_results/capture_only_dv_profile/dv_0p50,1.1741134205536197,0.20725699747758708,3.184923184483813,2.0260770090990814,1.2925034697298987,1.5400053706912757,1.0007243014116682,1.1520268439385013,1.0000737333048038,3.184923184483813,1.0138074733820686,2.3583469450770687,1.011275649849736,1.255779681353551,0.20725699747758708,3.184923184483813
capture_only_v2_trial_00098,1.4180821362689464,0.8303965806990392,0.33983236793308763,0.0,0.19540659919875397,0.062246300338142456,0.13574631063105463,0.10148352612203904,1.4466870279543427,1.9043270221356258e-07,633679.6020719425,48099413720427.445,6.83465055962113e+19,1.0,0.39207999318132475,3.70397157889179,0.38808491499461373,3.374519316281039,7.004801621607279,0.060804470943718776,2.6548540198185404,0.35097051361526155,76.50025418165538,1.4156744764599675e+19,2.46191085460523e+19,2.759727412524043e+18,-0.9504061356769696,3.7074054180903815,1.2538446673330292,2.3239356040283856e-05,0.003769368825772134,0.003769368825772134,12.0,22,0,4.2934800659537927e-19,3.571580488397482e-105,4.947189922766422e-86,2.749593947510981e-104,7.698535582337345,1.264410353529909e-19,2.1791376377737197e-19,2.05704852210802e-20,capture_only,0.06318235922581418,0.2562671837304876,0.8065075774865252,98,TrialState.COMPLETE,1.0,UN_M7_codex_results/capture_only_dv_profile/dv_1p00,1.1685315793747986,0.2562671837304876,2.213094036311714,1.5373039832811901,1.1064937138000015,1.293793347719833,1.000827483061026,1.091188517930029,1.0002351648981223,2.213094036311714,1.0012513187791943,1.9112709729747988,1.0003972966835337,1.2571327963237815,0.2562671837304876,2.213094036311714
capture_only_v2_trial_00083,1.4565988670677452,0.9146476756666164,0.2292505118365613,0.0,0.1559636883447157,0.11373570420260294,0.159912249682402,0.009256404103857504,1.7993262875244636,2.9282186806324673e-07,532634.8373381813,39042179164193.336,7.225738727120302e+19,1.0,0.5442979146597048,2.4185057206547818,0.46467182703513,3.783771107145692,7.571688629326861,0.09406681334141415,2.9150940372099954,0.48558092217815313,94.10183108842423,8.351600988280373e+18,1.6472853837762124e+19,1.3252930368653443e+18,-1.0944569288111214,3.9370933831824386,1.6602696398839614,4.6354968413669734e-05,0.006506718135353594,0.006506718135353594,12.0,22,0,4.2934800659537927e-19,3.672344465950192e-105,2.6954176645176654e-86,1.5175853015816174e-104,4.132469913028579,1.336761664517256e-19,3.06452883292544e-19,2.0585164232634632e-20,capture_only,0.09769731751215388,0.20784589776249332,1.0596147678646453,83,TrialState.COMPLETE,1.0,UN_M7_codex_results/capture_only_dv_profile/dv_1p00,1.1572387213672108,0.20784589776249332,2.557220553154448,1.7242561714118672,1.2102667286041093,1.5833211287058702,1.0005733443636486,1.1627220514196788,1.0001583826927387,2.557220553154448,1.0010240374453672,2.109252072322573,1.000441716186057,1.2670493234412712,0.20784589776249332,2.557220553154448
capture_only_v2_trial_00073,1.3837588984090172,0.8659279594268684,0.2744503369773802,0.0,0.14093508844047506,0.09327178453359805,0.17253287875053164,0.039537841580162186,1.4156561774632241,1.4320205475419497e-08,718524.7087142332,22447423748318.484,7.43880001177329e+19,0.5,2.141101580572817,1.0521741226768024,0.40906527161022943,1.5000003976311134,9.838402737012707,0.09434304838095353,2.494207044585383,0.5316386455939287,100.38886768473957,5.8855523237761e+18,1.2580575125159717e+19,1.0854251455775144e+18,-1.0641006170057221,3.3132713003623233,1.768139620548411,4.733541286657134e-05,0.006310245501164571,0.006310245501164571,12.0,22,0,4.2934800659537927e-19,3.726093304557517e-105,1.7599132755063707e-86,9.978106501687049e-105,2.6779003331673077,1.3761780021780588e-19,1.2139313850984529e-18,1.0296497105791315e-20,capture_only,0.10060734524726142,0.17167493844470635,0.7905011920531506,73,TrialState.COMPLETE,0.5,UN_M7_codex_results/capture_only_dv_profile/dv_0p50,1.1288817315264505,0.17167493844470635,3.5316504415041043,2.2321545291000366,1.4478380978926817,1.845717635774768,1.000538557377948,1.3085922045444598,1.0000852692633448,3.5316504415041043,1.0147481417417998,2.6209414866404956,1.0119035327464814,1.2758649550313184,0.17167493844470635,3.5316504415041043
capture_only_v2_trial_00082,1.4669593985388931,0.9213039260366837,0.23415298855099492,0.0,0.15355087974697823,0.12116909463737956,0.15943839231720874,0.023667434569744634,1.7606090760668789,2.604690390640387e-07,508291.3570760902,39327075411623.07,7.217859045486487e+19,1.0,0.48783039030779746,2.4449479867419233,0.43627022823918715,3.6657382939356706,7.430620036350638,2.203654531875938,2.932711285022094,0.46500400521846147,95.07443408466146,8.14684500688006e+18,1.5939206360521736e+19,1.319528162852031e+18,-1.0820480295014498,4.000294181768394,1.6089208571670663,0.0010629123888424808,0.1516036229988585,0.1516036229988585,12.0,22,0,4.2934800659537927e-19,3.67034157049713e-105,2.6124299940697227e-86,1.4704804123966467e-104,4.006385738637064,1.335303923415e-19,2.7458918904920596e-19,2.058487245648395e-20,capture_only,0.09826285610541013,0.20554591788972734,1.0565948759886,82,TrialState.COMPLETE,1.0,UN_M7_codex_results/capture_only_dv_profile/dv_1p00,1.1656338964430173,0.20554591788972734,2.6182209230365516,1.758194831799765,1.2242486975853977,1.613384423972198,1.00063658645181,1.1730158673342226,1.0001064713175531,2.6182209230365516,1.001266013205636,2.157317894224168,1.000402720681463,1.2794445368033907,0.20554591788972734,2.6182209230365516
capture_only_v2_trial_00081,1.3748608530642437,0.9076716118315035,0.29067256783066747,0.0,0.17749312507648568,0.059472827800429055,0.02771212135377808,0.022075288874782606,1.0727916866921081,2.6239497568106722e-08,631037.8235458665,35008963017596.16,4.6909184503164215e+19,0.3,0.5369092949004507,2.2342895424699534,1.0435849189558843,3.2372564859019817,7.691425943719529,0.8855735888540508,2.5020345129983865,0.5740921027858229,84.17647265683954,1.0014574866549264e+19,1.845936608737094e+19,2.2467018957499825e+18,-0.9146713310893285,3.2974779663277283,1.9992113553917712,0.00026559466632281536,0.05326232552338641,0.05326232552338641,12.0,22,0,4.2934800659537927e-19,2.9589063900691514e-105,3.769888176592944e-87,1.9457523767670467e-105,0.657591731626756,8.67819913308538e-20,2.771149932635449e-19,6.144369776839892e-21,capture_only,0.09436878891155034,0.18418336293642182,0.8740320435158203,81,TrialState.COMPLETE,0.3,UN_M7_codex_results/capture_only_dv_profile/dv_0p30,1.2031046559673286,0.18418336293642182,3.100918365453693,1.9386462399308693,1.276775623730621,1.5594922363420831,1.0003761097489439,1.158836549935363,1.00007852750062,3.100918365453693,1.0086918507726967,2.3285718841630683,1.0074268385083827,1.287120288006006,0.18418336293642182,3.100918365453693
capture_only_v2_trial_00096,1.4534203377655595,0.9008827247044675,0.29136154695261635,0.0,0.16864103003265848,0.0875262348260115,0.14080028262423383,0.08194294603777606,1.4546714248528416,1.9563345874938012e-07,575602.4796319874,48215234439283.93,6.914651348800663e+19,1.0,0.5017083105407109,3.297049666451099,0.3995338302907599,3.422733302179878,6.731682175758141,0.07949100283270011,3.048476248140224,0.35136686637873754,84.97945852757393,1.1859116289606132e+19,2.2142541423366287e+19,2.2926716063705472e+18,-0.9848856133291849,4.297651708562987,1.3032780546364142,3.4880748014524105e-05,0.005943091285689846,0.005943091285689846,12.0,22,0,4.2934800659537927e-19,3.5924226649930366e-105,5.683481146264565e-86,3.1672281762882883e-104,8.816412965968267,1.2792104995281226e-19,2.7958651687740904e-19,2.0573521450479794e-20,capture_only,0.09111773255233074,0.23383570835882456,1.0205758561263214,96,TrialState.COMPLETE,1.0,UN_M7_codex_results/capture_only_dv_profile/dv_1p00,1.191452348243263,0.23383570835882456,2.476069296693153,1.6812082236931558,1.1781292112419528,1.4295036837561221,1.0007512655152437,1.152457742008759,1.0001892204616243,2.476069296693153,1.0013508153248065,2.0934501995947565,1.0003928008497385,1.290735230810635,0.23383570835882456,2.476069296693153
capture_only_v2_trial_00090,1.4015198575107333,0.9298187430510647,0.30844967071143287,0.0,0.14201243276690764,0.009027792389777408,0.1957750969396442,0.06934824235478865,1.0168395933460852,1.103998341887723e-08,555882.3208087176,27140976101612.17,7.847748946210963e+19,0.5,2.238706531197941,0.9199660200113173,0.23799469155665795,0.7567399000113761,8.405137882281352,0.07592697176070955,2.23161343628183,0.4414753413426607,91.32391192154759,6.994824761095355e+18,1.244115805501283e+19,1.774215277149179e+18,-0.8458544930002928,2.8797372353619033,1.388029550401631,3.4167092625956384e-05,0.003921658521143697,0.003921658521143697,12.0,22,0,4.2934800659537927e-19,3.827144278584768e-105,1.0842702214701028e-86,6.2294724722599264e-105,1.627707768196163,1.4518335550490282e-19,1.2862071127119506e-18,1.03038575159863e-20,capture_only,0.08923900657918651,0.20141970991642835,0.6270849654557097,90,TrialState.COMPLETE,0.5,UN_M7_codex_results/capture_only_dv_profile/dv_0p50,1.2155184886736408,0.20141970991642835,3.3141184743768566,2.097518305592789,1.3049025843982782,1.5156323728753407,1.0003529640600828,1.1557661392763194,1.000043313285257,3.3141184743768566,1.0087884359437922,2.445349167987779,1.0065351566041587,1.295816526064138,0.20141970991642835,3.3141184743768566
capture_only_v2_trial_00097,1.42104343464791,0.8173326092144771,0.24376337863525366,0.0,0.15811995930801465,0.1841799380953523,0.17538694908855432,0.08565841606847285,1.7339136324982731,1.1604953687857308e-08,659590.9052943222,32236154478152.9,7.487846855011908e+19,0.5,2.456906613756564,0.6946412578523975,0.20467920679478557,0.6623890405006605,11.8651264499918,0.07880235428980713,2.7378761709302517,0.3927128963619588,105.39717662757279,5.582622492917222e+18,1.5132504638256718e+19,7.61272146674912e+17,-1.2983708755253422,3.746521515774892,1.4439962204999532,4.248275491835817e-05,0.0066900027798655936,0.0066900027798655936,12.0,22,0,4.2934800659537927e-19,3.7383568996738846e-105,6.213018565618457e-87,3.5282065693322575e-105,0.9437853752379931,1.3852516681772031e-19,1.3952113555335725e-18,1.0297390368734999e-20,capture_only,0.11380487109553666,0.22390973083121307,0.8006883287523815,97,TrialState.COMPLETE,0.5,UN_M7_codex_results/capture_only_dv_profile/dv_0p50,1.0706507809122008,0.22390973083121307,3.671884891369179,2.340821320702629,1.6341248601062015,2.287243920523898,1.0007738032323503,1.538551687884643,1.0000604368819694,3.671884891369179,1.0108527681832913,2.8273934190011207,1.0084646703159044,1.2961549327177653,0.22390973083121307,3.671884891369179
capture_only_v2_trial_00093,1.3856562474781644,0.8985315355528197,0.3064792269709055,0.0,0.1332692326165262,0.03756951086347484,0.17633583592283816,0.06196263307121177,1.111807709004,1.1192607306390305e-08,554666.372232647,25778479587437.34,7.504224882391764e+19,0.5,2.1646015111495505,0.6899919357931563,0.20406710753837912,0.6704096056330179,8.323049519830448,0.07353213826976196,2.3609709160905745,0.47335346447127497,95.94325112469683,6.382028442553907e+18,1.173947674358791e+19,1.526558171510748e+18,-0.8859353814910125,3.1012744953682736,1.5349068685524698,3.2818560948897694e-05,0.004187699018800463,0.004187699018800463,12.0,22,0,4.2934800659537927e-19,3.7424430855487416e-105,1.0771410127321281e-86,6.1200585184606555e-105,1.6353110464372747,1.3882816032424763e-19,1.2298749895133837e-18,1.0297688000741631e-20,capture_only,0.0877492528657493,0.21518459658120795,0.6850382465386777,93,TrialState.COMPLETE,0.5,UN_M7_codex_results/capture_only_dv_profile/dv_0p50,1.177704572653824,0.21518459658120795,3.5271585531961147,2.2108075885140597,1.3722964494217016,1.6339550475550195,1.0003833021510706,1.214537516418888,1.0000439279499387,3.5271585531961147,1.0105024883201816,2.5908062872286504,1.0081091983969253,1.2995261807578302,0.21518459658120795,3.5271585531961147
capture_only_v2_trial_00097,1.4626288516575963,0.8807942327037974,0.32803389477100997,0.0,0.18330620513516746,0.08274121083076863,0.1460747910110678,0.0931586820280028,1.4066025897141072,1.6928089461277585e-07,637436.7805891151,48615001789103.42,6.999141849967481e+19,1.0,0.410234965375116,3.21332553201888,0.4103019919180148,3.446659850207593,6.658324783578577,0.06771885870190163,2.969254642952676,0.35205201436143263,80.33831594647963,1.3670697186184045e+19,2.483859674158533e+19,2.668397531132133e+18,-0.9688765265370938,4.165975019900051,1.329512592481164,2.906450390714207e-05,0.004850985908936961,0.004850985908936961,12.0,22,0,4.2934800659537927e-19,3.614304029578632e-105,5.038883892656035e-86,2.8158902226864276e-104,7.790961135648332,1.2948412422439841e-19,2.292524798373538e-19,2.057670906584969e-20,capture_only,0.07945371563151052,0.24255926249684762,0.9822802283919108,97,TrialState.COMPLETE,1.0,UN_M7_codex_results/capture_only_dv_profile/dv_1p00,1.2039999873860543,0.24255926249684762,2.3605303929418704,1.6186733613354083,1.1488184585861292,1.3781883984917935,1.000612686222827,1.1206403875064335,1.0001301740737616,2.3605303929418704,1.0010128985999258,1.997578325052468,1.0003957091726625,1.302156566383885,0.24255926249684762,2.3605303929418704
capture_only_v2_trial_00096,1.4394458968482922,0.8385666839810261,0.25289014117302266,0.0,0.15855474723113946,0.17478506258673532,0.17514092109772494,0.059927965148896756,1.741809089711085,1.193801297659557e-08,663153.8350244818,29765811617159.234,7.483606188175247e+19,0.5,1.9647484152512802,0.5633323426735325,0.2089966427531461,0.6344071960239037,11.563188234652142,0.07969603269406962,2.6420658591616366,0.48988222513980334,103.92445590337573,5.619552740854024e+18,1.4417964970484374e+19,7.702910139175488e+17,-1.272249134552117,3.5804852469563984,1.7407695896075936,4.2463057984570944e-05,0.006331413214379397,0.006331413214379397,12.0,22,0,4.2934800659537927e-19,3.737298159315304e-105,9.082883152311669e-87,5.1572131060383475e-105,1.3799308714997416,1.3844671448124208e-19,1.1155737784233346e-18,1.0297313251582946e-20,capture_only,0.09926811515366962,0.21804567396581695,0.844002355133875,96,TrialState.COMPLETE,0.5,UN_M7_codex_results/capture_only_dv_profile/dv_0p50,1.0980781240821744,0.21804567396581695,3.5606041048232764,2.2688919272667625,1.5661797110154112,2.213849176446483,1.0007939121762397,1.4564662248967069,1.0000959331744228,3.5606041048232764,1.0140451683211769,2.6344976736061114,1.0115770420213448,1.306080243194795,0.21804567396581695,3.5606041048232764
capture_only_v2_trial_00092,1.40754465029053,0.9327070177394937,0.31525429372053076,0.0,0.13833911287758804,0.014021174576650457,0.17889169954708806,0.046292828330141166,1.053411424882929,1.0853503485045289e-08,549203.7617053839,25919723153001.695,7.548518154511119e+19,0.5,2.211881333724018,0.6805873853624003,0.2299848892446419,0.6462501876025849,8.054051321929224,0.07731881566241816,2.2514748871464705,0.5334267253981673,92.60431704126856,6.768381012398557e+18,1.185241225096175e+19,1.7167135869106788e+18,-0.839108904339851,2.8962245293672737,1.6808358712204812,3.475573393769767e-05,0.004056314073097875,0.004056314073097875,12.0,22,0,4.2934800659537927e-19,3.753471617278916e-105,1.0672904100561826e-86,6.0728353919021405e-105,1.6179249535140086,1.3964758585845572e-19,1.2585507299198765e-18,1.029849130341302e-20,capture_only,0.07812340889240704,0.20950366785855049,0.6788323710580839,92,TrialState.COMPLETE,0.5,UN_M7_codex_results/capture_only_dv_profile/dv_0p50,1.2206257763843915,0.20950366785855049,3.32936218882054,2.0976346881521097,1.3027251404014997,1.5257114688044482,1.000468722398489,1.1538709026511214,1.00006350438814,3.32936218882054,1.0135823880699477,2.4567051987894315,1.0108009137171239,1.3071310453214473,0.20950366785855049,3.32936218882054
capture_only_v2_trial_00063,1.3777853845101062,0.8698074996089596,0.2477341077966673,0.0,0.1815753313995667,0.11325839119509681,0.07386797890810265,0.09499942232816927,1.1406907421013976,1.2652101026401904e-07,615857.001351498,39527818246294.56,5.9270417067375485e+19,0.3,0.3095278843553989,2.7830847050938403,0.42858540894375174,3.7991790246918793,9.094226850484404,0.8096644503330587,2.4615536382233767,0.38430672472401434,84.60415540572694,9.703884337083668e+18,1.966171639357606e+19,1.83703526713143e+18,-1.0295039335118017,3.471229398920497,1.4323765110750706,0.00025295132434262975,0.05033756817704522,0.05033756817704522,12.0,22,0,4.2934800659537927e-19,3.32599257899211e-105,2.025497880442808e-86,1.0917398699957064e-104,3.2824483039783003,1.0965027157464465e-19,1.668349967131703e-19,6.1604126004943684e-21,capture_only,0.06599602768789738,0.24714236005364612,0.741098331928394,63,TrialState.COMPLETE,0.3,UN_M7_codex_results/capture_only_dv_profile/dv_0p30,1.1397798685165332,0.24714236005364612,3.497656815818086,2.185517015110782,1.4063175564243298,1.7916087694414915,1.0006377174283128,1.3492507974592194,1.0001450622411545,3.497656815818086,1.001355241870122,2.827043333685166,1.0008064389323268,1.310488127461924,0.24714236005364612,3.497656815818086
capture_only_v2_trial_00088,1.3846595876913956,0.921422433968311,0.3409298000817881,0.0,0.18610563885162745,0.025386273037935704,0.008726110596172064,0.03563980203824415,0.8834732909073747,2.9955559817236256e-08,683440.8913148153,32068993740087.477,5.101479137353526e+19,0.3,0.45574434224835175,1.7927128502641116,0.7048151508113334,2.763190507289106,7.042464491381826,1.1685444349963352,2.391030438071935,0.5428400489716899,80.40601782586712,1.0980720414255815e+19,1.870036692620566e+19,2.8798832351892777e+18,-0.8124752484038635,3.123368420298448,1.8929986386933022,0.00034621162552321116,0.06244144859620888,0.06244144859620888,12.0,22,0,4.2934800659537927e-19,3.085676135628957e-105,2.374448338853663e-87,1.2435588363231651e-105,0.40301016103548054,9.437736404104023e-20,2.3868487455946923e-19,6.149910014348434e-21,capture_only,0.08090275158978738,0.17490961936001065,0.7973088487745199,88,TrialState.COMPLETE,0.3,UN_M7_codex_results/capture_only_dv_profile/dv_0p30,1.2546901873324499,0.17490961936001065,3.109692625107171,1.945822517223911,1.2491954304753825,1.4633400584352112,1.0003979677047579,1.1271606730554602,1.0000547557839787,3.109692625107171,1.0056713688275847,2.3311612377826942,1.0049016586548052,1.3173808421984774,0.17490961936001065,3.109692625107171
capture_only_v2_trial_00070,1.3429695800633155,0.8867048072120285,0.33299618491228994,0.011957399948580381,0.16082273677733117,0.026758796274701586,0.0030121723288255753,0.06219282407823628,0.8110293609687264,4.4333970988751924e-08,642983.8646935801,28807351363851.367,5.034799456748989e+19,0.3,0.5247992767188661,2.31181559795368,0.5499462510502279,3.575294041667821,6.671540914318812,1.7791440197140298,2.5330781707970544,0.421540843290403,86.80045629788286,9.24685310274779e+18,1.586308303019668e+19,2.6369289100857533e+18,-0.7792891757626373,3.4351296194750343,1.5239517260200028,0.0004924191973491142,0.10092499295520559,0.10092499295520559,12.0,22,0,4.2934800659537927e-19,3.06544389985805e-105,4.372269079180513e-87,2.284474726160209e-105,0.7452345568176914,9.31437899498563e-20,2.7420331691848054e-19,6.149025801865363e-21,capture_only,0.1036279975461212,0.19759357557614443,0.7695158236655544,70,TrialState.COMPLETE,0.3,UN_M7_codex_results/capture_only_dv_profile/dv_0p30,1.2116033694199961,0.19759357557614443,3.5951731522405357,2.2018108860058434,1.3573382189456813,1.558175278412056,1.0004375719806895,1.2219298833764214,1.0000646180259205,3.5951731522405357,1.0027306679734098,2.7206074932537208,1.002121507127698,1.3300562080411185,0.19759357557614443,3.5951731522405357
capture_only_v2_trial_00068,1.341871016830297,0.8480432057555516,0.3578672727146465,0.0301460525697664,0.16900848433690874,0.008410019398381739,0.015493971375119979,0.12447507681315913,0.7242411562054446,1.0690125786021028e-07,649254.3942811204,31456574508172.242,4.824763533140654e+19,0.3,0.45745920696264675,3.1342292582056555,0.294736682336538,3.781180635111233,6.508027789799832,1.2099994583866525,2.583612320965777,0.2788199568296347,84.5203517352951,1.0215387621249104e+19,1.7481115858110796e+19,3.1245224240389274e+18,-0.7477855053015223,3.6722866896114503,1.0390462011252872,0.00029069231442731833,0.07163802955199627,0.07163802955199627,12.0,22,0,4.2934800659537927e-19,3.0008224534804694e-105,8.222713719067195e-87,4.264349756047376e-105,1.4210603333434204,8.925812536310209e-20,2.372411498516926e-19,6.146201640946713e-21,capture_only,0.08132266916329334,0.24390002027925833,0.7078296551891571,68,TrialState.COMPLETE,0.3,UN_M7_codex_results/capture_only_dv_profile/dv_0p30,1.2122080761919833,0.24390002027925833,3.6470573309216707,2.2369099602208293,1.3563269639708342,1.4925250808451844,1.0005592119948108,1.2787193461287871,1.0001111134784637,3.6470573309216707,1.001086311670648,2.9838586074720115,1.0005400059074565,1.3338911604144155,0.24390002027925833,3.6470573309216707
capture_only_v2_trial_00023,1.5152916043459692,0.9646831380373446,0.32154033346476746,0.0,0.13992570507501037,0.08829025271001967,0.01899561738871021,0.014009024772769284,1.9935169172363294,1.1372476065355855e-07,416774.3679906442,30164235264945.434,5.223548383259189e+19,1.0,0.5385278755480151,1.856396497587206,0.4028294988617625,2.7284486227139038,6.9400160098438155,1.5814146693004318,2.883910331087871,0.5047485391641965,107.73681034804034,5.505551157258677e+18,1.0419994482734848e+19,9.756584181487406e+17,-1.0285696929398975,3.759886095051305,1.6562119933722723,0.0005748900659794704,0.09907759514760932,0.09907759514760932,12.0,22,0,4.2934800659537927e-19,3.1223752452331423e-105,2.5750957740690154e-86,1.3544582786851688e-104,4.337909995773214,9.663564509029501e-20,2.832568585152733e-19,2.0505046270426713e-20,capture_only,0.09315390784700059,0.17334499892626173,1.0376708654085984,23,TrialState.COMPLETE,1.0,UN_M7_codex_results/capture_only_dv_profile/dv_1p00,1.2576397778344497,0.17334499892626173,2.6332447290125542,1.7414556334567726,1.2098775567855509,1.5599230988725306,1.0002078352465116,1.1237379182971747,1.000049742587317,2.6332447290125542,1.0007335093071894,2.0866855470779093,1.000451246285059,1.3452829292457138,0.17334499892626173,2.6332447290125542
capture_only_v2_trial_00088,1.3939591188112328,0.8796902449460704,0.3516003393877897,0.051172493959255064,0.12999819670349827,0.0,0.17826292311626457,0.05333014513858839,0.7849764995151001,1.0095617670844264e-08,560597.9174867024,25189932809257.727,7.537597232732842e+19,0.5,2.2266448262551863,0.6853509739495894,0.252947370701188,0.767813550136892,6.407766786827368,0.07556774723769977,2.4535431984963574,0.515270626290686,92.51579963506494,7.397029979632211e+18,1.205986895618132e+19,2.344098992584435e+18,-0.7113666405125588,3.2144470673363004,1.7163699248583242,3.416941472313661e-05,0.004278269434733371,0.004278269434733371,12.0,22,0,4.2934800659537927e-19,3.750755441333467e-105,1.3841496810407428e-86,7.872954182862368e-105,2.099031596702391,1.3944554880555758e-19,1.2665012273407888e-18,1.0298293460994253e-20,capture_only,0.09507885590369528,0.20086518067599501,0.7540643557828725,88,TrialState.COMPLETE,0.5,UN_M7_codex_results/capture_only_dv_profile/dv_0p50,1.2374018775294877,0.20086518067599501,3.6615672466805442,2.264711427663002,1.3488755346651993,1.5017389081079304,1.0006756658664493,1.1814874381641927,1.0000948187270537,3.6615672466805442,1.0164214733277102,2.6764863611811256,1.0133823830512523,1.3468115215699654,0.20086518067599501,3.6615672466805442
capture_only_v2_trial_00038,1.4818626262960812,0.9766250752565477,0.3693753312913651,0.021829177232134196,0.12226795711549675,0.0,0.0389690633188847,0.0701289674279786,1.4356004297689209,4.021591430775018e-08,477422.0770149884,22165057320781.35,5.469392208935009e+19,1.0,0.9352549931889004,1.8536060669153422,0.23697067327783922,1.6644462667357145,6.665962714815947,3.100687813022015,2.2246629878718935,0.37524918333962753,97.27497468046928,5.769952538546216e+18,9.117812051525893e+18,1.5765214342551828e+18,-0.7621907559465179,2.6195131037008523,1.1244612868620159,0.000958080240978804,0.12077537837468548,0.12077537837468548,12.0,22,0,4.2934800659537927e-19,3.1950070300589595e-105,4.431989536711674e-86,2.351311220118923e-104,7.359330348877301,1.0118375586529766e-19,4.961824798866557e-19,2.0515627063628526e-20,capture_only,0.08873851930290609,0.17658045314047538,0.6488738176692036,38,TrialState.COMPLETE,1.0,UN_M7_codex_results/capture_only_dv_profile/dv_1p00,1.3119089920973674,0.17658045314047538,2.4091970743137163,1.6144843601143364,1.0980603096903494,1.2216389219202024,1.0002234931310294,1.023247838160514,1.0000348817172475,2.4091970743137163,1.000765989463928,1.900190634762983,1.0004056718008212,1.3472250827254626,0.17658045314047538,2.4091970743137163
capture_only_v2_trial_00063,1.424938476101595,0.9160974304603108,0.38325165521678045,0.04022597807125955,0.0924396921782283,0.0,0.050919852831754195,0.09805618576384982,1.1707269907817042,9.389645079044632e-08,333156.65179182286,30850898789453.816,5.6219872606614266e+19,1.0,1.1494963602639454,3.453577435265692,0.30734571386339987,3.135320370585514,5.3172683223729775,2.6286850067737255,3.097599707358983,0.26479506962831223,112.47996666343565,5.196502594008404e+18,8.780955241916827e+18,1.6338613571340147e+18,-0.730326562196427,4.273786282842665,0.8903705177837035,0.0009194770569467488,0.17576953282280272,0.17576953282280272,12.0,22,0,4.2934800659537927e-19,3.2392704770569944e-105,2.09280366818663e-86,1.1162068210212258e-104,3.4458586552961883,1.040067643222364e-19,6.130893678992097e-19,2.0522075237526617e-20,capture_only,0.11249645937000168,0.22090118036048803,0.9125198242068099,63,TrialState.COMPLETE,1.0,UN_M7_codex_results/capture_only_dv_profile/dv_1p00,1.2609007997294146,0.22090118036048803,3.399542335523303,2.154100982210036,1.322136940752823,1.446415720502723,1.0004305988297444,1.2288823128997879,1.0001207669943333,3.399542335523303,1.000793428666284,2.7498953765057066,1.0003225742959674,1.3485203951806841,0.22090118036048803,3.399542335523303
capture_only_v2_trial_00034,1.3933664260328575,0.8228026610361466,0.3752341336055346,0.0,0.19782510033263193,0.10573097587338694,0.11212675745019444,0.10181097103699813,0.80707737944668,1.4837036502530371e-08,840619.1109160836,43216875675911.32,6.472868166407266e+19,0.3,0.5500017968420271,2.2338972137665256,0.9301805965755774,3.2559990124228992,7.660063870531353,0.5922963565191511,2.9152568763976827,0.3714431953153906,78.41400410552511,1.4434685495458257e+19,2.8786825409540063e+19,3.400924223315192e+18,-0.9275968183979643,4.154957581629574,1.689007668286305,0.0002503189397937197,0.049336699820660204,0.049336699820660204,12.0,22,0,4.2934800659537927e-19,3.4757670766216804e-105,4.486954245767942e-87,2.463768932183948e-105,0.7088417830859489,1.1974806107853443e-19,3.020038238595438e-19,6.166958218188292e-21,capture_only,0.11546942150962673,0.19005851976388888,0.9728136544727486,34,TrialState.COMPLETE,0.3,UN_M7_codex_results/capture_only_dv_profile/dv_0p30,1.1853999080793234,0.19005851976388888,3.691424172369485,2.2831218424858326,1.456864326247724,1.7193401164245488,1.0006333671723202,1.3510090778684998,1.0001395076137065,3.691424172369485,1.012029682628095,2.744580739654406,1.0100340391787392,1.3589083551897394,0.19005851976388888,3.691424172369485
capture_only_v2_trial_00091,1.52099543312225,0.89964286140068,0.37498597113585813,0.0,0.19792860360344414,0.08976175363053593,0.17863612798171438,0.029913419337228343,1.360630695982026,2.6607958318902576e-07,752422.7515840315,47847872227380.09,7.544077344983517e+19,1.0,0.4620028911658109,2.6024590851654668,0.5592261985771741,4.071089705940385,6.424240339683871,0.11616904298047075,2.988182989124432,0.44681292120138844,75.97770485775462,1.6265224769632385e+19,2.8762095444305097e+19,3.116547415924804e+18,-0.9651467843715935,3.9923711263127424,1.655193959496117,8.725899495687731e-05,0.007905452552923426,0.007905452552923426,12.0,22,0,4.2934800659537927e-19,3.752367367118726e-105,2.37126970049201e-86,1.3490471964933275e-104,3.5951895550386905,1.3956543088219505e-19,2.628396529377191e-19,2.0596821742782617e-20,capture_only,0.10657671254120796,0.2188303964742244,1.0883133750810121,91,TrialState.COMPLETE,1.0,UN_M7_codex_results/capture_only_dv_profile/dv_1p00,1.2621409048010541,0.2188303964742244,2.2324207012616863,1.5455026704954296,1.1222088011378535,1.3610293362299881,1.0007717936611056,1.0772697404367815,1.000068120502853,2.2324207012616863,1.0014989222410453,1.8545720765748013,1.0005080400037933,1.3597640362742205,0.2188303964742244,2.2324207012616863
capture_only_v2_trial_00081,1.5372492523625694,0.9585120969154547,0.2642499498221345,0.0,0.13998847529850292,0.13968448542748163,0.16819499563257725,0.05408981346037314,1.7987197986907961,2.630861169438576e-07,436687.27362938144,38030910181721.81,7.3648685519734145e+19,1.0,0.5078619897642962,2.4668561036631824,0.3406495830573241,3.736637040572189,7.529886121104373,0.1196638292798371,3.168389608467835,0.3999841338900635,106.98611738355062,6.176859035725645e+18,1.3056223160276238e+19,1.0344794411092925e+18,-1.101095700477135,4.468699230710241,1.4481709361686297,6.0262055179751224e-05,0.009729214033016622,0.009729214033016622,12.0,22,0,4.2934800659537927e-19,3.7075309422399104e-105,2.5262514457349688e-86,1.4288429541858144e-104,3.853893538438217,1.3625006821150817e-19,2.872457636782811e-19,2.059029009908573e-20,capture_only,0.09441768545895868,0.22088254736975557,1.1353232001019444,81,TrialState.COMPLETE,1.0,UN_M7_codex_results/capture_only_dv_profile/dv_1p00,1.2142676494789437,0.22088254736975557,3.1571729377649085,2.06398816104117,1.3844952510363753,1.8247100573625965,1.0007359509718226,1.35689404375709,1.000114598204121,3.1571729377649085,1.0013338715296287,2.6059143264517144,1.000355561966094,1.3599965436509356,0.22088254736975557,3.1571729377649085
capture_only_v2_trial_00082,1.444459080220292,0.8918248609689791,0.3299180368478143,0.0,0.13137863193523802,0.08786956517960581,0.20391889617249156,0.06477595944229272,1.379128459350748,1.4591795214971291e-08,505212.3416948565,25802125698975.61,7.996296707499826e+19,0.5,2.0224692900370185,1.1790278911053587,0.31002483892117183,1.2059608489117446,10.221679655490645,0.12182715101558478,2.3395459865408528,0.4383497029550365,104.52291134349615,4.891121859605597e+18,1.0247205516620368e+19,9.531591528402331e+17,-1.0314400238475483,3.1225865061464693,1.4228070917841662,5.8499854348406586e-05,0.007311655359597114,0.007311655359597114,12.0,22,0,4.2934800659537927e-19,3.863195926997983e-105,1.1540589663699407e-86,6.6621457809578304e-105,1.7245166713909998,1.4793148908874677e-19,1.1675300517892024e-18,1.0306483467127109e-20,capture_only,0.0978384223940123,0.1762728918253026,0.6582009622818173,82,TrialState.COMPLETE,0.5,UN_M7_codex_results/capture_only_dv_profile/dv_0p50,1.1850987640812012,0.1762728918253026,3.8716747262035827,2.416935098481431,1.515912566650164,1.9055104167571457,1.0005660423575788,1.363368406984147,1.0000488041405187,3.8716747262035827,1.0073664845961119,2.8474853575188956,1.0057504177643402,1.361697168557461,0.1762728918253026,3.8716747262035827
capture_only_v2_trial_00090,1.5291939603277278,0.919523837944653,0.3642039041603769,0.0,0.19142348426609004,0.09006988780232902,0.17715432634925596,0.03661215308231592,1.3488119268417058,2.1589020223055843e-07,759500.6714256691,45603558727289.49,7.518381009138675e+19,1.0,0.4452577886533325,2.4624262824949197,0.5573876663976363,4.063934477930961,6.328135556374865,0.10193106172377404,3.060650792251925,0.44097667114537814,77.78452151689982,1.5525500811950856e+19,2.7720000898806006e+19,3.0335364793598234e+18,-0.9608440181637774,4.101594695072362,1.6609338025436047,5.0942177340970665e-05,0.007137432350562319,0.007137432350562319,12.0,22,0,4.2934800659537927e-19,3.7459713338417634e-105,2.3921731349739514e-86,1.359802244700443e-104,3.6300391100587195,1.3909004866906548e-19,2.5310147147344745e-19,2.0595889986725986e-20,capture_only,0.10527666380920458,0.2182761013304115,1.1266584691434243,90,TrialState.COMPLETE,1.0,UN_M7_codex_results/capture_only_dv_profile/dv_1p00,1.2711104662085522,0.2182761013304115,2.294918274254594,1.580031169208537,1.1379860204580252,1.3824733108889065,1.000103595086465,1.08436935987111,1.0000983837728226,2.294918274254594,1.0009020215824098,1.8840535080694922,1.0005158888629113,1.3688076191560319,0.2182761013304115,2.294918274254594
capture_only_v2_trial_00029,1.357144517280149,0.8539194708835904,0.2537757790064933,0.0,0.14736820624998184,0.14291430224585736,0.1419841281584491,0.002822783233926051,1.105418408682731,1.6747527869862586e-08,551937.8952150715,35122092505377.23,6.933525745254581e+19,0.3,0.4780291039570911,1.2619595569684523,1.6930889065990031,3.6184243585359943,8.503887974344718,1.3551908034300557,2.6375191659903963,0.7814930206410531,93.40819875922044,7.725952302329298e+18,1.5553344366275584e+19,1.592448272665954e+18,-0.9897584537165709,3.626068583085064,2.9360986263827953,0.0006686960680678365,0.10159686584176299,0.10159686584176299,12.0,22,0,4.2934800659537927e-19,3.5973223048179204e-105,1.9005152847288293e-86,1.0597619746368403e-104,2.9459744911305092,1.2827022628720974e-19,2.665577442150006e-19,6.172270564849858e-21,capture_only,0.06498225794059193,0.18348422327429983,1.2313311250731567,29,TrialState.COMPLETE,0.3,UN_M7_codex_results/capture_only_dv_profile/dv_0p30,1.1072946509878,0.18348422327429983,4.4811761058559805,2.6668307660656185,1.6306674502761886,2.103753695240451,1.001190353589999,1.4709297772838854,1.000570783523128,4.4811761058559805,1.0622190878732565,3.241926444968387,1.0568625518268464,1.3691566824932626,0.18348422327429983,4.4811761058559805
capture_only_v2_trial_00039,1.3491130299057366,0.8640120435853236,0.34098711979345797,0.029239878171393726,0.14882904791077645,0.03967070446343474,0.09361535098630414,0.012131876346861727,0.7122516055223862,8.277011001359654e-08,560862.2367151848,31386599123942.77,6.20276539518838e+19,0.3,1.2420342186579778,1.9531813536602431,0.5831300169508558,3.2145236065207374,6.529197329969294,1.7464195937525746,2.5668244777883595,0.4735522524871553,88.49864009903713,8.840926319746746e+18,1.4978314460353282e+19,2.667521316960612e+18,-0.749355045400022,3.492839360465504,1.6912729019776738,0.0006156520365052084,0.10143338521935714,0.10143338521935714,12.0,22,0,4.2934800659537927e-19,3.402475149252413e-105,5.191799365313259e-86,2.824853706816036e-104,8.302349268992335,1.1475115981098502e-19,6.757897830199858e-19,6.1637551299175735e-21,capture_only,0.14300114041840822,0.16307527770854283,0.821952127664736,39,TrialState.COMPLETE,0.3,UN_M7_codex_results/capture_only_dv_profile/dv_0p30,1.2041909783689306,0.16307527770854283,4.108437033722165,2.47027112968809,1.4659860056821616,1.6740845550239443,1.0002134222713779,1.3044528324324998,1.0000737978194159,4.108437033722165,1.00440316331496,3.0497731614681216,1.0035551233409055,1.369852761072258,0.16307527770854283,4.108437033722165
capture_only_v2_trial_00074,1.4286444047619296,0.865008213222222,0.34499174738519944,0.0,0.12798412300464768,0.10075868999173958,0.17302996831967932,0.060222027004766185,1.415547065295663,1.6280935156432326e-08,555729.7558014346,22354127322046.906,7.447319270157427e+19,0.5,1.9501525284696817,1.0659360048233657,0.3023661063109067,1.4216784539448353,9.708548171022937,0.09849521884716936,2.484719318882494,0.4457128362672826,108.75740293923533,4.6111817714378885e+18,9.788203750826422e+18,9.06785618404332e+17,-1.0331983774187907,3.3441542298363993,1.4932376680921162,4.550674912836691e-05,0.006363472362278443,0.006363472362278443,12.0,22,0,4.2934800659537927e-19,3.7282263413530234e-105,1.7387649921063515e-86,9.860943368904843e-105,2.6449422502943247,1.377754064979124e-19,1.1059771579982384e-18,1.0296652473178191e-20,capture_only,0.103777272162975,0.17818992434696296,0.720871615137632,74,TrialState.COMPLETE,0.5,UN_M7_codex_results/capture_only_dv_profile/dv_0p50,1.1660433228253901,0.17818992434696296,4.1051480937287925,2.5399351037975935,1.5876388913978783,1.9976075827844866,1.000426313225495,1.4288923946419632,1.0000510056879106,4.1051480937287925,1.0078420848321326,3.011469172352183,1.0059657198823284,1.3711025810865707,0.17818992434696296,4.1051480937287925
capture_only_v2_trial_00071,1.4095260536658112,0.8325178077641328,0.3233373031545073,0.0,0.1305048602355474,0.13935530116309888,0.18537854171044324,0.077375338471052,1.4544209392579963,1.3236865838114812e-08,558922.3427431518,24815192472893.043,7.662112883997857e+19,0.5,1.3070591418315427,1.2963311880642607,0.4151381601977453,1.9627684349003272,9.771745274059734,0.1556556747796561,2.6659423292005857,0.42166696844225465,110.2709637253858,4.746556235067533e+18,1.0677484607465337e+19,8.816367364337935e+17,-1.0831792757641308,3.657353699191663,1.5520664915677849,7.667285030802874e-05,0.01144397217652419,0.01144397217652419,12.0,22,0,4.2934800659537927e-19,3.781608428705504e-105,1.8635391362069718e-86,1.0642617870122032e-104,2.814309855387419,1.4174908835396034e-19,7.464576788269708e-19,1.030054074900889e-20,capture_only,0.10517086077332474,0.15388010663729823,0.8093805955317683,71,TrialState.COMPLETE,0.5,UN_M7_codex_results/capture_only_dv_profile/dv_0p50,1.120989970955891,0.15388010663729823,4.444728887167241,2.731534834569315,1.7140025614657748,2.1906592491356562,1.0006924280365164,1.5713825725312345,1.0000670240699603,4.444728887167241,1.0090050852256627,3.254922199558506,1.0068375958544158,1.371958389747768,0.15388010663729823,4.444728887167241
capture_only_v2_trial_00075,1.4479451823169078,0.891561281059564,0.3399611385831476,0.0,0.1292593721558469,0.08846240660141803,0.20320318591847222,0.052978772782698795,1.3788229632282964,1.6215496065974946e-08,570482.4356701215,21849132277149.152,7.98312979278204e+19,0.5,1.7693826055768878,1.0360019276204644,0.3007126625952683,1.3849324019243776,9.911150140271559,0.09347696540731087,2.355190494126471,0.4754679206179167,105.51591160262008,4.78611979186548e+18,9.87770660350417e+18,9.499390417594918e+17,-1.0169603850051887,3.145225991051167,1.5565920272534912,4.484796746055705e-05,0.005597844886495366,0.005597844886495366,12.0,22,0,4.2934800659537927e-19,3.860013996042467e-105,1.0957507048949506e-86,6.322875026797416e-105,1.6380445856621326,1.4768790116646773e-19,1.0209972979870816e-18,1.0306251699771376e-20,capture_only,0.09147362188698427,0.17428738734545932,0.690814268042749,75,TrialState.COMPLETE,0.5,UN_M7_codex_results/capture_only_dv_profile/dv_0p50,1.1900916444321181,0.17428738734545932,3.962501533874678,2.4654150474998766,1.5331440023530214,1.9220996492925253,1.0002321220389192,1.374817117416857,1.000053015360095,3.962501533874678,1.007759797770265,2.911846596827959,1.0061491590197291,1.374705116758471,0.17428738734545932,3.962501533874678
capture_only_v2_trial_00087,1.346948770089226,0.8742098399078231,0.29183966429002667,0.0,0.14860536681439188,0.10646376597790834,0.019983910943740815,0.09113928511807105,0.9180366731335305,3.103422887674395e-08,670831.1736891997,31849813280060.01,5.23544878202155e+19,0.3,0.45603688179065255,1.8173400389200922,0.5680537655182823,3.5856729274402674,6.953345395145495,1.0653074281708443,2.9644750807241516,0.36943673405885524,91.93677110945531,9.107337982008444e+18,1.7609761518129932e+19,2.276158536093283e+18,-0.8885509668305419,4.2105356733904875,1.5873954099243768,0.0003408414280509971,0.08180206969749285,0.08180206969749285,12.0,22,0,4.2934800659537927e-19,3.1259299525503774e-105,2.550002787142063e-87,1.3418211797148536e-105,0.42925503772728213,9.685580246739869e-20,2.3996834427135316e-19,6.151669233043598e-21,capture_only,0.11255748003659385,0.19321870159806218,0.9866867171606005,87,TrialState.COMPLETE,0.3,UN_M7_codex_results/capture_only_dv_profile/dv_0p30,1.1530688417849755,0.19321870159806218,4.286861736542971,2.5735319039750024,1.5859948260464432,1.870338511247565,1.00072508773633,1.4519038891033047,1.0000712590595546,4.286861736542971,1.0042311798140453,3.1781399116656175,1.003541911080634,1.3796054191211664,0.19321870159806218,4.286861736542971
capture_only_v2_trial_00031,1.528078590929903,0.9800121426888085,0.3601740722763272,0.0,0.12397615501005549,0.07736243213336153,0.03620874504153734,0.041178709927431265,1.7228764024201848,9.551942743367416e-08,387032.76136275206,28429161179360.36,5.434739715547606e+19,1.0,0.9840262825859044,2.412500726110871,0.38926106233555,3.1288396984497098,6.4667096733732885,2.1932241916926256,3.145877226728755,0.3948117398960324,116.56806674918964,4.741484974200288e+18,9.101733359040662e+18,1.01034452667142e+18,-0.954654615321253,4.253818775208638,1.3369924773219288,0.000835261679264003,0.15728030129848797,0.15728030129848797,12.0,22,0,4.2934800659537927e-19,3.1848696255716192e-105,2.610765919349471e-86,1.3834205579127527e-104,4.3437274380248985,1.0054268473763072e-19,5.214263671692967e-19,2.0514150275184722e-20,capture_only,0.1261932224613124,0.1833194630208631,1.0757802152385985,31,TrialState.COMPLETE,1.0,UN_M7_codex_results/capture_only_dv_profile/dv_1p00,1.2885109826744545,0.1833194630208631,3.1266739680199525,2.01349037179492,1.3323227959210584,1.650797055284245,1.000392713325442,1.2312067597719072,1.0000671627102562,3.1266739680199525,1.0008741872242182,2.464733044221202,1.0004471104919317,1.3859614090367658,0.1833194630208631,3.1266739680199525
capture_only_v2_trial_00089,1.3894120946312638,0.9079794864794671,0.31611140926131326,0.0,0.15731091273942688,0.09862431432988697,0.008255008817681455,0.06727824254072036,0.8849201258355632,4.0090583828412325e-08,768209.5555355725,30272964435669.754,4.905858249809168e+19,0.3,0.41465013206916085,1.4523115944958378,0.5663977877999311,3.565526609161156,6.428595283179453,1.4006816742646466,3.056919362151711,0.41806526362171,89.12347542767152,1.0309059166025748e+19,1.9380265411112534e+19,2.650266661771467e+18,-0.8640701468567599,4.316113901684764,1.7705159611145038,0.0004373148335620921,0.10880842581396892,0.10880842581396892,12.0,22,0,4.2934800659537927e-19,3.025936304962928e-105,1.6972863094075007e-87,8.82769445366695e-106,0.2917343117628876,9.075837762146961e-20,2.156621809055301e-19,6.14729919542513e-21,capture_only,0.12220850774948988,0.19024504414178584,1.0970969077811776,89,TrialState.COMPLETE,0.3,UN_M7_codex_results/capture_only_dv_profile/dv_0p30,1.2078384501429769,0.19024504414178584,3.977442715566108,2.406321127012649,1.510395287678015,1.7854039659352403,1.0006788384546847,1.3715575164582328,1.000072406209472,3.977442715566108,1.0043792109681113,2.943023985304552,1.0037940893940964,1.4030481906032646,0.19024504414178584,3.977442715566108
capture_only_v2_trial_00033,1.4618259687364936,0.9421856690237806,0.36489303314840466,0.05956297913142458,0.12902238498292154,0.0,0.12324159161819224,0.0,0.9688524342626302,1.0051909358466647e-08,522258.11029097025,22928911277824.633,6.640665365601785e+19,0.5,0.4848840720217166,0.3949279932696195,0.4032120027011287,0.9552063531667478,5.860591716292202,0.6975864967371813,2.331059324891783,0.8561235313402181,93.35993008246923,6.838851345337854e+18,1.0530604956076114e+19,2.1165056253734456e+18,-0.6968338938942079,2.9946995904475893,2.8778007040806552,0.00028632470544597883,0.03645760933024954,0.03645760933024954,12.0,22,0,4.2934800659537927e-19,3.520530265470501e-105,2.9543952157443653e-86,1.6314179713063932e-104,4.6340120614993845,1.2285230926363303e-19,2.6775313772539596e-19,1.0281524184419965e-20,capture_only,0.0,0.18582412699757142,1.056214792774619,33,TrialState.COMPLETE,0.5,UN_M7_codex_results/capture_only_dv_profile/dv_0p50,1.316342550691421,0.18582412699757142,3.4746389876067965,2.1445315202306103,1.279182309794344,1.4542561713420004,1.0005876138567371,1.1304069112956037,1.000306581618896,3.4746389876067965,1.032310114137941,2.5378362139049275,1.030336613597244,1.4045381230336786,0.18582412699757142,3.4746389876067965
capture_only_v2_trial_00081,1.4584788431596873,0.8646550488447994,0.36033088562771626,0.0,0.1297948224377552,0.1206393857918235,0.1922293116078104,0.056158502756831576,1.4768823395084452,1.2446211609224912e-08,510627.95537021913,23635660402880.95,7.783937065797468e+19,0.5,1.8284099218506398,0.9241169178573904,0.3219869136672037,1.2429538301135272,10.064441910060616,0.12235896967858129,2.4706392317154746,0.49283474718906084,110.69971236844489,4.347917017387417e+18,9.429124816333949e+18,8.180214424882653e+17,-1.0617066968515647,3.332574862177807,1.6675369717232114,6.0130680798657875e-05,0.008096252235834421,0.008096252235834421,12.0,22,0,4.2934800659537927e-19,3.811552817242506e-105,1.1853564072590337e-86,6.7962509454264284e-105,1.7830661862225545,1.4400283571725317e-19,1.0483203687858388e-18,1.030272185596795e-20,capture_only,0.09543492292719852,0.16937926144795348,0.7534994444285064,81,TrialState.COMPLETE,0.5,UN_M7_codex_results/capture_only_dv_profile/dv_0p50,1.176747017965468,0.16937926144795348,4.286748624716011,2.6378745528208367,1.6443633892355447,2.110436881073077,1.000507546679156,1.4848495510748936,1.0000758608895362,4.286748624716011,1.0125126276387844,3.1301200207879125,1.009867565210038,1.4070119117095945,0.16937926144795348,4.286748624716011
capture_only_v2_trial_00071,1.3755394967253456,0.9084104611792593,0.2931029514048769,0.0,0.1396939217051667,0.10865076006030389,0.02499424629305712,0.06462857683432927,0.9322228443050797,4.2941355765721984e-08,657662.9993273868,31044892250084.906,4.720366918323666e+19,0.3,0.6596696785872375,1.7192031173158693,0.5545146020929923,3.534666356240882,6.595104094311594,1.428722486103583,3.1150804037618416,0.3751187260547101,94.84882267928366,8.715349703587782e+18,1.6866674446872041e+19,2.2434432565009925e+18,-0.8761143730696432,4.421695417975866,1.6010238046104301,0.0004333259127577617,0.11492815978799195,0.11492815978799195,12.0,22,0,4.2934800659537927e-19,2.9681795137722495e-105,4.35461833404414e-87,2.249921533235575e-105,0.7580139687630136,8.732678798898783e-20,3.4083469567759635e-19,6.144775041578212e-21,capture_only,0.14406245531849873,0.17202755021646018,1.076574813201546,71,TrialState.COMPLETE,0.3,UN_M7_codex_results/capture_only_dv_profile/dv_0p30,1.1827437326155292,0.17202755021646018,4.326139592193959,2.5825456107676965,1.6048098938463706,1.8787011616332778,1.0003732135146055,1.4664151020610703,1.0000517988679134,4.326139592193959,1.0044146970948862,3.196081162812741,1.0035438759833084,1.4095231179386636,0.17202755021646018,4.326139592193959
capture_only_v2_trial_00092,1.3794579365092867,0.8897051864345944,0.2584213406835524,0.0,0.14709865382809117,0.15230953540115275,0.022275626608106534,0.10929842525091894,1.0324626134907986,2.1294346867434602e-08,630426.4268193749,37976401118235.54,5.263148586204953e+19,0.3,0.4790694954930459,2.0762014383506737,0.7400405099117524,3.7172943564309606,7.5640250946122345,0.8071311045911481,3.1403015220384365,0.3307327983956307,94.29653179031533,8.94119529914815e+18,1.90364870412154e+19,1.9964616945353782e+18,-0.9793258255839375,4.534841474428042,1.5738089345935722,0.000280609967851782,0.07212844108405342,0.07212844108405342,12.0,22,0,4.2934800659537927e-19,3.134188405960605e-105,3.8751584002539493e-87,2.041108921819283e-105,0.6512400205225373,9.736824884479163e-20,2.5233369076170894e-19,6.152030153491485e-21,capture_only,0.1184712150413041,0.196503072947038,1.072860206277161,92,TrialState.COMPLETE,0.3,UN_M7_codex_results/capture_only_dv_profile/dv_0p30,1.1459382501757582,0.196503072947038,4.538986846371143,2.713272731279134,1.7026458600363057,2.0413642246024373,1.0009213946911335,1.6048855381284364,1.0000969437089238,4.538986846371143,1.0063383922648006,3.3611911684416516,1.0053507070165844,1.4204947215847143,0.196503072947038,4.538986846371143
capture_only_v2_trial_00068,1.548507855234755,0.9317827571057613,0.44477024736211407,0.10909945444409626,0.0945732220795232,0.0,0.08426345143052884,0.08191825059811268,1.0936920674567978,8.072729184594946e-08,316129.4750614765,24730828837127.8,6.070625694526927e+19,1.0,0.5299080415207414,2.9428766037312584,0.32056269938310306,2.993008587068797,5.241293757718784,2.152672907767874,2.306549153256902,0.3911834633807181,104.95525534022391,4.762791129075052e+18,6.974726716526695e+18,1.7080201659898831e+18,-0.6110342018247792,2.97100203928107,1.2107156006436934,0.000682626852501375,0.09002688136969089,0.09002688136969089,12.0,22,0,4.2934800659537927e-19,3.366037981555724e-105,1.3049838969186575e-86,7.068505071292936e-105,2.0999481021975863,1.1230657534874816e-19,2.870271186987485e-19,2.0540542369416977e-20,capture_only,0.061515891326566846,0.21795283391728135,0.6691611815059709,68,TrialState.COMPLETE,1.0,UN_M7_codex_results/capture_only_dv_profile/dv_1p00,1.3867268055829456,0.21795283391728135,2.973158232532697,1.9166525025708738,1.1723841366693113,1.2477762755646693,1.0004208942688262,1.0919637338187795,1.0001156157170452,2.973158232532697,1.000844409892234,2.4075110874086882,1.0003563996548153,1.4303173723664018,0.21795283391728135,2.973158232532697
