candidate,experiment_case,swelling_d_percent_mean,swelling_d_percent_min,swelling_d_percent_max,Rd_nm_mean,Rd_nm_min,Rd_nm_max,Nd_mean,Nd_min,Nd_max,matrix_gas_percent_mean,matrix_gas_percent_min,matrix_gas_percent_max,bulk_gas_percent_mean,bulk_gas_percent_min,bulk_gas_percent_max,dislocation_gas_percent_mean,dislocation_gas_percent_min,dislocation_gas_percent_max,grainface_gas_percent_mean,grainface_gas_percent_min,grainface_gas_percent_max,Rgf_nm_mean,Rgf_nm_min,Rgf_nm_max,Ngf_vol_mean,Ngf_vol_min,Ngf_vol_max,release_gas_percent_mean,release_gas_percent_min,release_gas_percent_max,Ngf_areal_mean,Ngf_areal_min,Ngf_areal_max,p_b_mean,p_b_min,p_b_max,p_d_mean,p_d_min,p_d_max,p_gf_mean,p_gf_min,p_gf_max
baseline,AP3.2,1.4866764756726816,0.2409649514668126,6.355404166593903,69.0570426723054,40.111801220921954,130.47438236718392,8.478107786433852e+18,6.830913973339033e+18,8.91351041252958e+18,0.12931226257140427,0.0092678614388651,0.1620423654758867,71.75106176846043,45.193845690530296,76.36166433267664,21.95256710867876,17.777427406869645,45.52697064355245,5.888652406096636,5.636909894474991,6.754390603110834,115.12572347745086,43.56094234242848,239.6067183385649,2.786456013531267e+18,9.43259021995276e+17,4.273863477589864e+18,0.27840645419277293,0.0,2.8398790181636726,11145824054125.068,3773036087981.105,17095453910359.451,1277512643.2156267,764486814.818791,1399562543.527849,54589831.10946767,17024100.34695568,191177045.2364073,49942788935.19894,9267862.21989552,792405556518.418
baseline,AP3.8,1.4300046525806487,0.2371557939092607,5.95695400701106,68.32248447594827,39.89728105820902,126.89642416683576,8.497155592145276e+18,6.959651369732777e+18,8.914874413394124e+18,0.13063259414290296,0.010575844690143,0.1620881589101996,72.08074613613431,47.08703699820969,76.37773346974508,21.661901645505957,17.76479052684608,43.80643210800066,5.874564297283858,5.632796089405184,6.752646581955069,113.9992334167792,43.55950743525455,236.57544199823147,2.801824454881285e+18,9.67586119634439e+17,4.271266288208009e+18,0.25215532693297715,0.0,2.666976347092227,11207297819525.14,3870344478537.757,17085065152832.035,1283133177.394341,784650726.21729,1399851065.5788963,55933649.31703494,17503488.543632086,198083276.0313131,54502308494.79284,9388831.898166625,864763391239.4578
baseline,AP3.4,1.4383258717668106,0.2457514871505018,5.893580890629238,68.70679928530397,40.37820960847404,126.31884963557198,8.494102733117721e+18,6.98049392504761e+18,8.911819275261392e+18,0.1124146677220605,0.009670554387364,0.138848847616723,75.1907599981663,53.71821937884275,78.81039832984459,18.446100100187994,15.252055948529152,36.82375214061845,5.7632431948544625,5.464382585972338,6.047216224293328,131.10307385297284,46.64105304184032,277.26787527887,2.5742702879071913e+18,7.044170206086047e+17,4.186744300564786e+18,0.48748203906919807,0.0,3.983975340179099,10297081151628.764,2817668082434.419,16746977202259.145,1274599040.0237913,785413435.9429318,1387876022.64908,54167606.648621544,17579947.799001716,188631538.2548492,55890306196.86266,8010188.977631694,886821144434.313
baseline,ANP6,1.6182057492062936,0.3151840517059034,6.194401609366657,72.56057331170007,43.91050519242111,129.02349434275183,8.43227610883075e+18,6.885006437319263e+18,8.887309887827252e+18,0.04969743884462707,0.0041739422605975,0.0614956509858785,84.97516993103935,73.46105681071897,86.78012994384682,8.08378833122224,6.841469404980725,15.408753313699076,4.32478686035294,2.281215157785728,6.316905000186582,345.2038406800185,68.1886768798044,1377.6454802747626,1.5801223226356457e+18,2.8533431656608884e+16,3.593762622449146e+18,2.566557438540851,0.0,8.84480077553564,6320489290542.582,114133726626.43556,14375050489796.582,1210847720.6794853,762627381.9649423,1314637454.8424969,44645474.440131046,17207651.37322404,137685084.36525327,50760173691.2067,1621437.0839420345,805538033003.125
f_n_low,AP3.2,5.6218121902798455,0.8033146533866914,20.701965869630577,116.1213338973596,60.37865103767616,255.56280381018345,7.185148422266134e+18,2.960942995685073e+18,8.712581668175905e+18,0.575833484416669,0.0178873323513058,0.748759605635407,1.9216108717174964,0.0547398404663994,2.4844491875061925,85.11184319008814,83.95239146373747,88.15072836433082,10.048856515541999,6.4658991307598495,12.814399743120926,174.21370020000373,59.06027756191772,290.2260201545883,2.053733626963452e+18,6.429189949124046e+17,3.847497602015283e+18,2.341855938235705,0.0,5.310745332091646,8214934507853.808,2571675979649.6187,15389990408061.133,518119528.93424875,486229886.0082564,559684257.4573375,123985252.27635849,9885889.283393994,594865064.225652,76207624169.31448,7652903.873897072,1209490191259.481
f_n_low,AP3.8,5.469582769991351,0.7975528400737347,20.193409221737262,114.6194214385931,60.229225549748136,250.4011571835057,7.228265239046128e+18,3.070520791102277e+18,8.714631346190794e+18,0.5823335169912573,0.0212107589368226,0.7495140089374571,1.9470307086083374,0.0655478191938889,2.490648213328627,85.12486871382477,84.00731759797824,88.13650726283097,10.048034062997939,6.4685221144628215,12.75337310491352,173.12914500889335,58.96191935824709,290.30187311626,2.0688337709277586e+18,6.425830622630442e+17,3.8479886277881697e+18,2.297732997577715,0.0,5.308212044575521,8275335083711.034,2570332249052.177,15391954511152.68,518170047.32323855,486040077.066631,560696615.567979,128664775.00918742,10141802.850966943,619425193.1054274,83024085132.42126,7654036.84838689,1317674546925.7651
f_n_low,AP3.4,6.4798108711579,0.903133925139448,25.59965444420024,125.18580276472294,62.867926577009776,311.52054083072966,6.967870814724136e+18,2.021554384143432e+18,8.677130621562003e+18,0.5581079083619411,0.0222685120230557,0.713467710109447,3.3167929284242725,0.1167852691777496,4.170243034274263,82.25302422473399,80.83232183898157,86.5943456823813,10.267092311086222,5.509577803111526,14.302888997300348,217.08088911046497,65.87938250929551,391.1884619664695,1.8039712544741606e+18,3.538806988245879e+17,3.656584169997544e+18,3.6049826273935857,0.0,7.757022733306338,7215885017896.644,1415522795298.3516,14626336679990.174,469964592.2849296,435014093.9745167,523445534.371637,130780386.30196457,9262118.771071311,633341455.410453,88290742076.03877,5680040.484655036,1401283126235.18
f_n_low,ANP6,12.266774591538303,1.402927056188644,49.13266533103784,230.18080176109447,73.30941531818712,1159.9161768803187,5.831821352269638e+18,7.516261800712709e+16,8.500945154118119e+18,0.3275916312894931,0.0181631145197656,0.4163427647160889,22.746861376323864,1.5787992939194768,27.51710335811653,52.72990527701156,48.35701606951344,73.10648267336107,14.867959964461065,6.396505374853807,24.43545457334516,1474.4668906679112,122.91370288102372,6419.887644247342,9.108321596292525e+17,1313935646561722.5,2.36335615386053e+18,9.32768175091403,0.0,18.900049543345894,3643328638517.0093,5255742586.24689,9453424615442.12,337349273.06868047,238462295.94280407,453838652.33041424,105284115.58784458,10055122.724630356,508576939.8852127,87334526362.71619,973483.1496381428,1386461765603.3142
f_n_high,AP3.2,0.5685011193760182,0.1423635183949181,2.129717599956677,50.67004301342732,33.61349866089528,85.11158221190095,8.797092614306221e+18,8.246457373581951e+18,8.948885436799337e+18,0.06723175440288276,0.0047169462346042,0.08422689026598,84.86108002218249,70.99510251731893,87.21618996548288,11.010571215613972,8.96412085627752,22.7106840706316,4.061117007800663,3.716191631601852,6.289496465814886,85.52008208986057,37.38133895801762,188.34931387316664,3.2809354013272627e+18,1.5041443635492723e+18,4.434853353578489e+18,0.0,0.0,0.0,13123741605309.053,6016577454197.09,17739413414313.957,1856183523.553158,1192170193.740898,1999703798.3238883,54787999.462702096,26084468.86528433,136928832.2751704,42036301018.810715,11802170.136265043,666824757429.3389
f_n_high,AP3.8,0.5508257047138153,0.1399987271135513,2.0017029680094125,50.28621026162517,33.425285661815785,83.22122775917241,8.803313459730461e+18,8.291033461878542e+18,8.949733329769943e+18,0.06792028663357377,0.0053698496405042,0.0842500920993439,85.03275546484784,72.07229487386242,87.22461013175761,10.865881129093038,8.956128582753124,21.790066472422588,4.033443119425553,3.715362346573855,6.132268804074476,84.52237275066814,37.38797166353262,182.88154342759063,3.295270027035754e+18,1.55667822879937e+18,4.431876944962209e+18,0.0,0.0,0.0,13181080108143.016,6226712915197.48,17727507779848.84,1863628802.826969,1222216212.3611476,1999839695.204801,55595312.02013576,26677204.17279924,141232236.59346962,45874510996.75599,12160506.457696555,727733258398.4839
f_n_high,AP3.4,0.5590998012822213,0.1462518509376475,1.9720737079034223,50.70224176251892,33.91851876993507,82.77392896807821,8.80038536772927e+18,8.301447461484739e+18,8.947508653486225e+18,0.059070219273493096,0.0049005537523811,0.0729487885403174,86.52118847352999,75.55419923941653,88.3601592270337,9.33968451321941,7.780719878715696,18.254670572581443,4.039399979615692,3.7663201402068527,5.413750161382496,96.14756508267787,39.90768699072324,206.3138167028985,3.0833805646511283e+18,1.2722496006383882e+18,4.365866223948772e+18,0.04065681436142922,0.0,0.7724794728671551,12333522258604.514,5088998402553.553,17463464895795.09,1843388185.9126518,1227383386.6821134,1973530258.053245,54616835.29556251,26821245.49486044,136538916.96543136,47182341142.45617,10762991.508226978,748526506147.822
f_n_high,ANP6,0.6696918037242334,0.1951753333725795,2.1808053589791645,54.35197026367704,37.36727430262,85.84348499045856,8.761707523473629e+18,8.230122041467427e+18,8.930217990180797e+18,0.027534491230842815,0.0021945121895628,0.0340320365045459,91.22292956421167,85.31810034013611,92.1680430184533,4.329239766386387,3.696633955158112,7.931442496919917,3.2986551006741154,2.248230278510511,4.101290989884017,202.08058601410275,57.52853823967617,527.8654696314013,1.9403026152608576e+18,1.943490593215129e+17,3.886187268407409e+18,1.1216410774969918,0.0,4.500032372243906,7761210461043.431,777396237286.0516,15544749073629.64,1710800414.5898926,1172783001.8840275,1827281393.4093523,48217422.26903077,25862049.59943806,107264203.84133483,43676704729.60861,4207187.717988027,693054090996.0203
K_d_low,AP3.2,2.4854826750235395,0.225082469075584,13.407716178576669,114.5021175153891,56.53919518770732,272.6877182751365,2.7191761604998313e+18,1.5785904270637233e+18,2.9730635652158003e+18,0.12920009324430223,0.0092924669613101,0.1618769750112541,70.57491471361709,42.54092383462656,75.34401695621558,23.170588702816758,18.82754555730072,48.31031357944039,5.86221990017352,5.608835858410492,6.75309409827271,114.51052399406427,43.47362540123446,237.33686228103164,2.7945907274829747e+18,9.613876901820012e+17,4.2762035200169e+18,0.26307659014833124,0.0,2.711322250818574,11178362909931.9,3845550760728.005,17104814080067.602,1278305975.2255993,764304532.2496637,1400533737.0014694,59663445.53263594,8322115.978945649,262729313.1499329,49934624106.97177,9356498.709866948,792273629738.111
K_d_low,AP3.8,2.3537667165992726,0.2219429881135678,12.361057385495837,112.51808142755851,56.27272663107262,260.22185242680666,2.732607297212169e+18,1.6746949893431388e+18,2.9734383797608366e+18,0.1305195481541425,0.010596153996858,0.1619227437336636,70.92451986108524,44.59876560693535,75.35656816291349,22.85887460464396,18.81855517417144,46.41790996089348,5.8483666823382325,5.604776495580115,6.7515098529910045,113.41456300913748,43.47180855785324,234.39678168621373,2.80973664093858e+18,9.856566607489016e+17,4.273615221302056e+18,0.23771930377842557,0.0,2.545608078626157,11238946563754.318,3942626642995.6064,17094460885208.225,1283938980.6520264,784670733.2615659,1400825693.9813032,61669476.01148303,8683613.249911677,273021776.54826146,54493307101.04557,9476099.029226946,864617979254.4304
K_d_low,AP3.4,2.3746017550624705,0.2293528011634505,12.39561741895197,113.35877601152704,56.89772990684378,260.61331414578933,2.730170906191489e+18,1.6718209266258785e+18,2.9725599443562383e+18,0.11233550397493293,0.0096992554659733,0.1387261340673644,74.20015737375503,51.56765178265154,77.93917034313762,19.471297094359034,16.15170927497169,39.07384935724404,5.744240052265941,5.463039985879371,6.046809792080853,130.52696449256896,46.55968021754787,274.7325774636275,2.580607919518841e+18,7.174780659182597e+17,4.1889628084544855e+18,0.4719699756450696,0.0,3.8857596187590815,10322431678075.361,2869912263673.039,16755851233817.94,1275162826.4045942,784446814.8737409,1388683781.2085474,59028832.39403731,8612650.707286028,259070923.8701139,55887611128.40354,8084111.613751792,886777085112.776
K_d_low,ANP6,2.7263144205140635,0.2899482521210551,13.49263841187086,121.69535316672179,61.571772322452645,273.56273910329327,2.691789305714684e+18,1.5733938270513894e+18,2.965424841796651e+18,0.04968209480595107,0.0041838959282868,0.0614641307398893,84.53869103612455,72.5477545808374,86.4084178208588,8.53474599675855,7.226831302942504,16.347162243621998,4.319039074819468,2.2809247484383444,6.303286745458817,343.9501342908892,68.13163919304633,1370.5777297422044,1.5816608676387694e+18,2.882847096413429e+16,3.5953088231568696e+18,2.557841797491487,0.0,8.819974531173962,6326643470555.078,115313883856.53716,14381235292627.48,1210991519.6707857,761422931.5801615,1315039756.8485892,44742217.27085132,8135454.495138874,183759821.2325929,50764628650.416824,1629636.42527981,805609373413.9987
K_d_high,AP3.2,0.8308097937931684,0.2489228045128078,3.0440396724998307,38.87208577244055,27.147447744786668,65.02100328029883,2.901453858967867e+19,2.643630170806621e+19,2.97022301229144e+19,0.1295545075596447,0.0093254801465737,0.1623061933766595,73.7605712634208,49.01005424621693,77.91573926733398,19.866615072743084,16.17531250906118,41.44184928128232,5.9345846787747405,5.688691313125856,6.756774662887001,116.31296627393056,43.69309286373062,244.6762649413789,2.771434674596198e+18,9.045764259829056e+17,4.2703189254167214e+18,0.30867447750173177,0.0,3.104622309100856,11085738698384.791,3618305703931.623,17081275701666.889,1275547154.1193385,760110547.474858,1398041761.332814,66722582.038992256,34144227.471810475,145676546.2387338,49955437219.15098,9075860.789273657,792605549375.287
K_d_high,AP3.8,0.8061052023269806,0.245130950394732,2.8701554414333166,38.588587986497664,27.007523792886463,63.599557032620886,2.904322482665098e+19,2.663511253560192e+19,2.970675658236305e+19,0.1308755399721029,0.0106353827441244,0.1623508734167742,74.06632575707621,50.78735868920735,77.93281534190696,19.602396158542575,16.16159038278433,39.8549480330054,5.919988785445793,5.68439658790392,6.755072407949821,115.12635449970992,43.69181996733282,241.12356779393,2.7871303030951803e+18,9.314287260433906e+17,4.267719357264272e+18,0.2804137589633166,0.0,2.9142811892469846,11148521212380.72,3725714904173.5625,17070877429057.086,1281203215.7070446,780590740.1637951,1398331713.1677368,67517255.8464588,34907552.698582634,149987741.03381285,54516117824.76387,9211771.40195632,864981713156.9647
K_d_high,AP3.4,0.8089250851131264,0.2539108669036724,2.8304839932144867,38.728894165947516,27.32938206344492,63.268935764871024,2.903984069105841e+19,2.66809018933384e+19,2.9696361590360777e+19,0.1125905830034614,0.0097032762908559,0.1390457050402429,76.89492619943763,56.91567290861821,80.14337225556517,16.678310130931457,13.87709144790676,33.411843262987425,5.795979260908577,5.467171121731782,6.04836965274979,132.20658706843292,46.76404177310483,282.64751960655167,2.56267172944649e+18,6.778577920734465e+17,4.183389190786282e+18,0.5181938257188725,0.0,4.195609430371734,10250686917785.96,2711431168293.786,16733556763145.129,1273103128.8209727,782945792.9858054,1386600195.5471103,66525702.03492865,35089243.52776,143937539.43674123,55895530486.405716,7857750.869273799,886902543881.766
K_d_high,ANP6,0.8925645500107735,0.3211123723428661,2.943320729556662,40.34222375138291,29.58063059083056,64.20042524052441,2.8942617243084177e+19,2.655432496728364e+19,2.9617346483730346e+19,0.04973677394767286,0.0041755287901641,0.0615461553893055,85.73132827621613,74.8422287577487,87.37050904158713,7.297829582741514,6.230675308652337,13.93132391631412,4.334522409350856,2.282538504611177,6.33726949437126,348.39507139317845,68.27631294852075,1406.319225871557,1.577388784479679e+18,2.738174501032836e+16,3.591387535888744e+18,2.586582957743838,0.0,8.93973329253584,6309555137918.715,109526980041.31345,14365550143554.977,1210255006.360176,762351622.6251158,1313994228.8673904,60789007.12474616,34579537.393506505,111896852.25862616,50754876735.30126,1589124.0005199823,805453198955.5356
rho_d_low,AP3.2,0.4132413789501122,0.0864234088571615,1.6178080567375333,64.98322184147763,41.017959997757664,111.20618085894873,2.950733983273385e+18,2.80835241918763e+18,2.9896518129131643e+18,0.13092687661765248,0.0095807542001497,0.1639975201516287,86.73404202556702,75.20914809404141,88.57653848165393,6.407838225424949,5.20442181162835,13.462073663045889,6.206030578357942,6.007232301830814,6.943605064030517,123.78509710478339,44.55713614717156,280.7439018418726,2.682054940658095e+18,6.870815502529903e+17,4.244726536901872e+18,0.5211622940324346,0.0,4.85998144854537,10728219762632.38,2748326201011.9614,16978906147607.488,1265077326.4129703,741117948.2929524,1388487988.3033578,45119687.34370098,19963174.91161741,125816341.66893084,49961200828.481514,7909975.094600993,792705396057.1495
rho_d_low,AP3.8,0.3995112089127902,0.0848571303783892,1.52099489391567,64.45696543357535,40.767802553408565,108.79611200034958,2.952353675337551e+18,2.819674783766211e+18,2.98983914004656e+18,0.13225709313543033,0.0109010009930638,0.164037932060701,86.88194987945354,76.07432947620732,88.58636653505091,6.320265174257299,5.200084777074075,12.918584871725304,6.1947933596978935,6.001022611134911,6.941657893770675,122.30241124314738,44.5551958465038,274.0777611206892,2.698830362721512e+18,7.20910504910663e+17,4.241298373970908e+18,0.47073449345583435,0.0,4.539588171611497,10795321450886.047,2883642019642.6523,16965193495883.63,1270844067.8524077,762776352.5463419,1388783201.2007709,45899665.5068858,20405459.525942728,130002090.44997644,54531791078.35881,8104317.899530439,865238144656.964
rho_d_low,AP3.4,0.398837791434486,0.0879161886910685,1.47996336529202,64.64947597063137,41.25358585778655,107.747646831737,2.952432241653339e+18,2.824483054102262e+18,2.9894764042374185e+18,0.11365217406784235,0.0098681373573411,0.1403508593054313,87.81148868956518,78.21124271221322,89.29454618681598,5.363714369304517,4.458465679092272,10.732892513908904,6.001547757244359,5.484385086541805,6.200444423267274,139.4934045757037,47.56833577717924,320.9498449361715,2.4910259920631526e+18,5.257201335667865e+17,4.157795615141084e+18,0.7095970098181116,0.0,5.561611549978756,9964103968252.611,2102880534267.1465,16631182460564.336,1264489164.5221956,770903447.1370928,1378299835.7809937,45025628.77534521,20603985.827330925,124705675.25234333,55898262831.312,6920111.387476176,886953559934.7256
rho_d_low,ANP6,0.43828848622976824,0.1132199590870497,1.5082075712451986,67.43415584575912,44.897714938201744,108.4698825783248,2.9478132049581384e+18,2.8212722506115686e+18,2.986494158742134e+18,0.05001633412784283,0.0041965261209665,0.0618935831288927,90.5089407540629,83.74008801773286,91.48227878381697,2.3332112757163657,1.9908310393774853,4.415805428422596,4.3976103677760365,2.293661610400827,6.4677654962072255,370.27581402536947,68.86612648778441,1609.2302354184278,1.5591463743151854e+18,2.091185612666323e+16,3.5725447163690885e+18,2.710221268316862,0.0,9.54624841732275,6236585497260.742,83647424506.65294,14290178865476.355,1205993389.7539244,759285046.7703941,1309596253.35876,39737456.22820743,20466826.01548731,94611549.67729804,50755166063.635574,1394592.281461164,805462962473.1096
rho_d_high,AP3.2,3.0529368982449703,0.4564730480137181,12.275266979418282,71.43632217835261,39.5070165659589,142.6752821471476,1.5916293381564e+19,1.009011502332366e+19,1.7672737524748837e+19,0.12513469323338214,0.0075212073612366,0.1574460141319902,48.815131774969984,11.931612237120428,56.53886388750965,45.76059460922735,38.194892509151465,81.49204697776415,5.289437335283756,5.025276053656929,6.384489419328951,101.70412213332202,41.83910002299341,194.71380072983064,2.979204222174154e+18,1.428352771327928e+18,4.321050379996735e+18,0.009701587285539973,0.0,0.1843301584252595,11916816888696.617,5713411085311.713,17284201519986.94,1317108351.7573845,898717576.4934139,1426294208.7252147,67429087.03598236,15709930.650183983,262963202.61132947,49507611370.04008,11404055.90820192,785496783822.0729
rho_d_high,AP3.8,2.955201013601023,0.4503519489146258,11.808803947874187,70.6286041801376,39.32638799780196,139.63908217809427,1.597781661842374e+19,1.0353718337809732e+19,1.7677109743752808e+19,0.12643607920680297,0.0087465319593394,0.1575029254902615,49.24229846882365,13.45617851969521,56.56107668652364,45.34825252464635,38.17417250492675,80.00221131512968,5.275242975658921,5.022346546816955,6.38523455159419,100.9800801337184,41.84119830236857,194.297274126382,2.990684023966948e+18,1.4344834249109394e+18,4.318737125200343e+18,0.007769951664293579,0.0,0.147629081621578,11962736095867.791,5737933699643.758,17274948500801.371,1321536590.2211816,909317487.5700784,1426561683.3498476,69360708.90997148,16049616.01893914,272792512.673376,54022795659.83344,11430845.24764544,857153086359.1366
rho_d_high,AP3.4,3.170804466827855,0.4687940473581464,13.80103257321856,72.45527859532595,39.86588118606277,152.68484943448104,1.5847426432452923e+19,9.256251284521783e+18,1.7664012969918077e+19,0.10954439940972989,0.0085488870809915,0.135626971687986,54.99376824875118,20.05886487123101,61.60432648566547,39.390774899458854,32.97852958865415,72.82869283382183,5.328683431779881,5.20071969380012,5.785066426937428,118.20524862436315,45.03992241974787,224.11950763778043,2.729003739703363e+18,1.078126275467609e+18,4.2321155942272015e+18,0.17722902060036824,0.0,1.6741225078902675,10916014958813.453,4312505101870.437,16928462376908.809,1302589158.715463,866627147.3856615,1409017429.842729,66241930.885171905,14710250.905911865,258303420.63790512,55590148376.21824,9909233.57018352,882056265825.3776
rho_d_high,ANP6,4.830860615008231,0.6027837431582116,34.35306880939507,89.22378412041253,43.42805167507683,357.1827413807762,1.5077016286767155e+19,1.799722439021946e+18,1.75696003954435e+19,0.049147240313236064,0.0045601079107768,0.0607852034013605,75.20977619051378,48.67570025190337,78.89458570537346,18.21093873765159,14.986471469075626,41.22694323682696,4.20184426224838,2.271107753973338,6.058157622149557,310.4841420248267,67.03525549739827,1099.6733081439334,1.6168869565102244e+18,4.478180375613051e+16,3.626583565873244e+18,2.328293569273029,0.0,7.821688649385556,6467547826040.898,179127215024.52206,14506334263492.977,1217311855.3055115,722173990.5052665,1323776758.0384724,50856396.75296329,8056335.949361538,182723858.9254472,50777304500.99888,2025075.5744412767,805804538450.6094
Dv_dislocation_scale_low,AP3.2,1.311579204090519,0.1720335307922856,6.304907152713481,63.64577784175524,35.817184341367785,130.02429779018567,8.540311610774033e+18,6.84725552550913e+18,8.938202037920069e+18,0.12933489855633323,0.0092690131290464,0.1621131159618211,71.95570842254646,45.19208651559359,76.65195787408501,21.74129756585521,17.47996731402327,45.52758115819303,5.895077682167738,5.644640784365564,6.754442913610852,115.19111039450665,43.58574622244382,239.6515873123545,2.7852704837917793e+18,9.42905850102502e+17,4.273199165908695e+18,0.27858143087427123,0.0,2.840989326206658,11141081935167.117,3771623400410.008,17092796663634.78,1277357365.2659473,764429442.0553317,1399178490.65607,113192486.10904856,17168699.40041056,519687194.3985851,49949678571.56188,9266127.351116829,792515192210.4395
Dv_dislocation_scale_low,AP3.8,1.253337484127745,0.1704873925642111,5.913826435326872,62.84299485882186,35.70882194171074,126.50418907916074,8.559940055396723e+18,6.973731845740315e+18,8.938756176367198e+18,0.13065565715414698,0.0105771478272509,0.1621582577051681,72.28859986169414,47.08462819817658,76.66286800864248,21.447340696981176,17.472632776042225,43.80768485535727,5.881072452639171,5.640748340550931,6.752700352373193,114.06561268788948,43.58398946859254,236.62031201511985,2.8006188802919316e+18,9.672191901114794e+17,4.270611112225692e+18,0.25233133153137094,0.0,2.668092818638989,11202475521167.727,3868876760445.918,17082444448902.768,1282974858.4088242,784592212.6803366,1399470770.0930426,117138115.94582723,17639371.47445225,540801446.2933309,54509803029.60797,9387052.028229782,864882358074.3234
Dv_dislocation_scale_low,AP3.4,1.2609013178653359,0.174927244673795,5.868890284328375,63.24611660911632,36.018269466648206,126.09322249604512,8.557185083126884e+18,6.988631633894914e+18,8.937176143670554e+18,0.11243106510924197,0.0096718064640868,0.1388988724240453,75.36585029445108,53.71379140866792,79.061992567806,18.265162965568663,14.994267879014464,36.827006141376565,5.768757744464591,5.464413160236493,6.047304471470831,131.17556371275631,46.6639426908139,277.32550872569266,2.5731503421563633e+18,7.041242688702344e+17,4.1861209859934346e+18,0.48779793040642366,0.0,3.985117483254955,10292601368625.453,2816497075480.937,16744483943973.738,1274472701.5158644,785348421.6428349,1387564921.7844286,112009911.1913572,17660028.771792278,512638347.88546175,55895827807.12054,8008524.748877407,886910241467.5269
Dv_dislocation_scale_low,ANP6,1.4327391398974492,0.2108929201480612,6.187798103223765,67.326200915157,38.35279788711771,128.96320813928153,8.49811349626177e+18,6.88731649763064e+18,8.924465924755476e+18,0.0497010794040169,0.0041740641267947,0.0615046708933604,85.04202531927316,73.4600107141487,86.90711814706584,8.014241193270058,6.711268376848545,15.408892869147554,4.326576510764579,2.281233817125277,6.320108805192258,345.2354889620069,68.20527750880424,1378.052451513599,1.5797702125954245e+18,2.8516580960793268e+16,3.5933134461477565e+18,2.5674558972881885,0.0,8.845688535451686,6319080850381.699,114066323843.17308,14373253784591.027,1210796831.681764,762611674.408596,1314519672.0031905,84079283.19929934,17227262.30461262,359800819.3482692,50760344682.17803,1620968.9129191265,805543551261.0907
Dv_dislocation_scale_high,AP3.2,1.5496190533827334,0.2999235727512669,6.3587713637897645,70.97050908910118,43.18181163345416,130.5043642314604,8.455699898210154e+18,6.829823721338847e+18,8.892408716901402e+18,0.12930621492152355,0.009267768653147,0.1620087247373284,71.68240114420306,45.19406371407349,76.18484101358054,22.023637819667147,17.958942656309098,45.52684555593618,5.886262353811428,5.634966226650055,6.754386434722767,115.10944157893321,43.54663692041218,239.6031091621988,2.7867951046390707e+18,9.432874391040658e+17,4.274246540269136e+18,0.2783924673968506,0.0,2.839789167840879,11147180418556.283,3773149756416.263,17096986161076.545,1277555166.6132233,764491477.5851547,1399754693.3226628,43148378.35000332,17014511.388948698,124494651.2135197,49939700366.03372,9268001.79789275,792354073097.4501
Dv_dislocation_scale_high,AP3.8,1.4945353058047057,0.2945123785098253,5.95980532382943,70.28398802777599,42.91742522743003,126.92233088395574,8.4741825872492e+18,6.958719759445662e+18,8.894344901073231e+18,0.13062634808222154,0.0105757422264083,0.1620542440249155,72.01027960303897,47.087287744547055,76.20201715634045,21.734830213736075,17.945157535342098,43.80627457527779,5.8721225679589635,5.630740951971604,6.752642290312287,113.98248905959736,43.545217484435874,236.5718344103067,2.802172485183066e+18,9.676156301518287e+17,4.271648641429752e+18,0.25214126718377355,0.0,2.6668863133605263,11208689940732.264,3870462520607.3154,17086594565719.008,1283177207.4121025,784655370.439769,1400044585.260332,43950511.14463884,17494546.690863393,128611502.51696631,54498878981.68843,9388975.031723656,864706385996.6882
Dv_dislocation_scale_high,AP3.4,1.502229759741809,0.3063126561171883,5.895234691054306,70.62872982250012,43.48995975991394,126.33395689371405,8.471350744714117e+18,6.979948098689747e+18,8.890154620441459e+18,0.11240982480424151,0.0096704631368024,0.1388253897994026,75.13253475536617,53.71855073895043,78.65791200199519,18.506466781235698,15.408612142741992,36.82351416810812,5.7611326749166825,5.464380144057036,6.047208243579992,131.08552406666595,46.62780403044579,277.26326984456006,2.574591877936629e+18,7.044404220007919e+17,4.1871050595837394e+18,0.4874559636772209,0.0,3.983884485747623,10298367511746.516,2817761688003.168,16748420238334.955,1274635506.966851,785418207.4644634,1388029052.7222269,42900210.48580188,17574599.212697733,122854064.21384408,55888160013.685356,8010321.997103538,886784233198.8678
Dv_dislocation_scale_high,ANP6,1.6776574919845397,0.3996986974143481,6.194895943158821,74.21341728415385,47.58267526818556,129.02800196715435,8.411110626690683e+18,6.884834263205723e+18,8.85722252212461e+18,0.0496960302025726,0.0041739339880343,0.0614919736638551,84.95529542075322,73.4611276221689,86.71140791171263,8.104635624672781,6.912155703029708,15.4087500219283,4.3240372502372875,2.2812137347544024,6.314944411593832,345.18645537474896,68.17974635342512,1377.6143686881874,1.5802500351352138e+18,2.853472045029954e+16,3.5940043340328663e+18,2.566335674134149,0.0,8.844734687160365,6321000140540.855,114138881801.19817,14376017336131.469,1210866455.9516149,762628448.0082233,1314687359.5241947,37201636.30869176,17206193.554785814,92065568.0965816,50760803181.52222,1621472.8879286724,805546401430.4176
Dg_dislocation_scale_low,AP3.2,0.04017310948485011,0.0197839258065189,0.1431957027671244,21.08701014410213,17.382341594270585,33.679319999489486,8.98555297912977e+18,8.94852453030888e+18,8.992884681331508e+18,0.1313605556943883,0.0096093571337216,0.1645512043292215,91.47593283208954,84.63744050391874,92.49189543400412,1.5083891400549287,1.206341564251871,3.429764491590673,6.28866889556604,6.108420606291484,6.947280851776425,126.3424913193255,44.82560643645133,294.7331938719668,2.6542405130928133e+18,6.234058154068567e+17,4.2358532263402506e+18,0.5956485765950992,0.0,5.455859962515147,10616962052371.254,2493623261627.427,16943412905361.002,1262103360.2508068,738503198.3334283,1385408197.7370107,108809213.94254778,65915878.82881957,128786526.01942696,49962506858.3177,7534562.241217864,792728434162.3114
Dg_dislocation_scale_low,AP3.8,0.0390342387634219,0.0197737035973742,0.1345140349892042,20.962313928280338,17.379344859056182,32.98061491877421,8.985962292567663e+18,8.951642814675289e+18,8.992888474275486e+18,0.13269394697820225,0.0109324996737527,0.1645899737999414,91.56642071717629,85.15983458293235,92.49822637321276,1.485004175459878,1.2063258993785606,3.277311538845367,6.27646077204615,6.101512789155067,6.9453524147584105,124.70947934805406,44.82469099352881,286.74432291279857,2.6710657022584e+18,6.586266405259564e+17,4.2317138703645455e+18,0.5394203883395029,0.0,5.08759876292044,10684262809033.602,2634506562103.8257,16926855481458.184,1267866415.491226,760204276.8647039,1385705846.0187986,109192523.48180157,67312450.7973894,128908663.49275556,54539888367.93445,7746350.050012175,865368623086.1058
Dg_dislocation_scale_low,AP3.4,0.038918209091503675,0.0200809679427225,0.1307235295104928,20.99252634716185,17.46897283286962,32.6662106776822,8.986005487181378e+18,8.953006089239233e+18,8.992779095464126e+18,0.11400001587694233,0.0098916720943704,0.1407891776662196,91.78814275630572,85.76994523359078,92.65553401841214,1.2591335772307939,1.03382099564291,2.716009961329219,6.063618771797305,5.489905938288894,6.235331951991026,142.03163921790318,47.8226019580614,335.46611776995405,2.4678611042252104e+18,4.8120665441454016e+17,4.148165651061721e+18,0.7751048787892465,0.0,6.014247194696743,9871444416900.844,1924826617658.161,16592662604246.885,1261863686.4853916,768914374.8248283,1375550783.9037373,108858684.63537192,67960257.2052515,128260194.77000558,55910386149.55325,6620699.397439589,887148014238.7921
Dg_dislocation_scale_low,ANP6,0.04219188884362331,0.0225235728192585,0.1330111550949099,21.670135538259196,18.150926759120505,32.85662805811142,8.984852223061177e+18,8.952214532044648e+18,8.99191638025464e+18,0.050113242095921516,0.0042022095771211,0.0620153404458358,92.23298727955067,86.84016579705236,93.01365236715424,0.5490593271817111,0.461017532299538,1.1174041922294038,4.418158952298259,2.298659559135676,6.509634774904934,378.16817166517376,69.06256704581396,1684.226919168874,1.5527959767087788e+18,1.909095882937998e+16,3.565076226192733e+18,2.7496811988734478,0.0,9.73956824200545,6211183906835.116,76363835317.51991,14260304904770.934,1204544372.5942013,758446774.1016257,1308063677.2957194,105106210.48231924,67566503.17025644,123213115.22025415,50773095662.88519,1335125.9108825985,805749154258.6344
Dg_dislocation_scale_high,AP3.2,4.158459384404821,0.4496890627842724,19.399539464172832,99.85125060868118,49.52340193099519,242.5119437717401,7.637398177054806e+18,3.247157940742392e+18,8.838779606908511e+18,0.12468514835468703,0.0073548966015954,0.1567893343958953,46.81552195238538,9.912764644400037,54.25891202860584,47.838184173119274,40.54838937418568,83.68485177986408,5.2213927860257225,4.965973716315688,6.390925816950334,100.46233268953672,41.62691072963515,191.96086365995487,2.9983435480944343e+18,1.4696149440269652e+18,4.326710191245087e+18,0.00021594011494652105,0.0,0.0041028621839839,11993374192377.736,5878459776107.86,17306840764980.35,1321569061.916944,914909250.8563966,1430242530.1968324,74575152.97697334,10019565.393414356,329374870.64775014,49420577503.02349,11586207.900049197,784101163202.2268
Dg_dislocation_scale_high,AP3.8,3.994222153383592,0.4443176083960363,18.519157424133,98.20364650527227,49.321860216132,234.0649649368844,7.68400343525496e+18,3.447651625807802e+18,8.840698328936429e+18,0.12598411320222774,0.008573505676769,0.1568451503474875,47.23863084901861,11.351992896975696,54.27415543032349,47.42869667977942,40.53476429963895,82.2741365160762,5.206688357999754,4.9636048253282565,6.365297081271367,99.738652670338,41.62848586677257,190.85785946109576,3.009714613285448e+18,1.4800454322454016e+18,4.324422206510895e+18,0.0,0.0,0.0,12038858453141.795,5920181728981.606,17297688826043.58,1325846158.2321568,924077291.096115,1430522981.742928,77092754.26007389,10329528.5947086,342306336.4621725,53927218109.64505,11661103.991717728,855620820450.0013
Dg_dislocation_scale_high,AP3.4,4.395014973474428,0.461748567156608,22.34411278113157,102.43918405747979,49.97025448773579,272.779282373357,7.580619313279063e+18,2.628090751760139e+18,8.83450586736935e+18,0.10926763398994438,0.0084676486493631,0.1351976178380523,53.125255174241744,16.920443973183957,59.60746422034613,41.327527466538726,35.04052122817497,76.1279883895579,5.280065487920574,5.14898389701106,5.714146878104296,117.0918621495537,44.84160705493857,220.86024753461635,2.744246856623167e+18,1.1101811288345644e+18,4.237543977542684e+18,0.15788423730902187,0.0,1.51597559877202,10976987426492.668,4440724515338.258,16950175910170.736,1305366783.9622393,875352852.5359,1411933170.268638,73231091.9806484,9331158.032165175,323672555.61663043,55529795229.2099,10055424.873852344,881087352536.809
Dg_dislocation_scale_high,ANP6,6.749408647081973,0.586091689286902,44.00793343940471,142.10936651295276,54.19405390966128,764.7167315744013,7.115986682929309e+18,2.3493114132178083e+17,8.790671210551258e+18,0.049121130438461336,0.0045669722552557,0.060705596956678,74.22922082347777,46.585141238279576,78.01176252233948,19.211159657994255,15.901534770641543,43.23425597566839,4.188670347682411,2.2718040896696343,6.025997110062328,310.73047973706105,66.89674425595804,1119.53659974614,1.6202273410432835e+18,4.320682539500409e+16,3.630409562577625e+18,2.32182804040711,0.0,7.904231724127154,6480909364173.133,172827301580.01636,14521638250310.5,1216915732.9233902,720218758.2948502,1324816727.3700895,53641824.95482683,6562265.518783058,225082901.57236755,50782314918.31028,1989515.3701132203,805883077422.8092
N_gf0_factor_low,AP3.2,1.4866764756726816,0.2409649514668126,6.355404166593903,69.0570426723054,40.111801220921954,130.47438236718392,8.478107786433852e+18,6.830913973339033e+18,8.91351041252958e+18,0.12931226257140427,0.0092678614388651,0.1620423654758867,71.75106176846043,45.193845690530296,76.36166433267664,21.95256710867876,17.777427406869645,45.52697064355245,5.914404466344045,5.636909894474991,6.942089241892806,298.485123174647,91.3147548894223,746.0473140172551,3.254758885301328e+17,9.729627368617046e+16,4.635550427586124e+17,0.25265439394536277,0.0,2.7000401697447503,1301903554120.531,389185094744.6819,1854220171034.4487,1277512643.2156267,764486814.818791,1399562543.527849,54589831.10946767,17024100.34695568,191177045.2364073,182128078110.98465,2977857.6560255205,2890309708223.2324
N_gf0_factor_low,AP3.8,1.4300046525806487,0.2371557939092607,5.95695400701106,68.32248447594827,39.89728105820902,126.89642416683576,8.497155592145276e+18,6.959651369732777e+18,8.914874413394124e+18,0.13063259414290296,0.010575844690143,0.1620881589101996,72.08074613613431,47.08703699820969,76.37773346974508,21.661901645505957,17.76479052684608,43.80643210800066,5.900592014220897,5.632796089405184,6.942388714737685,294.4523818406176,91.31643483011796,736.559196777823,3.2737372305118976e+17,9.981909702471482e+16,4.632366252809946e+17,0.22612760999593873,0.0,2.525706840195989,1309494892204.759,399276388098.8593,1852946501123.9785,1283133177.394341,784650726.21729,1399851065.5788963,55933649.31703494,17503488.543632086,198083276.0313131,198754778848.86993,3016786.0752614783,3154170932624.2573
N_gf0_factor_low,AP3.4,1.4383258717668106,0.2457514871505018,5.893580890629238,68.70679928530397,40.37820960847404,126.31884963557198,8.494102733117721e+18,6.98049392504761e+18,8.911819275261392e+18,0.1124146677220605,0.009670554387364,0.138848847616723,75.1907599981663,53.71821937884275,78.81039832984459,18.446100100187994,15.252055948529152,36.82375214061845,5.795780464382496,5.569933860394699,6.10463180772954,335.4907588016844,97.44477474779134,862.1091952372793,3.100359012442372e+17,7.286255486848045e+16,4.587312745587321e+17,0.4549447695411648,0.0,3.8784240657567377,1240143604976.9487,291450219473.9218,1834925098234.928,1274599040.0237913,785413435.9429318,1387876022.64908,54167606.648621544,17579947.799001716,188631538.2548492,204612368176.09555,2578480.961770953,3247132988113.514
N_gf0_factor_low,ANP6,1.6182057492062936,0.3151840517059034,6.194401609366657,72.56057331170007,43.91050519242111,129.02349434275183,8.43227610883075e+18,6.885006437319263e+18,8.887309887827252e+18,0.04969743884462707,0.0041739422605975,0.0614956509858785,84.97516993103935,73.46105681071897,86.78012994384682,8.08378833122224,6.841469404980725,15.408753313699076,4.928350417762725,2.623474558870635,6.316905000186582,845.8871698125931,138.7736352860445,3672.570451088756,2.3006884775874707e+17,4015028928010897.5,4.259704656195077e+17,1.9629938811310657,0.0,8.415028550592377,920275391034.9884,16060115712.043592,1703881862478.031,1210847720.6794853,762627381.9649423,1314637454.8424969,44645474.440131046,17207651.37322404,137685084.36525327,190170114579.47232,720602.742444273,3017998735902.24
N_gf0_factor_high,AP3.2,1.4866764756726816,0.2409649514668126,6.355404166593903,69.0570426723054,40.111801220921954,130.47438236718392,8.478107786433852e+18,6.830913973339033e+18,8.91351041252958e+18,0.12931226257140427,0.0092678614388651,0.1620423654758867,71.75106176846043,45.193845690530296,76.36166433267664,21.95256710867876,17.777427406869645,45.52697064355245,5.80747485633598,5.636909894474991,6.381585355444762,44.478804568598434,21.38990134846137,79.44141218886035,2.2595135153445896e+19,8.580943420090452e+18,3.6129853886373655e+19,0.35958400395342827,0.0,3.214972995221789,90380540613783.58,34323773680361.81,144519415545494.62,1277512643.2156267,764486814.818791,1399562543.527849,54589831.10946767,17024100.34695568,191177045.2364073,13373922554.737291,27953127.44551593,211663223592.72324
N_gf0_factor_high,AP3.8,1.4300046525806487,0.2371557939092607,5.95695400701106,68.32248447594827,39.89728105820902,126.89642416683576,8.497155592145276e+18,6.959651369732777e+18,8.914874413394124e+18,0.13063259414290296,0.010575844690143,0.1620881589101996,72.08074613613431,47.08703699820969,76.37773346974508,21.661901645505957,17.76479052684608,43.80643210800066,5.79831886326632,5.632796089405184,6.376243523540669,44.171755824928965,21.388476846238504,78.36995927325235,2.271297767730559e+19,8.817180018900359e+18,3.611293272205092e+19,0.3284007609505153,0.0,3.046848366346385,90851910709222.38,35268720075601.44,144451730888203.66,1283133177.394341,784650726.21729,1399851065.5788963,55933649.31703494,17503488.543632086,198083276.0313131,14592046157.068308,28342383.24503036,230993551107.3566
N_gf0_factor_high,AP3.4,1.4383258717668106,0.2457514871505018,5.893580890629238,68.70679928530397,40.37820960847404,126.31884963557198,8.494102733117721e+18,6.98049392504761e+18,8.911819275261392e+18,0.1124146677220605,0.009670554387364,0.138848847616723,75.1907599981663,53.71821937884275,78.81039832984459,18.446100100187994,15.252055948529152,36.82375214061845,5.655664839667435,5.187233577168656,5.798696874009536,50.69573532015574,23.055534913696583,92.31656727702467,2.01678040640564e+19,6.354328393981779e+18,3.469197756145389e+19,0.5950603942562264,0.0,4.261124348982781,80671216256225.62,25417313575927.12,138767910245815.56,1274599040.0237913,785413435.9429318,1387876022.64908,54167606.648621544,17579947.799001716,188631538.2548492,14880580653.408348,24058076.41108724,235658452927.5676
N_gf0_factor_high,ANP6,1.6182057492062936,0.3151840517059034,6.194401609366657,72.56057331170007,43.91050519242111,129.02349434275183,8.43227610883075e+18,6.885006437319263e+18,8.887309887827252e+18,0.04969743884462707,0.0041739422605975,0.0614956509858785,84.97516993103935,73.46105681071897,86.78012994384682,8.08378833122224,6.841469404980725,15.408753313699076,3.8587521818206154,2.244818390882035,6.316905000186582,130.952951409432,35.41618936867032,470.5419852867067,9.521301640015776e+18,2.445863347363016e+17,2.5666587932586017e+19,3.0325921170731758,0.0,8.881197542439333,38085206560063.1,978345338945.2064,102666351730344.06,1210847720.6794853,762627381.9649423,1314637454.8424969,44645474.440131046,17207651.37322404,137685084.36525327,13006512026.104546,4720723.059731728,206241086015.8137
