candidate,gas_core3_RMSE_pp,gas_core3_vs_baseline_ratio,gas_partition_RMSE_pp,gas_partition_vs_baseline_ratio,benchmark_matrix_gas_percent_RMSE_pp,benchmark_bulk_gas_percent_RMSE_pp,benchmark_dislocation_gas_percent_RMSE_pp,benchmark_grainface_gas_percent_RMSE_pp,benchmark_release_gas_percent_RMSE_pp,gas_partition_RMSE_pp_AP3.2,gas_partition_RMSE_pp_AP3.8,gas_partition_RMSE_pp_ANP6
baseline,3.0766587033748776,1.0,2.998161089208456,1.0,3.8254936333419014,2.573714904629043,2.671905009933555,3.7643758428653906,1.541699635698376,3.2864766657182787,3.2683609522874786,2.3417509606665385
f_n_low,53.23733737389261,17.30362139794544,41.63147888777687,13.885671132756912,3.3928280193634492,70.37096457887809,59.489985159304716,10.978999692061018,6.536012981458557,44.13360832861548,44.12927099696976,36.11609281639697
f_n_high,7.831826845382434,2.545562443046241,6.158293931133409,2.0540236991599605,3.8811814026143185,9.31698319874528,9.06326597879913,2.174131716532437,0.9399663728994391,7.166652017340051,7.311054622024797,2.9935483297968233
K_d_low,3.4916951547237116,1.134898437351393,3.254463427692746,1.0854865135188438,3.8255949789498684,3.4946997236809443,3.1189264272985056,3.7438248215259327,1.538060972819758,3.6400338235457306,3.558433374259644,2.4212191745001155
K_d_high,2.821988924706727,0.917225209806731,2.854746188857442,0.9521657122203275,3.8252910540684364,1.3364126484486827,2.733498501596929,3.8003033905090553,1.553933293472904,3.058687902414774,3.144754200732083,2.281156886535361
rho_d_low,9.970361944683498,3.2406460728798794,7.964156995337813,2.656347260326972,3.824116425667665,10.777226761937452,12.940319501801207,4.014369228888048,1.6731619772512212,9.31154581866261,9.41350081597706,3.868398479178532
rho_d_high,18.004577175795852,5.851990393359556,14.039364898683706,4.682658630057212,3.828819172671259,22.129809177063514,21.635759458990744,3.2880728938007513,1.4876197765042545,16.53183019905742,16.226709985779312,7.396199942005321
Dv_dislocation_scale_low,2.991441309084115,0.9723019670016421,2.9472457185831726,0.9830178002080852,3.8254719554826857,2.444729822069652,2.497042997624073,3.769211790114765,1.542130277476389,3.222405821993815,3.20308472228408,2.3270412453094185
Dv_dislocation_scale_high,3.1047221533972387,1.009121404981182,3.0150139071777446,1.0056210515272006,3.825499597669934,2.6138751830722238,2.729671830996005,3.7625929904101962,1.541602848176322,3.3077398422615674,3.2903203304018747,2.3459701278330782
Dg_dislocation_scale_low,13.256847605775075,4.308845693944944,10.458050847662454,3.488155084563346,3.8237345544467285,14.839040206005407,17.100115939663045,4.078843532634903,1.7277580182178909,12.322857911529818,12.36940818335568,4.822592319765441
Dg_dislocation_scale_high,19.430553394200118,6.315472487372802,15.134865820485217,5.0480495777766805,3.829190252446097,23.856293373123687,23.427628649110265,3.2329723460477093,1.4931480889596795,17.792978754572705,17.491353486249164,8.0408302102879
N_gf0_factor_low,3.0766587033748776,1.0,3.020053594133113,1.0073019775366496,3.8254936333419014,2.573714904629043,2.671905009933555,3.920081429640647,1.3561319297955723,3.295784945922843,3.2780504236507375,2.39882432548542
N_gf0_factor_high,3.0766587033748776,1.0,2.9759901802119857,0.9926051641867171,3.8254936333419014,2.573714904629043,2.671905009933555,3.6048347076592084,1.700078869608477,3.2584145631961414,3.241778819375548,2.3330574958097103
