candidate,swelling_balanced_nrmse,swelling_rmse_pp_AP3.2,swelling_rmse_pp_AP3.8,swelling_rmse_pp_AP3.4,swelling_rmse_pp_ANP6,Rd_rmse_le1600_nm_AP3.4,Rd_bias_le1600_nm_AP3.4,gas_partition_RMSE_pp,gas_core3_RMSE_pp,gas_partition_vs_baseline_ratio,gas_core3_vs_baseline_ratio,Rd_rmse_gt1600_diagnostic_nm_AP3.4,Rd_bias_gt1600_diagnostic_nm_AP3.4,Nd_log10_rmse_le1600_diagnostic,Nd_log10_rmse_gt1600_diagnostic,Nd_log10_bias_le1600_diagnostic,Nd_log10_bias_gt1600_diagnostic,pareto_experimental_2D,pareto_with_gas_3D,dominated_by_experimental_2D,dominated_by_with_gas_3D,benchmark_matrix_gas_percent_RMSE_pp,benchmark_bulk_gas_percent_RMSE_pp,benchmark_dislocation_gas_percent_RMSE_pp,benchmark_grainface_gas_percent_RMSE_pp,benchmark_release_gas_percent_RMSE_pp
baseline,0.3836036319240773,0.4529855056784649,0.9885744333051986,1.0782140536539788,1.0718288367690956,24.664473899878395,-17.170576325724028,2.998161089208456,3.0766587033748776,1.0,1.0,59.305336443295644,-57.810424797808054,0.47098117561875197,0.559763461912564,-0.3909225219098219,0.2952904409514971,False,True,K_d_low; Dv_dislocation_scale_high,,3.8254936333419014,2.573714904629043,2.671905009933555,3.7643758428653906,1.541699635698376
f_n_low,2.808552887498008,5.992279909169759,4.488343134312371,8.728906936793814,6.4524444691750045,27.914661319818247,27.207336647303624,41.63147888777687,53.23733737389261,13.885671132756912,17.30362139794544,59.36115219458782,57.94421342651771,0.5092398912382382,0.43936288833875015,-0.455193159471574,0.020024851867601303,False,False,baseline; K_d_low; rho_d_high; Dv_dislocation_scale_low; Dv_dislocation_scale_high; Dg_dislocation_scale_high; N_gf0_factor_low; N_gf0_factor_high,baseline; K_d_low; rho_d_high; Dv_dislocation_scale_low; Dv_dislocation_scale_high; Dg_dislocation_scale_high; N_gf0_factor_low; N_gf0_factor_high,3.3928280193634492,70.37096457887809,59.489985159304716,10.978999692061018,6.536012981458557
f_n_high,0.7477466772643981,1.2714105957746384,1.8543902818970932,2.003123516169682,1.7613951510062087,39.99099676160517,-33.49617340250724,6.158293931133409,7.831826845382434,2.0540236991599605,2.545562443046241,87.2709154730817,-85.91665609587686,0.46313266301030326,0.5808111757158448,-0.3793872471977659,0.3252884701562751,False,False,baseline; K_d_low; rho_d_high; Dv_dislocation_scale_low; Dv_dislocation_scale_high; N_gf0_factor_low; N_gf0_factor_high,baseline; K_d_low; Dv_dislocation_scale_low; Dv_dislocation_scale_high; N_gf0_factor_low; N_gf0_factor_high,3.8811814026143185,9.31698319874528,9.06326597879913,2.174131716532437,0.9399663728994391
K_d_low,0.3685458102540737,1.066898560673472,0.2690691783133807,1.5932423332551264,0.4233757782840696,21.890155832406535,21.04098713164867,3.254463427692746,3.4916951547237116,1.0854865135188438,1.134898437351393,21.84116874725499,19.12518660733689,0.9123433900793232,0.5172795479891502,-0.8755559166040521,-0.22462006764388764,True,True,,,3.8255949789498684,3.4946997236809443,3.1189264272985056,3.7438248215259327,1.538060972819758
K_d_high,0.6510594101466437,1.0363638571960896,1.6303298115463596,1.737967814029009,1.6114040876045477,50.85409791667748,-45.17454107637195,2.854746188857442,2.821988924706727,0.9521657122203275,0.917225209806731,102.67854684800402,-101.42997624379392,0.30009777816556177,0.9685527241585672,0.14019011864315334,0.8412809067024537,False,True,baseline; K_d_low; rho_d_high; Dv_dislocation_scale_low; Dv_dislocation_scale_high; N_gf0_factor_low; N_gf0_factor_high,,3.8252910540684364,1.3364126484486827,2.733498501596929,3.8003033905090553,1.553933293472904
rho_d_low,0.8202815810524458,1.4190186074087434,1.997932672497092,2.1860519927497544,1.9466958611301053,28.654490040202585,-20.25719523268227,7.964156995337813,9.970361944683498,2.656347260326972,3.2406460728798794,68.64794059221612,-67.15482406136252,0.8945831017970598,0.5038250201383554,-0.8541458123928104,-0.1474562523894674,False,False,baseline; K_d_low; rho_d_high; Dv_dislocation_scale_low; Dv_dislocation_scale_high; N_gf0_factor_low; N_gf0_factor_high,baseline; K_d_low; Dv_dislocation_scale_low; Dv_dislocation_scale_high; N_gf0_factor_low; N_gf0_factor_high,3.824116425667665,10.777226761937452,12.940319501801207,4.014369228888048,1.6731619772512212
rho_d_high,0.6108700610988628,1.8387400600534671,0.7698619486689161,2.357063609691202,0.5462556260504813,21.17363714209771,-15.363176773282877,14.039364898683706,18.004577175795852,4.682658630057212,5.851990393359556,48.47821296936996,-47.005841258988596,0.27845443511972445,0.7020821991147503,-0.11187271538967758,0.528162619882187,True,True,,,3.828819172671259,22.129809177063514,21.635759458990744,3.2880728938007513,1.4876197765042545
Dv_dislocation_scale_low,0.4158617064100677,0.4339732599007067,1.092409953577434,1.155799973468621,1.2240833441696877,27.013356684550605,-23.059951824602926,2.9472457185831726,2.991441309084115,0.9830178002080852,0.9723019670016421,59.49190596318039,-58.00536161389895,0.4666278667325612,0.5598973262854313,-0.3866244760570049,0.2955803416335272,False,True,baseline; K_d_low; Dv_dislocation_scale_high; N_gf0_factor_low; N_gf0_factor_high,,3.8254719554826857,2.444729822069652,2.497042997624073,3.769211790114765,1.542130277476389
Dv_dislocation_scale_high,0.3804736215691992,0.475953524815642,0.9705360467990434,1.061756111198842,1.0461141487953984,24.51330384447267,-15.30335914128069,3.0150139071777446,3.1047221533972387,1.0056210515272006,1.009121404981182,59.29251892057901,-57.797010732992874,0.47228814035329936,0.5597541611687349,-0.3920309045567212,0.29527055554225007,False,True,K_d_low,,3.825499597669934,2.6138751830722238,2.729671830996005,3.7625929904101962,1.541602848176322
Dg_dislocation_scale_low,0.9835045933656338,1.8017076937899816,2.3458967441588605,2.6296661972857804,2.249832465554387,66.9746923692107,-62.12471038823404,10.458050847662454,13.256847605775075,3.488155084563346,4.308845693944944,125.48893145140852,-124.28868740722947,0.45775185739950836,0.5913825592655219,-0.37203337686318294,0.3404447429192239,False,False,baseline; f_n_high; K_d_low; K_d_high; rho_d_low; rho_d_high; Dv_dislocation_scale_low; Dv_dislocation_scale_high; N_gf0_factor_low; N_gf0_factor_high,baseline; f_n_high; K_d_low; K_d_high; rho_d_low; Dv_dislocation_scale_low; Dv_dislocation_scale_high; N_gf0_factor_low; N_gf0_factor_high,3.8237345544467285,14.839040206005407,17.100115939663045,4.078843532634903,1.7277580182178909
Dg_dislocation_scale_high,1.233706501372946,3.2922395060522947,1.9269311034881995,4.604885380551953,1.4015003911193151,9.359524372291158,7.1250236252162935,15.134865820485217,19.430553394200118,5.0480495777766805,6.315472487372802,13.404728171460668,7.631820255438367,0.48821512476662454,0.47392076680873013,-0.4210613142056524,0.15983472751151703,True,True,,,3.829190252446097,23.856293373123687,23.427628649110265,3.2329723460477093,1.4931480889596795
N_gf0_factor_low,0.3836036319240773,0.4529855056784649,0.9885744333051986,1.0782140536539788,1.0718288367690956,24.664473899878395,-17.170576325724028,3.020053594133113,3.0766587033748776,1.0073019775366496,1.0,59.305336443295644,-57.810424797808054,0.47098117561875197,0.559763461912564,-0.3909225219098219,0.2952904409514971,False,True,K_d_low; Dv_dislocation_scale_high,,3.8254936333419014,2.573714904629043,2.671905009933555,3.920081429640647,1.3561319297955723
N_gf0_factor_high,0.3836036319240773,0.4529855056784649,0.9885744333051986,1.0782140536539788,1.0718288367690956,24.664473899878395,-17.170576325724028,2.9759901802119857,3.0766587033748776,0.9926051641867171,1.0,59.305336443295644,-57.810424797808054,0.47098117561875197,0.559763461912564,-0.3909225219098219,0.2952904409514971,False,True,K_d_low; Dv_dislocation_scale_high,,3.8254936333419014,2.573714904629043,2.671905009933555,3.6048347076592084,1.700078869608477
