candidate,case,population,p_min_Pa,p_max_Pa,p_over_eq_min,p_over_eq_max,n_T_ratio_gt1000,persistent_ranges_ratio_gt1000,role
baseline,AP3.2,b,764486814.818791,1399562543.527849,1.0000103497811144,1.0018619896862742,0,,"secondary diagnostic, no fit; threshold 1000 descriptive only"
baseline,AP3.2,d,17024100.34695568,191177045.2364073,1.0003836752580997,3.4542592957324216,0,,"secondary diagnostic, no fit; threshold 1000 descriptive only"
baseline,AP3.2,gf,9267862.21989552,792405556518.418,1.000208585376693,15550.716693367736,2,,"secondary diagnostic, no fit; threshold 1000 descriptive only"
baseline,AP3.8,b,784650726.21729,1399851065.5788963,1.0000264702104484,1.002033405715161,0,,"secondary diagnostic, no fit; threshold 1000 descriptive only"
baseline,AP3.8,d,17503488.543632086,198083276.0313131,1.000378995689608,3.5599027643027457,0,,"secondary diagnostic, no fit; threshold 1000 descriptive only"
baseline,AP3.8,gf,9388831.898166625,864763391239.4578,1.0003700046694208,16970.659297455346,2,,"secondary diagnostic, no fit; threshold 1000 descriptive only"
baseline,AP3.4,b,785413435.9429318,1387876022.64908,1.0000144530583186,1.0021194291468414,0,,"secondary diagnostic, no fit; threshold 1000 descriptive only"
baseline,AP3.4,d,17579947.799001716,188631538.2548492,1.0002600419054537,3.4309026082987337,0,,"secondary diagnostic, no fit; threshold 1000 descriptive only"
baseline,AP3.4,gf,8010188.977631694,886821144434.313,1.000288640661026,18634.43452240965,2,,"secondary diagnostic, no fit; threshold 1000 descriptive only"
baseline,ANP6,b,762627381.9649423,1314637454.8424969,1.0000048619083943,1.0023266334920191,0,,"secondary diagnostic, no fit; threshold 1000 descriptive only"
baseline,ANP6,d,17207651.37322404,137685084.36525327,1.0000861754978456,2.723343068441168,0,,"secondary diagnostic, no fit; threshold 1000 descriptive only"
baseline,ANP6,gf,1621437.0839420345,805538033003.125,1.001966828977752,24743.927463187672,2,,"secondary diagnostic, no fit; threshold 1000 descriptive only"
f_n_low,AP3.2,b,486229886.0082564,559684257.4573375,1.0001515172629645,1.0215205817461068,0,,"secondary diagnostic, no fit; threshold 1000 descriptive only"
f_n_low,AP3.2,d,9885889.283393994,594865064.225652,1.1380475600996458,16.17889645377723,0,,"secondary diagnostic, no fit; threshold 1000 descriptive only"
f_n_low,AP3.2,gf,7652903.873897072,1209490191259.481,1.0004828080841344,32208.329474677408,2,,"secondary diagnostic, no fit; threshold 1000 descriptive only"
f_n_low,AP3.8,b,486040077.066631,560696615.567979,1.0003552985707629,1.0234728786643568,0,,"secondary diagnostic, no fit; threshold 1000 descriptive only"
f_n_low,AP3.8,d,10141802.850966943,619425193.1054274,1.1439275539680631,16.805180030064452,0,,"secondary diagnostic, no fit; threshold 1000 descriptive only"
f_n_low,AP3.8,gf,7654036.84838689,1317674546925.7651,1.0008924477421577,35031.870510513654,3,900-1000 K,"secondary diagnostic, no fit; threshold 1000 descriptive only"
f_n_low,AP3.4,b,435014093.9745167,523445534.371637,1.00021495833635,1.0433580327270648,0,,"secondary diagnostic, no fit; threshold 1000 descriptive only"
f_n_low,AP3.4,d,9262118.771071311,633341455.410453,1.2886073679890448,17.93552437699138,0,,"secondary diagnostic, no fit; threshold 1000 descriptive only"
f_n_low,AP3.4,gf,5680040.484655036,1401283126235.18,1.0008857212159834,41625.44382174789,3,900-1000 K,"secondary diagnostic, no fit; threshold 1000 descriptive only"
f_n_low,ANP6,b,238462295.94280407,453838652.33041424,1.0000607462553066,1.1857846521879412,0,,"secondary diagnostic, no fit; threshold 1000 descriptive only"
f_n_low,ANP6,d,10055122.724630356,508576939.8852127,1.892594920496249,16.794359507791775,0,,"secondary diagnostic, no fit; threshold 1000 descriptive only"
f_n_low,ANP6,gf,973483.1496381428,1386461765603.3142,2.815158758668873,76924.47163442858,3,900-1000 K,"secondary diagnostic, no fit; threshold 1000 descriptive only"
f_n_high,AP3.2,b,1192170193.740898,1999703798.3238883,1.0000102935899684,1.0004878635337089,0,,"secondary diagnostic, no fit; threshold 1000 descriptive only"
f_n_high,AP3.2,d,26084468.86528433,136928832.2751704,1.0000407280546928,2.073268973116844,0,,"secondary diagnostic, no fit; threshold 1000 descriptive only"
f_n_high,AP3.2,gf,11802170.136265043,666824757429.3389,1.000701493070805,11228.289316695493,2,,"secondary diagnostic, no fit; threshold 1000 descriptive only"
f_n_high,AP3.8,b,1222216212.3611476,1999839695.204801,1.000026871296508,1.0005405491575137,0,,"secondary diagnostic, no fit; threshold 1000 descriptive only"
f_n_high,AP3.8,d,26677204.17279924,141232236.59346962,1.000049407406518,2.1264539877449886,0,,"secondary diagnostic, no fit; threshold 1000 descriptive only"
f_n_high,AP3.8,gf,12160506.457696555,727733258398.4839,1.0010143587866251,12256.067767393142,2,,"secondary diagnostic, no fit; threshold 1000 descriptive only"
f_n_high,AP3.4,b,1227383386.6821134,1973530258.053245,1.0000156479293685,1.0005679878857436,0,,"secondary diagnostic, no fit; threshold 1000 descriptive only"
f_n_high,AP3.4,d,26821245.49486044,136538916.96543136,1.000044986228363,2.0861251432065715,0,,"secondary diagnostic, no fit; threshold 1000 descriptive only"
f_n_high,AP3.4,gf,10762991.508226978,748526506147.822,1.0002494852266637,13455.83851874187,2,,"secondary diagnostic, no fit; threshold 1000 descriptive only"
f_n_high,ANP6,b,1172783001.8840275,1827281393.4093523,1.0000097374578425,1.0006648442079331,0,,"secondary diagnostic, no fit; threshold 1000 descriptive only"
f_n_high,ANP6,d,25862049.59943806,107264203.84133483,1.0000398498251604,1.8054823999059928,0,,"secondary diagnostic, no fit; threshold 1000 descriptive only"
f_n_high,ANP6,gf,4207187.717988027,693054090996.0203,1.0002986079060845,17959.634583796647,2,,"secondary diagnostic, no fit; threshold 1000 descriptive only"
K_d_low,AP3.2,b,764304532.2496637,1400533737.0014694,1.0000106808925555,1.0018615126828652,0,,"secondary diagnostic, no fit; threshold 1000 descriptive only"
K_d_low,AP3.2,d,8322115.978945649,262729313.1499329,1.0059611745699495,6.691217980953304,0,,"secondary diagnostic, no fit; threshold 1000 descriptive only"
K_d_low,AP3.2,gf,9356498.709866948,792273629738.111,1.0002081088697414,15515.7510436902,2,,"secondary diagnostic, no fit; threshold 1000 descriptive only"
K_d_low,AP3.8,b,784670733.2615659,1400825693.9813032,1.0000272549378144,1.0020329471002218,0,,"secondary diagnostic, no fit; threshold 1000 descriptive only"
K_d_low,AP3.8,d,8683613.249911677,273021776.54826146,1.0060028577999192,6.920576484698247,0,,"secondary diagnostic, no fit; threshold 1000 descriptive only"
K_d_low,AP3.8,gf,9476099.029226946,864617979254.4304,1.0003694921015749,16932.31005584439,2,,"secondary diagnostic, no fit; threshold 1000 descriptive only"
K_d_low,AP3.4,b,784446814.8737409,1388683781.2085474,1.0000148730476817,1.0021183246401526,0,,"secondary diagnostic, no fit; threshold 1000 descriptive only"
K_d_low,AP3.4,d,8612650.707286028,259070923.8701139,1.0044626566012478,6.639886240125327,0,,"secondary diagnostic, no fit; threshold 1000 descriptive only"
K_d_low,AP3.4,gf,8084111.613751792,886777085112.776,1.0002879586215363,18599.729944723946,2,,"secondary diagnostic, no fit; threshold 1000 descriptive only"
K_d_low,ANP6,b,761422931.5801615,1315039756.8485892,1.0000048890700377,1.0023238372228656,0,,"secondary diagnostic, no fit; threshold 1000 descriptive only"
K_d_low,ANP6,d,8135454.495138874,183759821.2325929,1.0019933031790134,5.096584628354869,0,,"secondary diagnostic, no fit; threshold 1000 descriptive only"
K_d_low,ANP6,gf,1629636.42527981,805609373413.9987,1.0019435436516777,24724.64487705779,2,,"secondary diagnostic, no fit; threshold 1000 descriptive only"
K_d_high,AP3.2,b,760110547.474858,1398041761.332814,1.0000097336886211,1.0018640744344298,0,,"secondary diagnostic, no fit; threshold 1000 descriptive only"
K_d_high,AP3.2,d,34144227.471810475,145676546.2387338,1.0000323313198165,1.781417309304966,0,,"secondary diagnostic, no fit; threshold 1000 descriptive only"
K_d_high,AP3.2,gf,9075860.789273657,792605549375.287,1.000209725869426,15602.350528996809,2,,"secondary diagnostic, no fit; threshold 1000 descriptive only"
K_d_high,AP3.8,b,780590740.1637951,1398331713.1677368,1.0000249947337003,1.0020355576793722,0,,"secondary diagnostic, no fit; threshold 1000 descriptive only"
K_d_high,AP3.8,d,34907552.698582634,149987741.03381285,1.000037353376637,1.824683551627024,0,,"secondary diagnostic, no fit; threshold 1000 descriptive only"
K_d_high,AP3.8,gf,9211771.40195632,864981713156.9647,1.0003713984544835,17027.127630344774,2,,"secondary diagnostic, no fit; threshold 1000 descriptive only"
K_d_high,AP3.4,b,782945792.9858054,1386600195.5471103,1.000013573060042,1.0021223996557036,0,,"secondary diagnostic, no fit; threshold 1000 descriptive only"
K_d_high,AP3.4,d,35089243.52776,143937539.43674123,1.0000247470848196,1.771947751594086,0,,"secondary diagnostic, no fit; threshold 1000 descriptive only"
K_d_high,AP3.4,gf,7857750.869273799,886902543881.766,1.0002900882006296,18685.8629722451,2,,"secondary diagnostic, no fit; threshold 1000 descriptive only"
K_d_high,ANP6,b,762351622.6251158,1313994228.8673904,1.000004728344127,1.002331224623798,0,,"secondary diagnostic, no fit; threshold 1000 descriptive only"
K_d_high,ANP6,d,34579537.393506505,111896852.25862616,1.0000094618395192,1.4909817346572811,0,,"secondary diagnostic, no fit; threshold 1000 descriptive only"
K_d_high,ANP6,gf,1589124.0005199823,805453198955.5356,1.002012185467371,24773.385035621744,2,,"secondary diagnostic, no fit; threshold 1000 descriptive only"
rho_d_low,AP3.2,b,741117948.2929524,1388487988.3033578,1.000005384273058,1.0018833450185134,0,,"secondary diagnostic, no fit; threshold 1000 descriptive only"
rho_d_low,AP3.2,d,19963174.91161741,125816341.66893084,1.000012810693763,2.324653004342529,0,,"secondary diagnostic, no fit; threshold 1000 descriptive only"
rho_d_low,AP3.2,gf,7909975.094600993,792705396057.1495,1.0001982784122254,15910.217232754934,2,,"secondary diagnostic, no fit; threshold 1000 descriptive only"
rho_d_low,AP3.8,b,762776352.5463419,1388783201.2007709,1.0000133225193446,1.002056260778129,0,,"secondary diagnostic, no fit; threshold 1000 descriptive only"
rho_d_low,AP3.8,d,20405459.525942728,130002090.44997644,1.0000156126139934,2.38734214188964,0,,"secondary diagnostic, no fit; threshold 1000 descriptive only"
rho_d_low,AP3.8,gf,8104317.899530439,865238144656.964,1.0003335751222129,17365.30323671298,2,,"secondary diagnostic, no fit; threshold 1000 descriptive only"
rho_d_low,AP3.4,b,770903447.1370928,1378299835.7809937,1.0000073926153306,1.0021477610312417,0,,"secondary diagnostic, no fit; threshold 1000 descriptive only"
rho_d_low,AP3.4,d,20603985.827330925,124705675.25234333,1.0000139586708858,2.31736769413324,0,,"secondary diagnostic, no fit; threshold 1000 descriptive only"
rho_d_low,AP3.4,gf,6920111.387476176,886953559934.7256,1.000299593113852,19005.088798183373,2,,"secondary diagnostic, no fit; threshold 1000 descriptive only"
rho_d_low,ANP6,b,759285046.7703941,1309596253.35876,1.000004105327136,1.0023636970249266,0,,"secondary diagnostic, no fit; threshold 1000 descriptive only"
rho_d_low,ANP6,d,20466826.01548731,94611549.67729804,1.0000154120049152,1.913442516789568,0,,"secondary diagnostic, no fit; threshold 1000 descriptive only"
rho_d_low,ANP6,gf,1394592.281461164,805462962473.1096,1.0023226057663346,24986.087502206632,2,,"secondary diagnostic, no fit; threshold 1000 descriptive only"
rho_d_high,AP3.2,b,898717576.4934139,1426294208.7252147,1.0000191786116903,1.0017996380945742,0,,"secondary diagnostic, no fit; threshold 1000 descriptive only"
rho_d_high,AP3.2,d,15709930.650183983,262963202.61132947,1.0052664168256316,4.679680901713242,0,,"secondary diagnostic, no fit; threshold 1000 descriptive only"
rho_d_high,AP3.2,gf,11404055.90820192,785496783822.0729,1.0002374187484129,14809.620471802204,2,,"secondary diagnostic, no fit; threshold 1000 descriptive only"
rho_d_high,AP3.8,b,909317487.5700784,1426561683.3498476,1.0000482720797284,1.0019674821440612,0,,"secondary diagnostic, no fit; threshold 1000 descriptive only"
rho_d_high,AP3.8,d,16049616.01893914,272792512.673376,1.0054494298235348,4.832407295625448,0,,"secondary diagnostic, no fit; threshold 1000 descriptive only"
rho_d_high,AP3.8,gf,11430845.24764544,857153086359.1366,1.0004423750351426,16161.814555811809,2,,"secondary diagnostic, no fit; threshold 1000 descriptive only"
rho_d_high,AP3.4,b,866627147.3856615,1409017429.842729,1.0000250677646696,1.0020577718608876,0,,"secondary diagnostic, no fit; threshold 1000 descriptive only"
rho_d_high,AP3.4,d,14710250.905911865,258303420.63790512,1.0038160641324994,4.638510575272216,0,,"secondary diagnostic, no fit; threshold 1000 descriptive only"
rho_d_high,AP3.4,gf,9909233.57018352,882056265825.3776,1.000294176970769,17901.982468336424,2,,"secondary diagnostic, no fit; threshold 1000 descriptive only"
rho_d_high,ANP6,b,722173990.5052665,1323776758.0384724,1.0000080849853703,1.0022618235350849,0,,"secondary diagnostic, no fit; threshold 1000 descriptive only"
rho_d_high,ANP6,d,8056335.949361538,182723858.9254472,1.0011591130602893,3.574478012470166,0,,"secondary diagnostic, no fit; threshold 1000 descriptive only"
rho_d_high,ANP6,gf,2025075.5744412767,805804538450.6094,1.0014312244885852,24336.00008799305,2,,"secondary diagnostic, no fit; threshold 1000 descriptive only"
Dv_dislocation_scale_low,AP3.2,b,764429442.0553317,1399178490.65607,1.000010347768285,1.0018634940543922,0,,"secondary diagnostic, no fit; threshold 1000 descriptive only"
Dv_dislocation_scale_low,AP3.2,d,17168699.40041056,519687194.3985851,1.004043691676194,8.384563982712773,0,,"secondary diagnostic, no fit; threshold 1000 descriptive only"
Dv_dislocation_scale_low,AP3.2,gf,9266127.351116829,792515192210.4395,1.0002086072290666,15559.96690920259,2,,"secondary diagnostic, no fit; threshold 1000 descriptive only"
Dv_dislocation_scale_low,AP3.8,b,784592212.6803366,1399470770.0930426,1.0000264652770283,1.0020350619103762,0,,"secondary diagnostic, no fit; threshold 1000 descriptive only"
Dv_dislocation_scale_low,AP3.8,d,17639371.47445225,540801446.2933309,1.0039526422513383,8.698820969147837,0,,"secondary diagnostic, no fit; threshold 1000 descriptive only"
Dv_dislocation_scale_low,AP3.8,gf,9387052.028229782,864882358074.3234,1.0003700302702103,16980.589580922922,2,,"secondary diagnostic, no fit; threshold 1000 descriptive only"
Dv_dislocation_scale_low,AP3.4,b,785348421.6428349,1387564921.7844286,1.0000144420117232,1.0021207794932236,0,,"secondary diagnostic, no fit; threshold 1000 descriptive only"
Dv_dislocation_scale_low,AP3.4,d,17660028.771792278,512638347.88546175,1.0026213411376912,8.317273041926084,0,,"secondary diagnostic, no fit; threshold 1000 descriptive only"
Dv_dislocation_scale_low,AP3.4,gf,8008524.748877407,886910241467.5269,1.0002886891426754,18643.626712019097,2,,"secondary diagnostic, no fit; threshold 1000 descriptive only"
Dv_dislocation_scale_low,ANP6,b,762611674.408596,1314519672.0031905,1.0000048542531,1.002326764167393,0,,"secondary diagnostic, no fit; threshold 1000 descriptive only"
Dv_dislocation_scale_low,ANP6,d,17227262.30461262,359800819.3482692,1.000758114531422,6.215931578415999,0,,"secondary diagnostic, no fit; threshold 1000 descriptive only"
Dv_dislocation_scale_low,ANP6,gf,1620968.9129191265,805543551261.0907,1.0019684460056333,24749.14314613596,2,,"secondary diagnostic, no fit; threshold 1000 descriptive only"
Dv_dislocation_scale_high,AP3.2,b,764491477.5851547,1399754693.3226628,1.000010349905891,1.0018618376384312,0,,"secondary diagnostic, no fit; threshold 1000 descriptive only"
Dv_dislocation_scale_high,AP3.2,d,17014511.388948698,124494651.2135197,1.0001396656933896,2.4215786387724245,0,,"secondary diagnostic, no fit; threshold 1000 descriptive only"
Dv_dislocation_scale_high,AP3.2,gf,9268001.79789275,792354073097.4501,1.000208583797355,15545.044353051886,2,,"secondary diagnostic, no fit; threshold 1000 descriptive only"
Dv_dislocation_scale_high,AP3.8,b,784655370.439769,1400044585.260332,1.0000264704678992,1.0020332062429165,0,,"secondary diagnostic, no fit; threshold 1000 descriptive only"
Dv_dislocation_scale_high,AP3.8,d,17494546.690863393,128611502.51696631,1.0001453441779122,2.48633988408078,0,,"secondary diagnostic, no fit; threshold 1000 descriptive only"
Dv_dislocation_scale_high,AP3.8,gf,9388975.031723656,864706385996.6882,1.0003700029290037,16964.49525308157,2,,"secondary diagnostic, no fit; threshold 1000 descriptive only"
Dv_dislocation_scale_high,AP3.4,b,785418207.4644634,1388029052.7222269,1.0000144537812476,1.0021193535055186,0,,"secondary diagnostic, no fit; threshold 1000 descriptive only"
Dv_dislocation_scale_high,AP3.4,d,17574599.212697733,122854064.21384408,1.0000994152023872,2.4067199590098927,0,,"secondary diagnostic, no fit; threshold 1000 descriptive only"
Dv_dislocation_scale_high,AP3.4,gf,8010321.997103538,886784233198.8678,1.0002886369953596,18628.836061998765,2,,"secondary diagnostic, no fit; threshold 1000 descriptive only"
Dv_dislocation_scale_high,ANP6,b,762628448.0082233,1314687359.5241947,1.0000048624270423,1.0023269818873408,0,,"secondary diagnostic, no fit; threshold 1000 descriptive only"
Dv_dislocation_scale_high,ANP6,d,17206193.554785814,92065568.0965816,1.000036385510875,1.973300013567868,0,,"secondary diagnostic, no fit; threshold 1000 descriptive only"
Dv_dislocation_scale_high,ANP6,gf,1621472.8879286724,805546401430.4176,1.001966698801087,24741.095630777563,2,,"secondary diagnostic, no fit; threshold 1000 descriptive only"
Dg_dislocation_scale_low,AP3.2,b,738503198.3334283,1385408197.7370107,1.0000040507281476,1.001889902693898,0,,"secondary diagnostic, no fit; threshold 1000 descriptive only"
Dg_dislocation_scale_low,AP3.2,d,65915878.82881957,128786526.01942696,1.0000008901456705,1.0083835081122057,0,,"secondary diagnostic, no fit; threshold 1000 descriptive only"
Dg_dislocation_scale_low,AP3.2,gf,7534562.241217864,792728434162.3114,1.0002006417237186,16006.54630664148,2,,"secondary diagnostic, no fit; threshold 1000 descriptive only"
Dg_dislocation_scale_low,AP3.8,b,760204276.8647039,1385705846.0187986,1.0000103528262116,1.0020633466366475,0,,"secondary diagnostic, no fit; threshold 1000 descriptive only"
Dg_dislocation_scale_low,AP3.8,d,67312450.7973894,128908663.49275556,1.0000027112556915,1.0091658189912722,0,,"secondary diagnostic, no fit; threshold 1000 descriptive only"
Dg_dislocation_scale_low,AP3.8,gf,7746350.050012175,865368623086.1058,1.0003359792705842,17472.91942582441,2,,"secondary diagnostic, no fit; threshold 1000 descriptive only"
Dg_dislocation_scale_low,AP3.4,b,768914374.8248283,1375550783.9037373,1.0000061534802107,1.002156553787817,0,,"secondary diagnostic, no fit; threshold 1000 descriptive only"
Dg_dislocation_scale_low,AP3.4,d,67960257.2052515,128260194.77000558,1.0000018376469435,1.0092675035926997,0,,"secondary diagnostic, no fit; threshold 1000 descriptive only"
Dg_dislocation_scale_low,AP3.4,gf,6620699.397439589,887148014238.7921,1.000302919711906,19110.68755082268,2,,"secondary diagnostic, no fit; threshold 1000 descriptive only"
Dg_dislocation_scale_low,ANP6,b,758446774.1016257,1308063677.2957194,1.000003987900612,1.0023748686871563,0,,"secondary diagnostic, no fit; threshold 1000 descriptive only"
Dg_dislocation_scale_low,ANP6,d,67566503.17025644,123213115.22025415,1.0000033620956403,1.007401905462121,0,,"secondary diagnostic, no fit; threshold 1000 descriptive only"
Dg_dislocation_scale_low,ANP6,gf,1335125.9108825985,805749154258.6344,1.0024409970989272,25066.263508150827,2,,"secondary diagnostic, no fit; threshold 1000 descriptive only"
Dg_dislocation_scale_high,AP3.2,b,914909250.8563966,1430242530.1968324,1.0000203140071096,1.0017910059562871,0,,"secondary diagnostic, no fit; threshold 1000 descriptive only"
Dg_dislocation_scale_high,AP3.2,d,10019565.393414356,329374870.64775014,1.0352993026512074,7.3476414887649,0,,"secondary diagnostic, no fit; threshold 1000 descriptive only"
Dg_dislocation_scale_high,AP3.2,gf,11586207.900049197,784101163202.2268,1.0011382349542126,14706.051630502316,2,,"secondary diagnostic, no fit; threshold 1000 descriptive only"
Dg_dislocation_scale_high,AP3.8,b,924077291.096115,1430522981.742928,1.000050869022562,1.0019584219079516,0,,"secondary diagnostic, no fit; threshold 1000 descriptive only"
Dg_dislocation_scale_high,AP3.8,d,10329528.5947086,342306336.4621725,1.0362230657499076,7.605038413551135,0,,"secondary diagnostic, no fit; threshold 1000 descriptive only"
Dg_dislocation_scale_high,AP3.8,gf,11661103.991717728,855620820450.0013,1.001563235193965,16048.423825272852,2,,"secondary diagnostic, no fit; threshold 1000 descriptive only"
Dg_dislocation_scale_high,AP3.4,b,875352852.5359,1411933170.268638,1.0000261860038202,1.0020513737359986,0,,"secondary diagnostic, no fit; threshold 1000 descriptive only"
Dg_dislocation_scale_high,AP3.4,d,9331158.032165175,323672555.61663043,1.0283031699387903,7.285585574260737,0,,"secondary diagnostic, no fit; threshold 1000 descriptive only"
Dg_dislocation_scale_high,AP3.4,gf,10055424.873852344,881087352536.809,1.0002929696739646,17801.154717061763,2,,"secondary diagnostic, no fit; threshold 1000 descriptive only"
Dg_dislocation_scale_high,ANP6,b,720218758.2948502,1324816727.3700895,1.0000089715181522,1.0022555518242162,0,,"secondary diagnostic, no fit; threshold 1000 descriptive only"
Dg_dislocation_scale_high,ANP6,d,6562265.518783058,225082901.57236755,1.011370069676313,5.494664370250392,0,,"secondary diagnostic, no fit; threshold 1000 descriptive only"
Dg_dislocation_scale_high,ANP6,gf,1989515.3701132203,805883077422.8092,1.0014038410823325,24286.40889491554,2,,"secondary diagnostic, no fit; threshold 1000 descriptive only"
N_gf0_factor_low,AP3.2,b,764486814.818791,1399562543.527849,1.0000103497811144,1.0018619896862742,0,,"secondary diagnostic, no fit; threshold 1000 descriptive only"
N_gf0_factor_low,AP3.2,d,17024100.34695568,191177045.2364073,1.0003836752580997,3.4542592957324216,0,,"secondary diagnostic, no fit; threshold 1000 descriptive only"
N_gf0_factor_low,AP3.2,gf,2977857.6560255205,2890309708223.2324,1.0007309485601614,118933.32642763754,3,900-1000 K,"secondary diagnostic, no fit; threshold 1000 descriptive only"
N_gf0_factor_low,AP3.8,b,784650726.21729,1399851065.5788963,1.0000264702104484,1.002033405715161,0,,"secondary diagnostic, no fit; threshold 1000 descriptive only"
N_gf0_factor_low,AP3.8,d,17503488.543632086,198083276.0313131,1.000378995689608,3.5599027643027457,0,,"secondary diagnostic, no fit; threshold 1000 descriptive only"
N_gf0_factor_low,AP3.8,gf,3016786.0752614783,3154170932624.2573,1.0009196074077096,129794.11390502688,3,900-1000 K,"secondary diagnostic, no fit; threshold 1000 descriptive only"
N_gf0_factor_low,AP3.4,b,785413435.9429318,1387876022.64908,1.0000144530583186,1.0021194291468414,0,,"secondary diagnostic, no fit; threshold 1000 descriptive only"
N_gf0_factor_low,AP3.4,d,17579947.799001716,188631538.2548492,1.0002600419054537,3.4309026082987337,0,,"secondary diagnostic, no fit; threshold 1000 descriptive only"
N_gf0_factor_low,AP3.4,gf,2578480.961770953,3247132988113.514,1.001320786886037,142584.0496318716,3,900-1000 K,"secondary diagnostic, no fit; threshold 1000 descriptive only"
N_gf0_factor_low,ANP6,b,762627381.9649423,1314637454.8424969,1.0000048619083943,1.0023266334920191,0,,"secondary diagnostic, no fit; threshold 1000 descriptive only"
N_gf0_factor_low,ANP6,d,17207651.37322404,137685084.36525327,1.0000861754978456,2.723343068441168,0,,"secondary diagnostic, no fit; threshold 1000 descriptive only"
N_gf0_factor_low,ANP6,gf,720602.742444273,3017998735902.24,1.090353423801702,188718.65121650707,4,900-1050 K,"secondary diagnostic, no fit; threshold 1000 descriptive only"
N_gf0_factor_high,AP3.2,b,764486814.818791,1399562543.527849,1.0000103497811144,1.0018619896862742,0,,"secondary diagnostic, no fit; threshold 1000 descriptive only"
N_gf0_factor_high,AP3.2,d,17024100.34695568,191177045.2364073,1.0003836752580997,3.4542592957324216,0,,"secondary diagnostic, no fit; threshold 1000 descriptive only"
N_gf0_factor_high,AP3.2,gf,27953127.44551593,211663223592.72324,1.0001649360014966,2039.394356642194,1,,"secondary diagnostic, no fit; threshold 1000 descriptive only"
N_gf0_factor_high,AP3.8,b,784650726.21729,1399851065.5788963,1.0000264702104484,1.002033405715161,0,,"secondary diagnostic, no fit; threshold 1000 descriptive only"
N_gf0_factor_high,AP3.8,d,17503488.543632086,198083276.0313131,1.000378995689608,3.5599027643027457,0,,"secondary diagnostic, no fit; threshold 1000 descriptive only"
N_gf0_factor_high,AP3.8,gf,28342383.24503036,230993551107.3566,1.0003148557626151,2225.495594364913,1,,"secondary diagnostic, no fit; threshold 1000 descriptive only"
N_gf0_factor_high,AP3.4,b,785413435.9429318,1387876022.64908,1.0000144530583186,1.0021194291468414,0,,"secondary diagnostic, no fit; threshold 1000 descriptive only"
N_gf0_factor_high,AP3.4,d,17579947.799001716,188631538.2548492,1.0002600419054537,3.4309026082987337,0,,"secondary diagnostic, no fit; threshold 1000 descriptive only"
N_gf0_factor_high,AP3.4,gf,24058076.41108724,235658452927.5676,1.0002093322432446,2447.401661792458,1,,"secondary diagnostic, no fit; threshold 1000 descriptive only"
N_gf0_factor_high,ANP6,b,762627381.9649423,1314637454.8424969,1.0000048619083943,1.0023266334920191,0,,"secondary diagnostic, no fit; threshold 1000 descriptive only"
N_gf0_factor_high,ANP6,d,17207651.37322404,137685084.36525327,1.0000861754978456,2.723343068441168,0,,"secondary diagnostic, no fit; threshold 1000 descriptive only"
N_gf0_factor_high,ANP6,gf,4720723.059731728,206241086015.8137,1.000296766705045,3290.213224295622,1,,"secondary diagnostic, no fit; threshold 1000 descriptive only"
