label,rho_d_m-2,Kd_bubble_per_m,Nd0_m-3,case,Sd_1600_percent,Rd_1600_nm,Nd_1600_m-3
RHO_0p5e13,5000000000000.0,410000.0,2.05e+18,AP3.2,0.2686346372828936,68.12915527453237,2.028030056546956e+18
RHO_0p5e13,5000000000000.0,410000.0,2.05e+18,AP3.8,0.2622962760429922,67.58330556854509,2.028547708750759e+18
RHO_0p5e13,5000000000000.0,410000.0,2.05e+18,AP3.4,0.2625923737817384,67.60896746697215,2.028526052187056e+18
RHO_0p5e13,5000000000000.0,410000.0,2.05e+18,ANP6,0.2876399345147321,69.71667072576483,2.026518876591792e+18
RHO_1p0e13,10000000000000.0,410000.0,4.1e+18,AP3.2,0.6067131882114973,71.27021010149521,4.0010198758296136e+18
RHO_1p0e13,10000000000000.0,410000.0,4.1e+18,AP3.8,0.5922876081542882,70.68701564470214,4.003364168646847e+18
RHO_1p0e13,10000000000000.0,410000.0,4.1e+18,AP3.4,0.5931772663278713,70.72317442837898,4.0032310021851607e+18
RHO_1p0e13,10000000000000.0,410000.0,4.1e+18,ANP6,0.6510923209338284,73.00996342545449,3.993995500840559e+18
RHO_1p7e13,17000000000000.0,410000.0,6.97e+18,AP3.2,1.1418438097775248,74.26731614879623,6.654645163630516e+18
RHO_1p7e13,17000000000000.0,410000.0,6.97e+18,AP3.8,1.114375292997252,73.63919533245722,6.662170800303439e+18
RHO_1p7e13,17000000000000.0,410000.0,6.97e+18,AP3.4,1.1171435691547087,73.7027826065338,6.66144929337446e+18
RHO_1p7e13,17000000000000.0,410000.0,6.97e+18,ANP6,1.230997808604075,76.24302621163275,6.630836096569276e+18
RHO_3p0e13_Rizk,30000000000000.0,410000.0,1.23e+19,AP3.2,2.261766715133983,78.3941387573959,1.1207491531818418e+19
RHO_3p0e13_Rizk,30000000000000.0,410000.0,1.23e+19,AP3.8,2.2063682548162484,77.68806186306017,1.1233795924418351e+19
RHO_3p0e13_Rizk,30000000000000.0,410000.0,1.23e+19,AP3.4,2.221982255092962,77.88769109648894,1.122652861372177e+19
RHO_3p0e13_Rizk,30000000000000.0,410000.0,1.23e+19,ANP6,2.4774920668851763,81.05307045168415,1.1107472556855302e+19
RHO_3p5e13_L3,35000000000000.0,410000.0,1.435e+19,AP3.2,2.7194779428309825,79.70163840013157,1.28231636258202e+19
RHO_3p5e13_L3,35000000000000.0,410000.0,1.435e+19,AP3.8,2.6525988726573506,78.96744982501171,1.2859930811377097e+19
RHO_3p5e13_L3,35000000000000.0,410000.0,1.435e+19,AP3.4,2.6804201832789443,79.27354319329505,1.2844862536542947e+19
RHO_3p5e13_L3,35000000000000.0,410000.0,1.435e+19,ANP6,3.009530540053877,82.77666835737764,1.2667365958900666e+19
RHO_4p5e13_N6rho,45000000000000.0,410000.0,1.845e+19,AP3.2,3.641224137099465,81.86931002060602,1.5841467579940897e+19
RHO_4p5e13_N6rho,45000000000000.0,410000.0,1.845e+19,AP3.8,3.551569301990748,81.0854926449906,1.5903847592831222e+19
RHO_4p5e13_N6rho,45000000000000.0,410000.0,1.845e+19,AP3.4,3.6288256517294495,81.76055328121312,1.5850611752655225e+19
RHO_4p5e13_N6rho,45000000000000.0,410000.0,1.845e+19,ANP6,4.158776939903236,86.22112175660428,1.5489450510400442e+19
RHO_6p3e13,63000000000000.0,410000.0,2.583e+19,AP3.2,5.112141346426819,83.76323481724405,2.076605124493912e+19
RHO_6p3e13,63000000000000.0,410000.0,2.583e+19,AP3.8,4.990686073829373,82.94143106433924,2.088127775011705e+19
RHO_6p3e13,63000000000000.0,410000.0,2.583e+19,AP3.4,5.290599114381153,84.95531763689755,2.0598924300431524e+19
RHO_6p3e13,63000000000000.0,410000.0,2.583e+19,ANP6,6.522604194635876,92.83142845081032,1.946468215509597e+19
RHO_1p0e14,100000000000000.0,410000.0,4.1e+19,AP3.2,6.494861440253485,79.4574953713266,3.090841019470066e+19
RHO_1p0e14,100000000000000.0,410000.0,4.1e+19,AP3.8,6.38106234243362,78.84901065510714,3.1075321679136227e+19
RHO_1p0e14,100000000000000.0,410000.0,4.1e+19,AP3.4,7.411834425022801,84.25566615694748,2.9582832172043915e+19
RHO_1p0e14,100000000000000.0,410000.0,4.1e+19,ANP6,12.44366221538182,109.18083383830242,2.2825504430119387e+19
