sweep,value,case,Sd_1600_percent,Rd_1600_nm,Nd_1600_m-3,Sb_1600_percent,Rb_1600_nm,Nb_1600_m-3,atoms_per_bulk_bubble_1600,matrix_gas_1600_percent,bulk_gas_1600_percent,dislocation_gas_1600_percent,release_1600_percent,phi_b_effective_1600,n0_over_nbar_1600,final_nucleation_gas_demand_over_beta_1600
phi_scale,0.0,AP3.2,2.5695342199274585,78.04239683981774,1.2905475168782334e+19,0.5662093714092377,1.7782151433727018,2.4040059080887405e+23,229.34836786025173,0.1074889346739881,61.013702216434964,33.04527092335834,0.0,0.0,,
phi_scale,0.0,AP3.8,2.501856705406163,77.27675032849153,1.2942771096856525e+19,0.571031440588161,1.75967166475504,2.5019376873039194e+23,222.64843439307512,0.11311043585948982,61.64421525372288,32.46547108261443,0.0,0.0,,
phi_scale,0.0,AP3.4,2.4953649397673345,77.20254249408363,1.2946448566424916e+19,0.728961653823212,1.7607280286047593,3.1881536300078894e+23,223.0263067083747,0.09848176079390192,66.57955067807097,27.407215538025977,0.0,0.0,,
phi_scale,0.0,ANP6,2.523752557385984,77.52490246346888,1.2931070432097327e+19,2.2206815791655643,1.7780961690100259,9.430439690029187e+23,229.30466191213756,0.040729367227710624,82.25905703614434,11.210160766707784,3.942075318088828,0.0,,
phi_scale,0.1,AP3.2,2.58581115616402,78.22491546832262,1.2896530453323076e+19,0.5650349478106037,1.7829895957592603,2.3797989792389194e+23,231.09382863441854,0.10796177746377125,60.85900046071974,33.18932877596793,0.0,0.00043460531120495044,,
phi_scale,0.1,AP3.8,2.5182629097498688,77.46330985310198,1.293374549899049e+19,0.5698360653344315,1.7645772158782145,2.475935468437125e+23,224.4089130205576,0.11362825140686744,61.485911691338686,32.61281761805211,0.0,0.00044760971551210325,,
phi_scale,0.1,AP3.4,2.5157312658711355,77.43433205733915,1.293525421976404e+19,0.727551698178939,1.7667805221419413,3.1493972303680746e+23,225.2019295662038,0.09903681979451097,66.41177302841831,27.561389987894493,0.0,0.0004460264913575213,,
phi_scale,0.1,ANP6,2.5834074337535786,78.19649546832659,1.2898595587882154e+19,2.218431617228498,1.7950131267965441,9.157028170360436e+23,235.5259887875419,0.041362154817522256,82.04125333190156,11.388515271855862,3.9798192200249947,0.00042639197692751407,,
phi_scale,0.3,AP3.2,2.617432222460376,78.57778145075154,1.2879160241319571e+19,0.5627548748817343,1.7922137304162236,2.3337872125192677e+23,234.48960945383266,0.10887678017000929,60.55932876002753,33.46834325727493,0.0,0.0012848537487460156,,
phi_scale,0.3,AP3.8,2.550104376297099,77.82356743665669,1.2916235124835582e+19,0.5675173121601627,1.7740443585661647,2.4265937824715143e+23,227.8311165469714,0.11462927780126651,61.1795548426694,32.897925303842456,0.0,0.0013225698685739046,,
phi_scale,0.3,AP3.4,2.555095412815937,77.87954706268394,1.2913627707999085e+19,0.7248272973376747,1.7783969459501012,3.0765205459280436e+23,229.4148279624303,0.1001042547324274,66.08864242805389,27.85820419019092,0.0,0.0013133998465692605,,
phi_scale,0.3,ANP6,2.693696622009848,79.41707207573482,1.2838623336981334e+19,2.2141831554156646,1.8257107699884199,8.686183518010542e+23,247.08380896734772,0.04251584598986766,81.64172810272657,11.714143434440576,4.050506849622639,0.001219096864840085,,
phi_scale,1.0,AP3.2,2.7194779428309825,79.70163840013157,1.28231636258202e+19,0.555409728151952,1.8215351065652416,2.1938767993806002e+23,245.49160932481672,0.11179823762449527,59.59983836791847,34.36132985568201,0.0,0.004090119913569143,,
phi_scale,1.0,AP3.8,2.6525988726573506,78.96744982501171,1.2859930811377097e+19,0.5600644622653573,1.804053139214189,2.2772013351256206e+23,238.89488069617363,0.11781702916900372,60.20110552653499,33.80809712406736,0.0,0.004203537281145388,,
phi_scale,1.0,AP3.4,2.6804201832789443,79.27354319329505,1.2844862536542947e+19,0.7161607106351918,1.8146909907305868,2.8609734845521554e+23,242.89542275596827,0.1034570653469213,65.06968286025143,28.793160782329185,0.0,0.004134017868576337,,
phi_scale,1.0,ANP6,3.009530540053877,82.77666835737764,1.2667365958900666e+19,2.201442440788594,1.9098362721772872,7.544497405465299e+23,280.5611367930348,0.04571177742974771,80.5186948232017,12.619007890599963,4.258935497849545,0.003577035103918331,,
phi_scale,3.0,AP3.2,2.9569563824492735,82.23594672755165,1.26932028183464e+19,0.5383901797523406,1.8873405438964668,1.9118671531188918e+23,271.3479098435392,0.11842493947324081,57.40905341141767,36.398175762895015,0.0,0.01109681225845695,,
phi_scale,3.0,AP3.8,2.889757872758006,81.52950410198603,1.2730001182345212e+19,0.5428810480787006,1.8709920797931492,1.978792356962102e+23,264.77399557190097,0.1250069187937921,57.9791370401998,35.87268714663551,0.0,0.01137337285085877,,
phi_scale,3.0,AP3.4,2.963479440061739,82.30320082614949,1.2690044137422686e+19,0.6966320296470904,1.8931765697124379,2.450989588551123e+23,273.7201702112022,0.11079662611869188,62.81940147762431,30.852682032675126,0.09137567577319566,0.011000286475608738,,
phi_scale,3.0,ANP6,3.6022550091289025,88.64001897009541,1.2347991551099806e+19,2.1757504113100987,2.0551165601442505,5.984268741081026e+23,344.78940608496606,0.05133922845575216,78.48811559489765,14.22054289496122,4.6669275302008915,0.008726272383328074,,
phi_scale,10.0,AP3.2,3.4841851607303664,87.52285822819945,1.2406467482776465e+19,0.5009308505404628,2.0235047216148705,1.443366108746323e+23,330.107869765202,0.13243278483750645,52.726455256928865,40.74461355031164,0.0,0.03038517434157493,,
phi_scale,10.0,AP3.8,3.411232955527603,86.81544272654749,1.2446057882452736e+19,0.5053505898378562,2.00825477851946,1.4895248073821608e+23,323.1697742844387,0.14007744724321922,53.26901534403143,40.24143596940447,0.0,0.03103953504704372,,
phi_scale,10.0,AP3.4,3.5641471000076788,88.28859117106701,1.2363836414745526e+19,0.6554157090210726,2.0470928433801374,1.8239612900143122e+23,341.0267334448272,0.12552040900938752,58.24378212521869,35.02386043415639,0.47458476635698676,0.029409452305968767,,
phi_scale,10.0,ANP6,4.6544363167912275,98.04878591794984,1.1788317435274805e+19,2.1270802296430906,2.28348005601515,4.264848351767749e+23,462.9960956681671,0.06042255908922928,75.11381538899519,16.821798259800996,5.390592829182799,0.021645204567232082,,
nucleation_cluster_size,2.0,AP3.2,2.7194779428309825,79.70163840013157,1.28231636258202e+19,0.555409728151952,1.8215351065652416,2.1938767993806002e+23,245.49160932481672,0.11179823762449527,59.59983836791847,34.36132985568201,0.0,0.004090119913569143,0.008146917955773164,0.007977801836665625
nucleation_cluster_size,2.0,AP3.8,2.6525988726573506,78.96744982501171,1.2859930811377097e+19,0.5600644622653573,1.804053139214189,2.2772013351256206e+23,238.89488069617363,0.11781702916900372,60.20110552653499,33.80809712406736,0.0,0.004203537281145388,0.008371883039819505,0.008273784302781542
nucleation_cluster_size,2.0,AP3.4,2.6804201832789443,79.27354319329505,1.2844862536542947e+19,0.7161607106351918,1.8146909907305868,2.8609734845521554e+23,242.89542275596827,0.1034570653469213,65.06968286025143,28.793160782329185,0.0,0.004134017868576337,0.008233996249527338,0.008635635517977861
nucleation_cluster_size,2.0,ANP6,3.009530540053877,82.77666835737764,1.2667365958900666e+19,2.201442440788594,1.9098362721772872,7.544497405465299e+23,280.5611367930348,0.04571177742974771,80.5186948232017,12.619007890599963,4.258935497849545,0.003577035103918331,0.007128571058918136,0.010089924355179336
nucleation_cluster_size,3.0,AP3.2,2.7193455873986623,79.7001928199865,1.2823237257524079e+19,0.5554264997952401,1.8215968086936947,2.1937201118411853e+23,245.51509523479027,0.1117950782440309,59.60128316734471,34.36026169651996,0.0,0.004089727053619213,0.012219207935589659,0.011966026304528511
nucleation_cluster_size,3.0,AP3.8,2.652466271983548,78.96598279810294,1.2860004668083894e+19,0.560081444979399,1.8041154800768529,2.277034322450753e+23,238.91820681756286,0.11781361585166926,60.20256801730477,33.807020334500635,0.0,0.004203125155389248,0.012556598511099616,0.012409956841718512
nucleation_cluster_size,3.0,AP3.4,2.6803146684144337,79.27238151660727,1.2844921579165055e+19,0.7161761813718381,1.8147428100139984,2.8607902079414838e+23,242.91501548004646,0.10345464251960601,65.0707628292565,28.79243320776125,0.0,0.004133683054008202,0.012349998183815138,0.012952846528970772
nucleation_cluster_size,3.0,ANP6,3.0094762867592393,82.77610328398315,1.266739702172523e+19,2.2014559036729286,1.909855407454823,7.544316774469967e+23,280.56905623981436,0.045711259023917636,80.5190397982318,12.618859062846928,4.258750574969901,0.0035769337760406497,0.010692554767820767,0.015134543285458546
nucleation_cluster_size,5.0,AP3.2,2.7190861010144425,79.69735874353577,1.2823381553490438e+19,0.555459439402048,1.8217212628246655,2.1934006109326194e+23,245.56247095507618,0.11178887029591877,59.60410189466298,34.358165493265915,0.0,0.00408893480710575,0.02036141752668189,0.019941162055385125
nucleation_cluster_size,5.0,AP3.8,2.6522063346596396,78.96310700599375,1.2860149384781832e+19,0.5601147920447931,1.8042412200398656,2.2766938325372896e+23,238.96525935067643,0.11780690848700437,60.20542031205232,33.80490709996916,0.0,0.004202294077415538,0.02092354350413173,0.020680904769582203
nucleation_cluster_size,5.0,AP3.4,2.680106733026363,79.27009233076159,1.2845037851021453e+19,0.7162066322585574,1.8148470856626908,2.8604187352422182e+23,242.9544448048926,0.10344985850401472,65.07287415455484,28.790997963174927,0.0,0.004133009421696637,0.020579989816672455,0.021586080914093787
nucleation_cluster_size,5.0,ANP6,3.0093678499217282,82.77497413173023,1.2667458977578144e+19,2.2014824938520925,1.9098936854416524,7.543954293372594e+23,280.5848986288765,0.04571022259949596,80.51971741287866,12.618561538167329,4.258392167948994,0.0035767310927884164,0.0178199184077023,0.025223095100165745
nucleation_cluster_size,10.0,AP3.2,2.7184513791006557,79.6904261626298,1.282373434266099e+19,0.5555401667473671,1.8220351784712168,2.1925857251119538e+23,245.68199410398952,0.11177364625813727,59.610958406309976,34.35303214432623,0.0,0.004086937429384368,0.04070302358327209,0.03987146111138627
nucleation_cluster_size,10.0,AP3.8,2.6515704714369996,78.95607194661645,1.286050321556217e+19,0.5601965126752141,1.804558347380898,2.2758257407346692e+23,239.08395580008576,0.11779045572183876,60.21235752659536,33.79973084748256,0.0,0.004200199029117609,0.041826311458396964,0.04135024966672462
nucleation_cluster_size,10.0,AP3.4,2.679595060453859,79.26445933682308,1.284532374190927e+19,0.7162814577101098,1.8151094397230467,2.859477300260862e+23,243.05366542136093,0.1034380606607097,65.07802353770298,28.78746223636033,0.0,0.004131315253000714,0.041143177094918,0.043162315165880705
nucleation_cluster_size,10.0,ANP6,3.00909696329907,82.77215405654854,1.2667613404446734e+19,2.201548075309925,1.909989398927091,7.543044919343579e+23,280.6245147165269,0.04570763272109906,80.52137858724033,12.61781811833498,4.257526567426881,0.0035762243557713935,0.03563480549837746,0.05044047450307734
nucleation_cluster_size,20.0,AP3.2,2.7172086012547854,79.67685056326023,1.2824424761888907e+19,0.5556985115965201,1.8226681842192212,2.1909263870626024e+23,245.9231215825547,0.11174375784517204,59.62430672563948,34.3429684311238,0.0,0.004082913828382414,0.08132622858435105,0.07970027920523527
nucleation_cluster_size,20.0,AP3.8,2.6503252222557614,78.94229297805771,1.2861195790702645e+19,0.5603568144551565,1.805197734383046,2.2740588998895765e+23,239.32338211587907,0.11775814346571249,60.2258633360551,33.78957938534471,0.0,0.004195979392042086,0.08356893431464256,0.08265510428550639
nucleation_cluster_size,20.0,AP3.4,2.6785870858577536,79.25336185505502,1.2845886497453574e+19,0.7164286291056284,1.8156372184393619,2.8575714153697325e+23,243.2533449497811,0.10341476834636938,65.08807694146732,28.78048878891178,0.0,0.0041279099787344484,0.0822188077377885,0.08628575793556158
nucleation_cluster_size,20.0,ANP6,3.008555672654157,82.76652000143974,1.2667921321479297e+19,2.201677515096535,1.9101808565981229,7.541220384794286e+23,280.70377010755436,0.04570245591230774,80.52463758552669,12.616332225837981,4.255786081360233,0.003575211015623674,0.07124948835684254,0.10085810121053788
nucleation_cluster_size,50.0,AP3.2,2.713564978490762,79.63703325065977,1.2826447802426954e+19,0.5561635204060718,1.8245827131500425,2.185864427888927e+23,246.6533166219123,0.11165583789991601,59.66317705005952,34.31341227214796,0.0,0.004070777523997818,0.2027136739322405,0.198937279383723
nucleation_cluster_size,50.0,AP3.8,2.646673270040184,78.90186654718428,1.2863225709477917e+19,0.5608276357763161,1.807131179303665,2.2686722540507965e+23,240.0482999251183,0.11766304797361699,60.26519800230209,33.75975078747883,0.0,0.004183255017137747,0.20829141475110308,0.20630395645609392
nucleation_cluster_size,50.0,AP3.4,2.6756114338039687,79.2205914493813,1.2847546330214416e+19,0.7168621397880558,1.8172297218281097,2.8517899944026337e+23,243.856475874976,0.10334582861983725,65.11744631106536,28.75987134678488,0.0,0.004117658367548766,0.20503863930861835,0.2154269001854427
nucleation_cluster_size,50.0,ANP6,3.006934158852893,82.74964413207043,1.2668841570813006e+19,2.2020600925916125,1.9107552958709715,7.535730201547396e+23,280.9416478182924,0.04568694113064053,80.53420335909479,12.611879376351425,4.25082578742582,0.003572173014602997,0.17797290073680722,0.25197410625245376
