data_set,w_r,w_X,k,beta,rho_crit,J,rmse_theta,rmse_radius,rmse_fraction,all_rmse_theta,all_rmse_radius,all_rmse_fraction,all_error_sum,pareto_all_data
A,0.0,0.0,50.0,67.726,1128300000000000.0,0.19246,1.6167,4.3678e-06,0.18477,1.7534,1.6871e-05,0.18237,141.81,False
A,0.0,0.1,50.0,67.169,1125900000000000.0,0.21443,1.6169,4.368e-06,0.18435,1.7594,1.6871e-05,0.1832,141.81,False
A,0.0,0.3,50.0,66.42,1122200000000000.0,0.25814,1.6178,4.3684e-06,0.18389,1.7681,1.6871e-05,0.18441,141.82,False
A,0.0,1.0,50.0,65.258,1115200000000000.0,0.41027,1.6205,4.3691e-06,0.18339,1.7828,1.6871e-05,0.18646,141.83,False
A,0.0,3.0,50.0,62.691,925310000000000.0,0.84006,1.6387,4.371e-06,0.18221,1.8173,1.6871e-05,0.18814,141.84,False
A,0.01,0.0,0.60622,20.771,1104800000000000.0,0.19867,1.6103,1.2522e-07,0.18401,1.7326,1.8969e-07,0.17935,2.5417,False
A,0.01,0.1,0.60783,20.589,1102800000000000.0,0.22043,1.6102,1.2591e-07,0.18347,1.7384,1.8777e-07,0.18016,2.5294,False
A,0.01,0.3,0.60212,20.346,1102700000000000.0,0.2637,1.6105,1.2751e-07,0.18288,1.7467,1.853e-07,0.18133,2.5143,False
A,0.01,1.0,0.5923,19.928,1099300000000000.0,0.41396,1.6126,1.3095e-07,0.18217,1.7625,1.8055e-07,0.18356,2.485,False
A,0.01,3.0,0.57829,19.104,907020000000000.0,0.83844,1.6273,1.4746e-07,0.18084,1.7942,1.5065e-07,0.18503,2.248,False
A,0.05,0.0,0.62299,21.203,1077100000000000.0,0.22877,1.614,1.225e-07,0.18568,1.7207,1.8498e-07,0.17741,2.4939,False
A,0.05,0.1,0.6192,21.052,1085300000000000.0,0.25093,1.6123,1.2328e-07,0.18505,1.7244,1.8621e-07,0.17803,2.5068,False
A,0.05,0.3,0.61336,20.817,1096800000000000.0,0.29488,1.6107,1.2457e-07,0.18417,1.7311,1.8792e-07,0.17908,2.5258,False
A,0.05,1.0,0.6019,20.353,1114300000000000.0,0.44668,1.6107,1.2748e-07,0.18286,1.7472,1.8994e-07,0.1815,2.5537,False
A,0.05,3.0,0.5903,19.892,1134400000000000.0,0.87552,1.6146,1.309e-07,0.18207,1.7674,1.9407e-07,0.18446,2.6016,False
A,0.2,0.0,0.98474,20.283,582050000000000.0,0.32436,1.69,1.0761e-07,0.18471,1.8607,1.4221e-07,0.18934,2.2072,False
A,0.2,0.1,0.98605,20.233,589080000000000.0,0.34634,1.6889,1.0774e-07,0.18456,1.8623,1.425e-07,0.18976,2.2112,False
A,0.2,0.3,0.99261,20.159,589110000000000.0,0.39025,1.6893,1.0773e-07,0.18445,1.8665,1.4256e-07,0.19047,2.2148,False
A,0.2,1.0,0.99293,20.015,618030000000000.0,0.54351,1.6862,1.0836e-07,0.18407,1.8708,1.4381e-07,0.19174,2.2298,False
A,0.2,3.0,0.97625,19.923,676280000000000.0,0.97961,1.6799,1.0963e-07,0.18377,1.8688,1.4657e-07,0.19252,2.2545,False
A,1.0,0.0,0.001,38.568,1107900000000000.0,0.41422,2.0849,4.3722e-08,0.27869,2.1276,1.6019e-07,0.26496,2.6368,False
A,1.0,0.1,0.001,38.399,1120000000000000.0,0.46397,2.0681,4.4974e-08,0.27684,2.1063,1.6585e-07,0.26219,2.6707,False
A,1.0,0.3,0.001,38.112,1138300000000000.0,0.56179,2.0429,4.7063e-08,0.27413,2.0739,1.7537e-07,0.25794,2.7298,False
A,1.0,1.0,0.001,37.266,1188000000000000.0,0.89372,1.9832,5.3621e-08,0.26779,1.9935,2.1024e-07,0.24664,2.9682,False
A,1.0,3.0,1.1057,19.93,369930000000000.0,1.4247,1.726,1.0433e-07,0.18598,1.9146,1.369e-07,0.19396,2.19,False
B,0.0,0.0,50.0,82.269,1190500000000000.0,0.21061,1.7087,1.6866e-05,0.17839,1.7087,1.6866e-05,0.17839,141.74,False
B,0.0,0.1,50.0,81.992,1190900000000000.0,0.23463,1.7088,1.6866e-05,0.17831,1.7088,1.6866e-05,0.17831,141.74,False
B,0.0,0.3,50.0,75.462,1163000000000000.0,0.28221,1.7108,1.6867e-05,0.17713,1.7108,1.6867e-05,0.17713,141.75,False
B,0.0,1.0,50.0,75.16,1153900000000000.0,0.44802,1.7111,1.6867e-05,0.17709,1.7111,1.6867e-05,0.17709,141.75,False
B,0.0,3.0,50.0,74.665,1118400000000000.0,0.92141,1.7135,1.6868e-05,0.17698,1.7135,1.6868e-05,0.17698,141.75,False
B,0.01,0.0,0.29812,22.815,1089500000000000.0,0.22959,1.709,1.6473e-07,0.17587,1.709,1.6473e-07,0.17587,2.3175,True
B,0.01,0.1,0.29885,22.772,1090500000000000.0,0.25294,1.7088,1.65e-07,0.17584,1.7088,1.65e-07,0.17584,2.3195,True
B,0.01,0.3,0.29891,22.719,1092400000000000.0,0.29963,1.7084,1.6546e-07,0.1758,1.7084,1.6546e-07,0.1758,2.3232,True
B,0.01,1.0,0.64427,22.084,957460000000000.0,0.46246,1.7197,1.6272e-07,0.17478,1.7197,1.6272e-07,0.17478,2.3006,True
B,0.01,3.0,0.65011,22.207,961070000000000.0,0.92362,1.7184,1.6509e-07,0.17472,1.7184,1.6509e-07,0.17472,2.3198,True
B,0.05,0.0,0.63805,21.403,768120000000000.0,0.28976,1.7601,1.3794e-07,0.1762,1.7601,1.3794e-07,0.1762,2.1084,True
B,0.05,0.1,0.63795,21.407,774340000000000.0,0.3132,1.7587,1.3831e-07,0.17613,1.7587,1.3831e-07,0.17613,2.111,True
B,0.05,0.3,0.63806,21.426,784880000000000.0,0.36002,1.7564,1.3899e-07,0.17602,1.7564,1.3899e-07,0.17602,2.1157,True
B,0.05,1.0,0.63912,21.51,811780000000000.0,0.5235,1.7503,1.4105e-07,0.17572,1.7503,1.4105e-07,0.17572,2.1304,True
B,0.05,3.0,0.6421,21.699,854690000000000.0,0.98859,1.7408,1.4555e-07,0.1753,1.7408,1.4555e-07,0.1753,2.1643,True
B,0.2,0.0,0.71818,21.605,483690000000000.0,0.46998,1.8348,1.2766e-07,0.18153,1.8348,1.2766e-07,0.18153,2.0573,True
B,0.2,0.1,0.71599,21.54,501030000000000.0,0.4948,1.8287,1.2813e-07,0.18101,1.8287,1.2813e-07,0.18101,2.0582,True
B,0.2,0.3,0.71276,21.445,527910000000000.0,0.54407,1.8198,1.2889e-07,0.1803,1.8198,1.2889e-07,0.1803,2.0602,True
B,0.2,1.0,0.68223,21.421,608160000000000.0,0.7135,1.7964,1.3128e-07,0.17846,1.7964,1.3128e-07,0.17846,2.0688,True
B,0.2,3.0,0.66045,21.386,701120000000000.0,1.1892,1.7739,1.3475e-07,0.17692,1.7739,1.3475e-07,0.17692,2.0875,True
B,1.0,0.0,0.001,38.201,699210000000000.0,0.90721,2.6354,7.6349e-08,0.31946,2.6354,7.6349e-08,0.31946,2.223,True
B,1.0,0.1,0.001,37.778,727120000000000.0,0.98193,2.5727,7.8685e-08,0.31102,2.5727,7.8685e-08,0.31102,2.2025,True
B,1.0,0.3,0.001,37.203,765360000000000.0,1.1226,2.4892,8.2306e-08,0.29978,2.4892,8.2306e-08,0.29978,2.1794,True
B,1.0,1.0,0.001,35.483,854820000000000.0,1.55,2.2873,9.4191e-08,0.27095,2.2873,9.4191e-08,0.27095,2.1452,True
B,1.0,3.0,0.79973,21.266,323950000000000.0,2.1148,1.8842,1.245e-07,0.18539,1.8842,1.245e-07,0.18539,2.0548,True
C,0.0,0.0,50.0,73.685,1158700000000000.0,0.22039,1.7136,1.6868e-05,0.17728,1.7136,1.6868e-05,0.17728,141.76,False
C,0.0,0.1,50.0,73.415,1157000000000000.0,0.24707,1.7144,1.6868e-05,0.17736,1.7144,1.6868e-05,0.17736,141.76,False
C,0.0,0.3,50.0,73.053,1154200000000000.0,0.30037,1.7157,1.6869e-05,0.17748,1.7157,1.6869e-05,0.17748,141.76,False
C,0.0,1.0,50.0,72.476,1146800000000000.0,0.48671,1.7179,1.6869e-05,0.17769,1.7179,1.6869e-05,0.17769,141.77,False
C,0.0,3.0,50.0,72.01,1135500000000000.0,1.0187,1.7201,1.6869e-05,0.17787,1.7201,1.6869e-05,0.17787,141.77,False
C,0.01,0.0,0.51374,21.818,1036900000000000.0,0.23805,1.7169,1.6356e-07,0.17604,1.7169,1.6356e-07,0.17604,2.3103,True
C,0.01,0.1,0.60807,21.582,992660000000000.0,0.26407,1.7197,1.6261e-07,0.17559,1.7197,1.6261e-07,0.17559,2.3018,True
C,0.01,0.3,0.62125,21.551,986860000000000.0,0.31601,1.72,1.627e-07,0.17557,1.72,1.627e-07,0.17557,2.3026,True
C,0.01,1.0,0.63356,21.502,971150000000000.0,0.49754,1.7223,1.6068e-07,0.17552,1.7223,1.6068e-07,0.17552,2.2862,True
C,0.01,3.0,0.6329,21.458,960160000000000.0,1.0159,1.7243,1.5838e-07,0.17554,1.7243,1.5838e-07,0.17554,2.2676,True
C,0.05,0.0,0.6551,21.294,805370000000000.0,0.29802,1.752,1.4086e-07,0.17595,1.752,1.4086e-07,0.17595,2.1299,True
C,0.05,0.1,0.64566,21.298,820090000000000.0,0.32415,1.7494,1.4168e-07,0.17585,1.7494,1.4168e-07,0.17585,2.1358,True
C,0.05,0.3,0.63375,21.29,840290000000000.0,0.37631,1.7459,1.4291e-07,0.17574,1.7459,1.4291e-07,0.17574,2.1448,True
C,0.05,1.0,0.63067,21.222,863350000000000.0,0.55843,1.7423,1.4476e-07,0.17578,1.7423,1.4476e-07,0.17578,2.1595,True
C,0.05,3.0,0.62964,21.218,890710000000000.0,1.0777,1.7378,1.4751e-07,0.17577,1.7378,1.4751e-07,0.17577,2.1811,True
C,0.2,0.0,0.86258,20.942,377220000000000.0,0.48299,1.8654,1.2644e-07,0.18489,1.8654,1.2644e-07,0.18489,2.0646,True
C,0.2,0.1,0.86352,20.902,382690000000000.0,0.51159,1.8644,1.2658e-07,0.18487,1.8644,1.2658e-07,0.18487,2.0654,True
C,0.2,0.3,0.785,21.153,513540000000000.0,0.56809,1.83,1.2904e-07,0.18195,1.83,1.2904e-07,0.18195,2.0687,False
C,0.2,1.0,0.6788,21.368,685410000000000.0,0.75787,1.7778,1.3424e-07,0.17723,1.7778,1.3424e-07,0.17723,2.0851,True
C,0.2,3.0,0.65323,21.177,771290000000000.0,1.2867,1.7594,1.3837e-07,0.1763,1.7594,1.3837e-07,0.1763,2.1121,False
C,1.0,0.0,0.001,38.772,746130000000000.0,0.89101,2.6116,7.841e-08,0.31851,2.6116,7.841e-08,0.31851,2.2312,True
C,1.0,0.1,0.001,38.502,767070000000000.0,0.96908,2.5676,8.0114e-08,0.3127,2.5676,8.0114e-08,0.3127,2.2177,True
C,1.0,0.3,0.001,37.873,806610000000000.0,1.1164,2.4779,8.3879e-08,0.30063,2.4779,8.3879e-08,0.30063,2.1918,True
C,1.0,1.0,0.93918,21.052,120810000000000.0,1.6396,1.9512,1.2265e-07,0.18893,1.9512,1.2265e-07,0.18893,2.0671,True
C,1.0,3.0,0.91315,20.847,249310000000000.0,2.2316,1.9055,1.2443e-07,0.18694,1.9055,1.2443e-07,0.18694,2.0642,True
