data_set,observable,paper,n,rmse,r2,sum_leverage,sum_cook,weight_share
A,theta,all,41,1.686,0.7906,0.704,0.265,1.0
A,theta,ZAC,27,2.046,0.718,0.639,0.255,0.659
A,theta,ONO,14,0.5053,,0.065,0.01,0.341
A,radius,all,14,0.1084,0.4218,1.247,0.243,1.0
A,radius,ZAC,14,0.1084,0.4218,1.247,0.243,1.0
A,fraction,all,27,0.1841,0.7815,1.049,0.647,1.0
A,fraction,ZAC,27,0.1841,0.7815,1.049,0.647,1.0
B,theta,all,52,1.796,0.7672,0.563,0.237,1.0
B,theta,ZAC,27,2.074,0.7102,0.316,0.156,0.519
B,theta,Cr,11,2.058,0.6797,0.18,0.073,0.212
B,theta,ONO,14,0.6019,,0.067,0.008,0.269
B,radius,all,26,0.1313,-0.201,1.544,2.986,1.0
B,radius,ZAC,14,0.121,0.2793,0.627,0.143,0.538
B,radius,Cr,8,0.1181,-0.8708,0.849,2.79,0.308
B,radius,GER,4,0.1814,-59.2419,0.068,0.054,0.154
B,fraction,all,49,0.1785,0.7595,0.893,0.384,1.0
B,fraction,ZAC,27,0.1941,0.7569,0.434,0.255,0.551
B,fraction,Cr,11,0.1938,0.7427,0.247,0.108,0.224
B,fraction,GER,5,0.08341,0.9098,0.099,0.005,0.102
B,fraction,NOI,6,0.1257,0.257,0.113,0.017,0.122
C,theta,all,52,1.778,0.772,0.554,0.247,1.0
C,theta,ZAC,27,2.052,0.7163,0.367,0.197,0.579
C,theta,Cr,11,2.055,0.6808,0.141,0.041,0.162
C,theta,ONO,14,0.549,,0.046,0.008,0.259
C,radius,all,26,0.1342,-0.2558,1.544,2.521,1.0
C,radius,ZAC,14,0.1198,0.2931,0.73,0.159,0.587
C,radius,Cr,8,0.1301,-1.2688,0.735,2.293,0.236
C,radius,GER,4,0.1818,-59.5193,0.079,0.068,0.177
C,fraction,all,49,0.1772,0.7628,0.902,0.511,1.0
C,fraction,ZAC,27,0.1915,0.7634,0.568,0.419,0.694
C,fraction,Cr,11,0.1926,0.746,0.218,0.079,0.194
C,fraction,GER,5,0.08855,0.8983,0.033,0.001,0.033
C,fraction,NOI,6,0.13,0.2045,0.083,0.013,0.079
