data_set,obs,group,label,rank,relevance,conditions,bu,T,y,w,pred,lev,cook
A,theta,ZAC,ZAC-Std-36 0.15 Theta,B,3.0,model/model,35.0,1146.55,0.1136,1.0,0.0,0.0,0.0
A,fraction,ZAC,ZAC-Std-36 0.15 f10,B,3.0,model/model,35.0,1146.55,0.011000000000000001,1.0,0.0,0.0,0.0
A,theta,ZAC,ZAC-Std-61 0 Theta,B,3.0,model/model,58.5,1196.55,0.5244000000000001,1.0,1.5016326939779185,0.024617810774128022,0.0021502543602118637
A,fraction,ZAC,ZAC-Std-61 0 f10,B,3.0,model/model,58.5,1196.55,0.03,1.0,0.0557369659975465,0.04042178282109405,0.0003365228265391903
A,theta,ZAC,ZAC-Std-61 0.14 Theta,B,3.0,model/model,58.5,1183.9499999999998,0.5484999999999999,1.0,1.5016326939779185,0.024617810774128297,0.002045505230070639
A,fraction,ZAC,ZAC-Std-61 0.14 f10,B,3.0,model/model,58.5,1183.9499999999998,0.033,1.0,0.0557369659975465,0.0404217828210941,0.00026264241015779
A,theta,ZAC,ZAC-Std-61 0.3 Theta,B,3.0,model/model,58.5,1139.25,0.8033999999999999,1.0,1.5016326939779185,0.024617810774128165,0.001097726683882463
A,fraction,ZAC,ZAC-Std-61 0.3 f10,B,3.0,model/model,58.5,1139.25,0.044000000000000004,1.0,0.0557369659975465,0.04042178282109407,6.998605653970338e-05
A,theta,ZAC,ZAC-Std-61 0.5 Theta,B,3.0,model/model,58.5,1041.25,0.6026,1.0,1.5016326939779185,0.024617810774128022,0.0018198887133429916
A,fraction,ZAC,ZAC-Std-61 0.5 f10,B,3.0,model/model,58.5,1041.25,0.052000000000000005,1.0,0.0557369659975465,0.04042178282109412,7.094766765195356e-06
A,theta,ZAC,ZAC-Std-61 0.58 Theta,B,3.0,model/model,58.5,990.4499999999999,0.443,1.0,1.5016326939779185,0.024617810774128144,0.0025233905087477977
A,fraction,ZAC,ZAC-Std-61 0.58 f10,B,3.0,model/model,58.5,990.4499999999999,0.035,1.0,0.0557369659975465,0.04042178282109405,0.00021846922173341754
A,theta,ZAC,ZAC-Std-61 0.75 Theta,B,3.0,model/model,58.6,864.25,0.9528000000000001,1.0,1.509720326792468,0.024362961480934302,0.0006907704201663237
A,fraction,ZAC,ZAC-Std-61 0.75 f10,B,3.0,model/model,58.6,864.25,0.06,1.0,0.05663559186582977,0.040003327139713704,5.686160763474539e-06
A,theta,ZAC,ZAC-Std-61 0.86 Theta,B,3.0,model/model,59.5,771.8499999999999,0.7834000000000001,1.0,1.58265919969229,0.022244036938461793,0.001293367733686812
A,fraction,ZAC,ZAC-Std-61 0.86 f10,B,3.0,model/model,59.5,771.8499999999999,0.067,1.0,0.06473991107692112,0.03652411006164124,2.3259165092436652e-06
A,theta,ZAC,ZAC-Std-61 0.9825 Theta,B,3.0,model/model,83.7,659.45,7.295,1.0,3.9795109364336536,0.01298977851714317,0.012754038350602556
A,fraction,ZAC,ZAC-Std-61 0.9825 f10,B,3.0,model/model,83.7,659.45,0.621,1.0,0.3310567707148504,0.021328866767712337,0.021665329327762706
A,radius,ZAC,ZAC-Std-61 0.9825 ECD50/2,B,3.0,model/model,83.7,659.45,3e-07,1.0,3.9836248140187084e-07,0.09469408625451717,0.03810318833083457
A,theta,ZAC,ZAC-Std-61 0.9875 Theta,B,3.0,model/model,88.9,654.3499999999999,8.7404,1.0,4.68805259236472,0.017934013612334834,0.02657073511924524
A,fraction,ZAC,ZAC-Std-61 0.9875 f10,B,3.0,model/model,88.9,654.3499999999999,0.833,1.0,0.40978362137385776,0.029447167743695886,0.06480003324881173
A,radius,ZAC,ZAC-Std-61 0.9875 ECD50/2,B,3.0,model/model,88.9,654.3499999999999,3e-07,1.0,3.4521874334833e-07,0.08155291525165252,0.006738114862317988
A,theta,ZAC,ZAC-Std-61 0.9925 Theta,B,3.0,model/model,95.8,649.25,9.865600000000002,1.0,5.794426841828266,0.029410560646952057,0.045026211058352306
A,fraction,ZAC,ZAC-Std-61 0.9925 f10,B,3.0,model/model,95.8,649.25,0.9840000000000001,1.0,0.532714093536474,0.04829134913844841,0.1256637379466768
A,radius,ZAC,ZAC-Std-61 0.9925 ECD50/2,B,3.0,model/model,95.8,649.25,3e-07,1.0,2.880674634390526e-07,0.06528373399467212,0.0003626445499981045
A,theta,ZAC,ZAC-Std-61 0.9975 Theta,B,3.0,model/model,105.8,643.8499999999999,10.0,1.0,7.83914923010115,0.06236396686416602,0.02882098227464316
A,fraction,ZAC,ZAC-Std-61 0.9975 f10,B,3.0,model/model,105.8,643.8499999999999,1.0,1.0,0.7599054700112389,0.10239995536461129,0.0847898165051893
A,radius,ZAC,ZAC-Std-61 0.9975 ECD50/2,B,3.0,model/model,105.8,643.8499999999999,3.5e-07,1.0,2.249093176022199e-07,0.045852852658227285,0.026863079206359154
A,theta,ZAC,ZAC-Std-63 0 Theta,B,3.0,model/model,60.4,1164.15,0.7468999999999999,1.0,1.6559654602845046,0.020403155690800673,0.0015289277971596792
A,fraction,ZAC,ZAC-Std-63 0 f10,B,3.0,model/model,60.4,1164.15,0.027999999999999997,1.0,0.07288505114272274,0.0335014325914502,0.0008361987727424014
A,theta,ZAC,ZAC-Std-63 1 Theta,U,3.0,model/model,121.0,677.45,10.0,1.0,10.0,0.0,0.0
A,fraction,ZAC,ZAC-Std-63 1 f10,U,3.0,model/model,121.0,677.45,1.0,1.0,0.999999999,0.0,0.0
A,radius,ZAC,ZAC-Std-63 1 ECD50/2,U,3.0,model/model,121.0,677.45,2.5e-07,1.0,1.401965882233892e-07,0.01591762151326207,0.006754872478173361
A,theta,ZAC,ZAC-Std-73 0 Theta,B,3.0,model/model,68.3,1111.85,2.2656,1.0,2.3319853349848825,0.01156646702408401,4.539877751791622e-06
A,fraction,ZAC,ZAC-Std-73 0 f10,B,3.0,model/model,68.3,1111.85,0.011000000000000001,1.0,0.14799837055387582,0.018991827597692808,0.004286446816008382
A,radius,ZAC,ZAC-Std-73 0 ECD50/2,B,3.0,model/model,68.3,1111.85,6.5e-07,1.0,6.445937904802394e-07,0.1980176076958333,0.00030671153563505843
A,theta,ZAC,ZAC-Std-73 0.1 Theta,B,3.0,model/model,68.3,1106.55,0.7348000000000001,1.0,2.3319853349848825,0.011566467024084277,0.0026279099799296395
A,fraction,ZAC,ZAC-Std-73 0.1 f10,B,3.0,model/model,68.3,1106.55,0.035,1.0,0.14799837055387582,0.018991827597692808,0.002916157646347561
A,theta,ZAC,ZAC-Std-73 0.24 Theta,B,3.0,model/model,68.3,1081.75,1.5508,1.0,2.3319853349848825,0.011566467024084277,0.0006286486972425694
A,fraction,ZAC,ZAC-Std-73 0.24 f10,B,3.0,model/model,68.3,1081.75,0.08199999999999999,1.0,0.14799837055387582,0.018991827597692405,0.000994793783610827
A,radius,ZAC,ZAC-Std-73 0.24 ECD50/2,B,3.0,model/model,68.3,1081.75,6.5e-07,1.0,6.445937904802394e-07,0.1980176076958333,0.00030671153563505843
A,theta,ZAC,ZAC-Std-73 0.3 Theta,B,3.0,model/model,68.3,1065.05,5.9684,1.0,2.3319853349848825,0.011566467024084934,0.01362218134097578
A,fraction,ZAC,ZAC-Std-73 0.3 f10,B,3.0,model/model,68.3,1065.05,0.265,1.0,0.14799837055387582,0.01899182759769305,0.0031264425758281674
A,radius,ZAC,ZAC-Std-73 0.3 ECD50/2,B,3.0,model/model,68.3,1065.05,6e-07,1.0,6.445937904802394e-07,0.19801760769583324,0.020868591725900942
A,theta,ZAC,ZAC-Std-73 0.38 Theta,B,3.0,model/model,68.3,1037.25,6.107200000000001,1.0,2.3319853349848825,0.011566467024083272,0.014681930336830311
A,fraction,ZAC,ZAC-Std-73 0.38 f10,B,3.0,model/model,68.3,1037.25,0.091,1.0,0.14799837055387582,0.01899182759769293,0.0007419788346588519
A,radius,ZAC,ZAC-Std-73 0.38 ECD50/2,B,3.0,model/model,68.3,1037.25,5.5e-07,1.0,6.445937904802394e-07,0.19801760769583468,0.09390087117608335
A,theta,ZAC,ZAC-Std-73 0.42 Theta,B,3.0,model/model,68.3,1021.05,0.40099999999999997,1.0,2.3319853349848825,0.011566467024084277,0.0038411194006195805
A,fraction,ZAC,ZAC-Std-73 0.42 f10,B,3.0,model/model,68.3,1021.05,0.028999999999999998,1.0,0.14799837055387582,0.01899182759769305,0.003234064412179741
A,theta,ZAC,ZAC-Std-73 0.75 Theta,B,3.0,model/model,68.5,837.05,0.7472,1.0,2.3501603943801577,0.011457137414518747,0.0026213485426224673
A,fraction,ZAC,ZAC-Std-73 0.75 f10,B,3.0,model/model,68.5,837.05,0.068,1.0,0.1500178215977953,0.018812311320867126,0.0015212464036113056
A,theta,ZAC,ZAC-Std-73 0.9725 Theta,B,3.0,model/model,95.3,670.8499999999999,2.5980000000000003,1.0,5.706946808577582,0.02834259873157985,0.025248407959713767
A,fraction,ZAC,ZAC-Std-73 0.9725 f10,B,3.0,model/model,95.3,670.8499999999999,0.198,1.0,0.5229940898419536,0.04653778441245871,0.06257412464932319
A,theta,ZAC,ZAC-Std-73 0.9775 Theta,B,3.0,model/model,100.1,666.55,4.644,1.0,6.600672781033643,0.04055396470350942,0.014676506609306904
A,fraction,ZAC,ZAC-Std-73 0.9775 f10,B,3.0,model/model,100.1,666.55,0.35100000000000003,1.0,0.6222969756704049,0.06658851872816886,0.06510106740489824
A,radius,ZAC,ZAC-Std-73 0.9775 ECD50/2,B,3.0,model/model,100.1,666.55,3e-07,1.0,2.5846255212155944e-07,0.05624603245749169,0.003713848237980641
A,theta,ZAC,ZAC-Std-73 0.9825 Theta,B,3.0,model/model,106.0,662.15,5.116399999999999,1.0,7.886588295108353,0.0633156245951943,0.04818778865263455
A,fraction,ZAC,ZAC-Std-73 0.9825 f10,B,3.0,model/model,106.0,662.15,0.40299999999999997,1.0,0.7651764772342614,0.10396255174967721,0.19656682254048952
A,radius,ZAC,ZAC-Std-73 0.9825 ECD50/2,B,3.0,model/model,106.0,662.15,3e-07,1.0,2.238363020087007e-07,0.045522288617791624,0.009880041564754678
A,theta,ZAC,ZAC-Std-73 0.9875 Theta,B,3.0,model/model,113.6,657.55,9.524000000000001,1.0,9.927931712749217,0.11313318684009581,0.0020421290763110206
A,fraction,ZAC,ZAC-Std-73 0.9875 f10,B,3.0,model/model,113.6,657.55,0.9440000000000001,1.0,0.9919924125276908,0.18576164835562076,0.00746866945470759
A,radius,ZAC,ZAC-Std-73 0.9875 ECD50/2,B,3.0,model/model,113.6,657.55,3e-07,1.0,1.8761291878100167e-07,0.03457152421884695,0.01596913253697003
A,theta,ZAC,ZAC-Std-73 0.9925 Theta,B,3.0,model/model,123.7,652.95,10.0,1.0,10.0,0.0,0.0
A,fraction,ZAC,ZAC-Std-73 0.9925 f10,B,3.0,model/model,123.7,652.95,1.0,1.0,0.999999999,0.0,0.0
A,radius,ZAC,ZAC-Std-73 0.9925 ECD50/2,B,3.0,model/model,123.7,652.95,3e-07,1.0,1.2908737313503037e-07,0.01100761306655746,0.011205359082127086
A,theta,ZAC,ZAC-Std-73 0.9975 Theta,B,3.0,model/model,138.6,648.15,10.0,1.0,10.0,0.0,0.0
A,fraction,ZAC,ZAC-Std-73 0.9975 f10,B,3.0,model/model,138.6,648.15,1.0,1.0,0.999999999,0.0,0.0
A,radius,ZAC,ZAC-Std-73 0.9975 ECD50/2,B,3.0,model/model,138.6,648.15,3.5e-07,1.0,9.614075183616506e-08,0.003801290133771936,0.008413859766555969
A,theta,ONO,ONO-Std-16 0 Theta,U,3.0,reported/model,15.4,1255.35,0.0,1.0,0.0,0.0,0.0
A,theta,ONO,ONO-Std-16 0.4 Theta,B,3.0,reported/model,15.4,1147.15,0.0,1.0,0.0,0.0,0.0
A,theta,ONO,ONO-Std-16 0.56 Theta,U,3.0,reported/model,15.4,1051.4499999999998,0.0,1.0,0.0,0.0,0.0
A,theta,ONO,ONO-Std-16 0.75 Theta,B,3.0,reported/model,15.4,910.55,0.0,1.0,0.0,0.0,0.0
A,theta,ONO,ONO-Std-16 0.9844 Theta,B,3.0,reported/model,17.1,700.55,0.0,1.0,0.0,0.0,0.0
A,theta,ONO,ONO-Std-16 0.996 Theta,B,3.0,reported/model,18.2,686.75,0.0,1.0,0.0,0.0,0.0
A,theta,ONO,ONO-Std-16 0.9987 Theta,B,3.0,reported/model,18.6,684.15,0.0,1.0,0.0,0.0,0.0
A,theta,ONO,ONO-Std-37 0 Theta,B,3.0,reported/model,35.3,1221.85,0.0,1.0,0.0,0.0,0.0
A,theta,ONO,ONO-Std-37 0.2 Theta,B,3.0,reported/model,35.3,1197.55,0.0,1.0,0.0,0.0,0.0
A,theta,ONO,ONO-Std-37 0.56 Theta,U,3.0,reported/model,35.3,1032.4499999999998,0.0,1.0,0.0,0.0,0.0
A,theta,ONO,ONO-Std-37 0.75 Theta,B,3.0,reported/model,35.3,900.15,0.0,1.0,0.0,0.0,0.0
A,theta,ONO,ONO-Std-37 0.9746 Theta,B,3.0,reported/model,44.1,668.3499999999999,0.0,1.0,0.0,0.0,0.0
A,theta,ONO,ONO-Std-37 0.9947 Theta,B,3.0,reported/model,54.4,649.25,0.0,1.0,1.1694261145382,0.04012188799597156,0.005181897678828393
A,theta,ONO,ONO-Std-37 0.9982 Theta,B,3.0,reported/model,58.3,647.25,0.0,1.0,1.4854650279898551,0.025139977937372944,0.005079246705432738
B,theta,ZAC,ZAC-Std-36 0.15 Theta,B,3.0,model/model,35.0,1146.55,0.1136,1.0,0.0,0.0,0.0
B,fraction,ZAC,ZAC-Std-36 0.15 f10,B,3.0,model/model,35.0,1146.55,0.011000000000000001,1.0,0.0,0.0,0.0
B,theta,ZAC,ZAC-Std-61 0 Theta,B,3.0,model/model,58.5,1196.55,0.5244000000000001,1.0,1.7879236947370092,0.013600175207131337,0.0017932584169825128
B,fraction,ZAC,ZAC-Std-61 0 f10,B,3.0,model/model,58.5,1196.55,0.03,1.0,0.08754707719300102,0.018654236642694784,0.0005727109454773138
B,theta,ZAC,ZAC-Std-61 0.14 Theta,B,3.0,model/model,58.5,1183.9499999999998,0.5484999999999999,1.0,1.7879236947370092,0.013600175207131337,0.001725502869260414
B,fraction,ZAC,ZAC-Std-61 0.14 f10,B,3.0,model/model,58.5,1183.9499999999998,0.033,1.0,0.08754707719300102,0.01865423664269473,0.0005145551284391263
B,theta,ZAC,ZAC-Std-61 0.3 Theta,B,3.0,model/model,58.5,1139.25,0.8033999999999999,1.0,1.7879236947370092,0.013600175207131337,0.001088750687951305
B,fraction,ZAC,ZAC-Std-61 0.3 f10,B,3.0,model/model,58.5,1139.25,0.044000000000000004,1.0,0.08754707719300102,0.01865423664269473,0.00032794949323720435
B,theta,ZAC,ZAC-Std-61 0.5 Theta,B,3.0,model/model,58.5,1041.25,0.6026,1.0,1.7879236947370092,0.013600175207131337,0.001578156356373333
B,fraction,ZAC,ZAC-Std-61 0.5 f10,B,3.0,model/model,58.5,1041.25,0.052000000000000005,1.0,0.08754707719300102,0.018654236642694763,0.00021852278979115375
B,theta,ZAC,ZAC-Std-61 0.58 Theta,B,3.0,model/model,58.5,990.4499999999999,0.443,1.0,1.7879236947370092,0.013600175207131245,0.0020317552318226185
B,fraction,ZAC,ZAC-Std-61 0.58 f10,B,3.0,model/model,58.5,990.4499999999999,0.035,1.0,0.08754707719300102,0.018654236642694746,0.0004775139578122471
B,theta,ZAC,ZAC-Std-61 0.75 Theta,B,3.0,model/model,58.6,864.25,0.9528000000000001,1.0,1.7975560700259348,0.013435908765740308,0.0007916197969872472
B,fraction,ZAC,ZAC-Std-61 0.75 f10,B,3.0,model/model,58.6,864.25,0.06,1.0,0.08861734111399275,0.01842892593724523,0.00013985263246178917
B,theta,ZAC,ZAC-Std-61 0.86 Theta,B,3.0,model/model,59.5,771.8499999999999,0.7834000000000001,1.0,1.884510743942442,0.012097830077413947,0.0012077559015847906
B,fraction,ZAC,ZAC-Std-61 0.86 f10,B,3.0,model/model,59.5,771.8499999999999,0.067,1.0,0.09827897154916022,0.01659359395670514,0.00014987696377197373
B,theta,ZAC,ZAC-Std-61 0.9825 Theta,B,3.0,model/model,83.7,659.45,7.295,1.0,4.798802828364218,0.027987552295713113,0.014832576767965018
B,fraction,ZAC,ZAC-Std-61 0.9825 f10,B,3.0,model/model,83.7,659.45,0.621,1.0,0.42208920315157983,0.03838821306510245,0.014664613412129573
B,radius,ZAC,ZAC-Std-61 0.9825 ECD50/2,B,3.0,model/model,83.7,659.45,3e-07,1.0,3.429453067120281e-07,0.04880109826297244,0.0030890723322922575
B,theta,ZAC,ZAC-Std-61 0.9875 Theta,B,3.0,model/model,88.9,654.3499999999999,8.7404,1.0,5.676159767571373,0.02166692098876473,0.01708074900065642
B,fraction,ZAC,ZAC-Std-61 0.9875 f10,B,3.0,model/model,88.9,654.3499999999999,0.833,1.0,0.5195733075079303,0.02971872533164309,0.027686139392611737
B,radius,ZAC,ZAC-Std-61 0.9875 ECD50/2,B,3.0,model/model,88.9,654.3499999999999,3e-07,1.0,2.9696430246604745e-07,0.05184312043391221,1.6502793790302284e-05
B,theta,ZAC,ZAC-Std-61 0.9925 Theta,B,3.0,model/model,95.8,649.25,9.865600000000002,1.0,6.8782015215912935,0.015692001209850363,0.011615560776122557
B,fraction,ZAC,ZAC-Std-61 0.9925 f10,B,3.0,model/model,95.8,649.25,0.9840000000000001,1.0,0.6531335023990326,0.021523421537429584,0.021972101398175667
B,radius,ZAC,ZAC-Std-61 0.9925 ECD50/2,B,3.0,model/model,95.8,649.25,3e-07,1.0,2.450665076868382e-07,0.04758540422616138,0.004915931716108963
B,theta,ZAC,ZAC-Std-61 0.9975 Theta,B,3.0,model/model,105.8,643.8499999999999,10.0,1.0,9.002952934429025,0.02764822546434331,0.002336088684295703
B,fraction,ZAC,ZAC-Std-61 0.9975 f10,B,3.0,model/model,105.8,643.8499999999999,1.0,1.0,0.8892169927143362,0.037922786486751243,0.004489337413677276
B,radius,ZAC,ZAC-Std-61 0.9975 ECD50/2,B,3.0,model/model,105.8,643.8499999999999,3.5e-07,1.0,1.872293277927236e-07,0.030160189062797518,0.02638129457341649
B,theta,ZAC,ZAC-Std-63 0 Theta,B,3.0,model/model,60.4,1164.15,0.7468999999999999,1.0,1.972050095435579,0.010987335462274086,0.0013548925083725861
B,fraction,ZAC,ZAC-Std-63 0 f10,B,3.0,model/model,60.4,1164.15,0.027999999999999997,1.0,0.10800556615950879,0.01507042024564928,0.0008877914768782001
B,theta,ZAC,ZAC-Std-63 1 Theta,U,3.0,model/model,121.0,677.45,10.0,1.0,10.0,0.0,0.0
B,fraction,ZAC,ZAC-Std-63 1 f10,U,3.0,model/model,121.0,677.45,1.0,1.0,0.999999999,0.0,0.0
B,radius,ZAC,ZAC-Std-63 1 ECD50/2,U,3.0,model/model,121.0,677.45,2.5e-07,1.0,1.2459985761811809e-07,0.004687387256446824,0.0023105619845456508
B,theta,ZAC,ZAC-Std-73 0 Theta,B,3.0,model/model,68.3,1111.85,2.2656,1.0,2.7851018196281014,0.007947667485342131,0.00017513874613135766
B,fraction,ZAC,ZAC-Std-73 0 f10,B,3.0,model/model,68.3,1111.85,0.011000000000000001,1.0,0.1983446466253446,0.010901158828548165,0.003491655758909859
B,radius,ZAC,ZAC-Std-73 0 ECD50/2,B,3.0,model/model,68.3,1111.85,6.5e-07,1.0,5.561441719076273e-07,0.08873823589644592,0.02923187891530288
B,theta,ZAC,ZAC-Std-73 0.1 Theta,B,3.0,model/model,68.3,1106.55,0.7348000000000001,1.0,2.7851018196281014,0.007947667485342398,0.0027279957177566033
B,fraction,ZAC,ZAC-Std-73 0.1 f10,B,3.0,model/model,68.3,1106.55,0.035,1.0,0.1983446466253446,0.010901158828548226,0.0026543528626331767
B,theta,ZAC,ZAC-Std-73 0.24 Theta,B,3.0,model/model,68.3,1081.75,1.5508,1.0,2.7851018196281014,0.007947667485342005,0.0009886687985956825
B,fraction,ZAC,ZAC-Std-73 0.24 f10,B,3.0,model/model,68.3,1081.75,0.08199999999999999,1.0,0.1983446466253446,0.010901158828547971,0.0013466094400409613
B,radius,ZAC,ZAC-Std-73 0.24 ECD50/2,B,3.0,model/model,68.3,1081.75,6.5e-07,1.0,5.561441719076273e-07,0.08873823589644592,0.02923187891530288
B,theta,ZAC,ZAC-Std-73 0.3 Theta,B,3.0,model/model,68.3,1065.05,5.9684,1.0,2.7851018196281014,0.007947667485342003,0.0065760140436253575
B,fraction,ZAC,ZAC-Std-73 0.3 f10,B,3.0,model/model,68.3,1065.05,0.265,1.0,0.1983446466253446,0.010901158828548068,0.0004419965864546632
B,radius,ZAC,ZAC-Std-73 0.3 ECD50/2,B,3.0,model/model,68.3,1065.05,6e-07,1.0,5.561441719076273e-07,0.08873823589644521,0.0063824713068738066
B,theta,ZAC,ZAC-Std-73 0.38 Theta,B,3.0,model/model,68.3,1037.25,6.107200000000001,1.0,2.7851018196281014,0.007947667485342444,0.007161978561082621
B,fraction,ZAC,ZAC-Std-73 0.38 f10,B,3.0,model/model,68.3,1037.25,0.091,1.0,0.1983446466253446,0.010901158828547971,0.0011463299154986348
B,radius,ZAC,ZAC-Std-73 0.38 ECD50/2,B,3.0,model/model,68.3,1037.25,5.5e-07,1.0,5.561441719076273e-07,0.08873823589644564,0.00012527400326879987
B,theta,ZAC,ZAC-Std-73 0.42 Theta,B,3.0,model/model,68.3,1021.05,0.40099999999999997,1.0,2.7851018196281014,0.007947667485342003,0.0036885671011883062
B,fraction,ZAC,ZAC-Std-73 0.42 f10,B,3.0,model/model,68.3,1021.05,0.028999999999999998,1.0,0.1983446466253446,0.010901158828548165,0.002852934423405193
B,theta,ZAC,ZAC-Std-73 0.75 Theta,B,3.0,model/model,68.5,837.05,0.7472,1.0,2.8070861791665536,0.007992484718618067,0.002769337609246026
B,fraction,ZAC,ZAC-Std-73 0.75 f10,B,3.0,model/model,68.5,837.05,0.068,1.0,0.20078735324072816,0.01096263092449272,0.001764242922348778
B,theta,ZAC,ZAC-Std-73 0.9725 Theta,B,3.0,model/model,95.3,670.8499999999999,2.5980000000000003,1.0,6.784553225504103,0.015261881090405816,0.02216753314290541
B,fraction,ZAC,ZAC-Std-73 0.9725 f10,B,3.0,model/model,95.3,670.8499999999999,0.198,1.0,0.6427281361671225,0.020933461307455877,0.03856216463248612
B,theta,ZAC,ZAC-Std-73 0.9775 Theta,B,3.0,model/model,100.1,666.55,4.644,1.0,7.730462763527393,0.019997616433113798,0.015939827605623517
B,fraction,ZAC,ZAC-Std-73 0.9775 f10,B,3.0,model/model,100.1,666.55,0.35100000000000003,1.0,0.7478291959474881,0.0274290781958139,0.040769130469171994
B,radius,ZAC,ZAC-Std-73 0.9775 ECD50/2,B,3.0,model/model,100.1,666.55,3e-07,1.0,2.1804863145004423e-07,0.039257907579005595,0.008870246249960068
B,theta,ZAC,ZAC-Std-73 0.9825 Theta,B,3.0,model/model,106.0,662.15,5.116399999999999,1.0,9.050840188080743,0.02796327583374549,0.036815115018112986
B,fraction,ZAC,ZAC-Std-73 0.9825 f10,B,3.0,model/model,106.0,662.15,0.40299999999999997,1.0,0.8945377986756381,0.03835491504801669,0.08946657190635031
B,radius,ZAC,ZAC-Std-73 0.9825 ECD50/2,B,3.0,model/model,106.0,662.15,3e-07,1.0,1.8623871276420304e-07,0.029878230036833042,0.01275854369781668
B,theta,ZAC,ZAC-Std-73 0.9875 Theta,B,3.0,model/model,113.6,657.55,9.524000000000001,1.0,10.0,0.0,0.0
B,fraction,ZAC,ZAC-Std-73 0.9875 f10,B,3.0,model/model,113.6,657.55,0.9440000000000001,1.0,0.999999999,0.0,0.0
B,radius,ZAC,ZAC-Std-73 0.9875 ECD50/2,B,3.0,model/model,113.6,657.55,3e-07,1.0,1.4891693258319672e-07,0.012799007078357178,0.009309073175036852
B,theta,ZAC,ZAC-Std-73 0.9925 Theta,B,3.0,model/model,123.7,652.95,10.0,1.0,10.0,0.0,0.0
B,fraction,ZAC,ZAC-Std-73 0.9925 f10,B,3.0,model/model,123.7,652.95,1.0,1.0,0.999999999,0.0,0.0
B,radius,ZAC,ZAC-Std-73 0.9925 ECD50/2,B,3.0,model/model,123.7,652.95,3e-07,1.0,1.1858385663998673e-07,0.003794231278876654,0.0039073948564084925
B,theta,ZAC,ZAC-Std-73 0.9975 Theta,B,3.0,model/model,138.6,648.15,10.0,1.0,10.0,0.0,0.0
B,fraction,ZAC,ZAC-Std-73 0.9975 f10,B,3.0,model/model,138.6,648.15,1.0,1.0,0.999999999,0.0,0.0
B,radius,ZAC,ZAC-Std-73 0.9975 ECD50/2,B,3.0,model/model,138.6,648.15,3.5e-07,1.0,9.937935066990256e-08,0.0031637688841067795,0.006210128228074751
B,theta,Cr,ZAC-Cr-63 0 Theta,B,2.0,model/model,60.2,1124.35,3.8979999999999997,1.0,1.952538721596106,0.011216068011537468,0.0034891575657561074
B,fraction,Cr,ZAC-Cr-63 0 f10,B,2.0,model/model,60.2,1124.35,0.016,1.0,0.10583763573290067,0.015384153784875735,0.0011434367925683899
B,radius,Cr,ZAC-Cr-63 0 ECD50/2,B,2.0,model/model,60.2,1124.35,5.5e-07,1.0,7.701165677979995e-07,0.4790282389449521,2.6555101077300916
B,theta,Cr,ZAC-Cr-63 0.3 Theta,B,2.0,model/model,60.2,1076.4499999999998,0.0214,1.0,1.952538721596106,0.011216068011535912,0.0034379720664026413
B,fraction,Cr,ZAC-Cr-63 0.3 f10,B,2.0,model/model,60.2,1076.4499999999998,0.001,1.0,0.10583763573290067,0.015384153784875735,0.0015571482823140928
B,theta,Cr,ZAC-Cr-63 0.5 Theta,B,2.0,model/model,60.2,994.25,0.0109,1.0,1.952538721596106,0.011216068011535912,0.0034754596320070138
B,fraction,Cr,ZAC-Cr-63 0.5 f10,B,2.0,model/model,60.2,994.25,0.001,1.0,0.10583763573290067,0.015384153784875735,0.0015571482823140928
B,theta,Cr,ZAC-Cr-63 0.7 Theta,B,2.0,model/model,60.2,877.65,0.0676,1.0,1.952538721596106,0.011216068011535912,0.0032754416848750924
B,fraction,Cr,ZAC-Cr-63 0.7 f10,B,2.0,model/model,60.2,877.65,0.004,1.0,0.10583763573290067,0.015384153784875735,0.0014693056572000604
B,theta,Cr,ZAC-Cr-63 0.9675 Theta,B,2.0,model/model,73.4,680.15,1.4416,1.0,3.3744252724552948,0.01071741048113096,0.0032875463930486914
B,fraction,Cr,ZAC-Cr-63 0.9675 f10,B,2.0,model/model,73.4,680.15,0.07,1.0,0.2638250302728105,0.014700186451057359,0.0050788025226613616
B,radius,Cr,ZAC-Cr-63 0.9675 ECD50/2,B,2.0,model/model,73.4,680.15,3e-07,1.0,4.67782607886846e-07,0.06481334400969406,0.06478455083472738
B,theta,Cr,ZAC-Cr-63 0.9725 Theta,B,2.0,model/model,75.7,675.95,2.7971,1.0,3.6623374022613393,0.013100884018444288,0.0008092136832260471
B,fraction,Cr,ZAC-Cr-63 0.9725 f10,B,2.0,model/model,75.7,675.95,0.14300000000000002,1.0,0.2958152669179266,0.01796940017216861,0.003884835124744736
B,radius,Cr,ZAC-Cr-63 0.9725 ECD50/2,B,2.0,model/model,75.7,675.95,3e-07,1.0,4.34824839280245e-07,0.06025302929238342,0.03851293216334943
B,theta,Cr,ZAC-Cr-63 0.9775 Theta,B,2.0,model/model,78.5,671.75,4.136,1.0,4.03453751345567,0.017050142082749128,1.459868853813183e-05
B,fraction,Cr,ZAC-Cr-63 0.9775 f10,B,2.0,model/model,78.5,671.75,0.239,1.0,0.3371708348284078,0.023386271158947647,0.0021097736443142427
B,radius,Cr,ZAC-Cr-63 0.9775 ECD50/2,B,2.0,model/model,78.5,671.75,3e-07,1.0,3.991046436601798e-07,0.055955166717152324,0.019149291394362007
B,theta,Cr,ZAC-Cr-63 0.9825 Theta,B,2.0,model/model,82.0,667.45,5.344600000000001,1.0,4.537595802520911,0.023834601791809715,0.0013090319162494973
B,fraction,Cr,ZAC-Cr-63 0.9825 f10,B,2.0,model/model,82.0,667.45,0.392,1.0,0.3930662002801012,0.03269195398862622,3.546046504455934e-07
B,radius,Cr,ZAC-Cr-63 0.9825 ECD50/2,B,2.0,model/model,82.0,667.45,3e-07,1.0,3.6003480134438636e-07,0.05111430315833292,0.006353756166463891
B,theta,Cr,ZAC-Cr-63 0.9875 Theta,B,2.0,model/model,86.5,663.05,8.512200000000002,1.0,5.255690737470806,0.03626852729272396,0.03327821620288202
B,fraction,Cr,ZAC-Cr-63 0.9875 f10,B,2.0,model/model,86.5,663.05,0.8009999999999999,1.0,0.47285452638564507,0.04974654226849686,0.05296297625577767
B,radius,Cr,ZAC-Cr-63 0.9875 ECD50/2,B,2.0,model/model,86.5,663.05,3.5e-07,1.0,3.171004707038512e-07,0.04500451260693882,0.0016586033462121122
B,theta,Cr,ZAC-Cr-63 0.9925 Theta,B,2.0,model/model,92.4,658.55,9.692200000000001,1.0,6.262227237157592,0.013030155258918662,0.01264621998195022
B,fraction,Cr,ZAC-Cr-63 0.9925 f10,B,2.0,model/model,92.4,658.55,0.9620000000000001,1.0,0.5846919152397325,0.017872387376559388,0.0235501952486838
B,radius,Cr,ZAC-Cr-63 0.9925 ECD50/2,B,2.0,model/model,92.4,658.55,3e-07,1.0,2.6917209520294756e-07,0.055110026695439185,0.00182165404807054
B,theta,Cr,ZAC-Cr-63 0.9975 Theta,B,2.0,model/model,101.1,654.05,10.0,1.0,7.941366024777096,0.02116737358656188,0.007523950670323102
B,fraction,Cr,ZAC-Cr-63 0.9975 f10,B,2.0,model/model,101.1,654.05,1.0,1.0,0.7712628916418995,0.02903353743420966,0.014385345966148464
B,radius,Cr,ZAC-Cr-63 0.9975 ECD50/2,B,2.0,model/model,101.1,654.05,2.5e-07,1.0,2.1225779303000803e-07,0.03750716362008593,0.001790950323119615
B,theta,ONO,ONO-Std-16 0 Theta,U,3.0,reported/model,15.4,1255.35,0.0,1.0,0.0,0.0,0.0
B,theta,ONO,ONO-Std-16 0.4 Theta,B,3.0,reported/model,15.4,1147.15,0.0,1.0,0.0,0.0,0.0
B,theta,ONO,ONO-Std-16 0.56 Theta,U,3.0,reported/model,15.4,1051.4499999999998,0.0,1.0,0.0,0.0,0.0
B,theta,ONO,ONO-Std-16 0.75 Theta,B,3.0,reported/model,15.4,910.55,0.0,1.0,0.0,0.0,0.0
B,theta,ONO,ONO-Std-16 0.9844 Theta,B,3.0,reported/model,17.1,700.55,0.0,1.0,0.0,0.0,0.0
B,theta,ONO,ONO-Std-16 0.996 Theta,B,3.0,reported/model,18.2,686.75,0.0,1.0,0.0,0.0,0.0
B,theta,ONO,ONO-Std-16 0.9987 Theta,B,3.0,reported/model,18.6,684.15,0.0,1.0,0.0,0.0,0.0
B,theta,ONO,ONO-Std-37 0 Theta,B,3.0,reported/model,35.3,1221.85,0.0,1.0,0.0,0.0,0.0
B,theta,ONO,ONO-Std-37 0.2 Theta,B,3.0,reported/model,35.3,1197.55,0.0,1.0,0.0,0.0,0.0
B,theta,ONO,ONO-Std-37 0.56 Theta,U,3.0,reported/model,35.3,1032.4499999999998,0.0,1.0,0.0,0.0,0.0
B,theta,ONO,ONO-Std-37 0.75 Theta,B,3.0,reported/model,35.3,900.15,0.0,1.0,0.0,0.0,0.0
B,theta,ONO,ONO-Std-37 0.9746 Theta,B,3.0,reported/model,44.1,668.3499999999999,0.0,1.0,0.0,0.02856967431451407,0.0
B,theta,ONO,ONO-Std-37 0.9947 Theta,B,3.0,reported/model,54.4,649.25,0.0,1.0,1.3941363209991655,0.024195037587962397,0.0039687003227655655
B,theta,ONO,ONO-Std-37 0.9982 Theta,B,3.0,reported/model,58.3,647.25,0.0,1.0,1.7686738058253637,0.013938841180055056,0.003603728128247907
B,fraction,NOI,NOI-Std-76 0.3 Xe area,B,2,reported/literature,72.4,1080.85,0.456949,1.0,0.25042488742197844,0.013588004589714384,0.0053178500622605394
B,fraction,NOI,NOI-Std-76 0.66 Xe area,B,2,reported/literature,77.3,1080.85,0.501143,1.0,0.3191044567431487,0.020861010768143447,0.006437673176108247
B,fraction,NOI,NOI-Std-76 0.97 Xe area,B,2,reported/literature,83.8,1080.85,0.531478,1.0,0.42383729306309387,0.03874971523376902,0.004338146346588802
B,fraction,NOI,NOI-LG-72 0.05 Xe area,B,1,reported/average,72.0,1023.4499999999999,0.16744,1.0,0.24514626057411354,0.013193950186932328,0.0007304303618850578
B,fraction,NOI,NOI-LG-72 0.47 Xe area,B,1,reported/average,72.0,1023.4499999999999,0.211633,1.0,0.24514626057411354,0.013193950186931985,0.00013586267578733478
B,fraction,NOI,NOI-LG-72 0.98 Xe area,B,1,reported/average,72.0,1023.4499999999999,0.26048899999999997,1.0,0.24514626057411354,0.013193950186932115,2.8475582418192847e-05
B,fraction,GER,GER-HBR-E02 0.63 Barani area,U,3,model/literature,64.7,977.75,0.15,1.0,0.15584126162655842,0.01107946094316015,3.451157007944623e-06
B,fraction,GER,GER-HBR-E02 0.82 Barani area,U,3,model/literature,71.2,845.4499999999999,0.41,1.0,0.23472367792641974,0.01249180650653799,0.003513548072997559
B,fraction,GER,GER-HBR-E02 0.94 Barani area,U,3,model/literature,88.4,747.75,0.54,1.0,0.5095813550109205,0.05906650012427077,0.0005511358590520556
B,fraction,GER,GER-HBR-E02 0.95 Barani area,U,3,model/literature,90.8,738.95,0.61,1.0,0.5542838296082285,0.016432504411432795,0.00047077511818052303
B,radius,GER,GER-HBR-E02 1 dA/2,B,3.0,model/model,149.0,692.15,3.2499999999999996e-07,1.0,9.328007389648974e-08,0.0035113772658100107,0.005896160691388491
B,radius,GER,GER-HBR-E02 0.97 dA/2,B,3,model/literature,101.4,720.8499999999999,3.5899999999999997e-07,1.0,2.105541759252604e-07,0.036995206637714335,0.027298216530765963
B,radius,GER,GER-HBR-E02 0.98 dA/2,B,3,model/literature,110.0,711.55,3.13e-07,1.0,1.6722331536222754e-07,0.02473339685473288,0.01716022363223904
B,fraction,GER,GER-HBR-E02 0.99 Barani area,U,3,model/literature,129.4,701.8499999999999,1.0,1.0,0.999999999,0.0,0.0
B,radius,GER,GER-HBR-E02 0.99 dA/2,B,3.0,model/literature,129.4,701.8499999999999,2.95e-07,1.0,1.0902384198723612e-07,0.0031040582343374043,0.003354706205282658
C,theta,ZAC,ZAC-Std-36 0.15 Theta,B,3.0,model/model,35.0,1146.55,0.1136,1.0,0.0,0.0,0.0
C,fraction,ZAC,ZAC-Std-36 0.15 f10,B,3.0,model/model,35.0,1146.55,0.011000000000000001,1.0,0.0,0.0,0.0
C,theta,ZAC,ZAC-Std-61 0 Theta,B,3.0,model/model,58.5,1196.55,0.5244000000000001,1.0,1.661346753580433,0.015445578479247137,0.0017874141950078987
C,fraction,ZAC,ZAC-Std-61 0 f10,B,3.0,model/model,58.5,1196.55,0.03,1.0,0.0734829726200481,0.0239206479933822,0.000516791244702907
C,theta,ZAC,ZAC-Std-61 0.14 Theta,B,3.0,model/model,58.5,1183.9499999999998,0.5484999999999999,1.0,1.661346753580433,0.015445578479248052,0.001712441235888442
C,fraction,ZAC,ZAC-Std-61 0.14 f10,B,3.0,model/model,58.5,1183.9499999999998,0.033,1.0,0.0734829726200481,0.0239206479933828,0.0004479416906841236
C,theta,ZAC,ZAC-Std-61 0.3 Theta,B,3.0,model/model,58.5,1139.25,0.8033999999999999,1.0,1.661346753580433,0.015445578479247346,0.0010178074401503642
C,fraction,ZAC,ZAC-Std-61 0.3 f10,B,3.0,model/model,58.5,1139.25,0.044000000000000004,1.0,0.0734829726200481,0.023920647993382522,0.00023758511799818068
C,theta,ZAC,ZAC-Std-61 0.5 Theta,B,3.0,model/model,58.5,1041.25,0.6026,1.0,1.661346753580433,0.015445578479246252,0.0015499908488603475
C,fraction,ZAC,ZAC-Std-61 0.5 f10,B,3.0,model/model,58.5,1041.25,0.052000000000000005,1.0,0.0734829726200481,0.02392064799338251,0.00012614366508078678
C,theta,ZAC,ZAC-Std-61 0.58 Theta,B,3.0,model/model,58.5,990.4499999999999,0.443,1.0,1.661346753580433,0.015445578479246252,0.002052517041256599
C,fraction,ZAC,ZAC-Std-61 0.58 f10,B,3.0,model/model,58.5,990.4499999999999,0.035,1.0,0.0734829726200481,0.023920647993382206,0.00040477522125489257
C,theta,ZAC,ZAC-Std-61 0.75 Theta,B,3.0,model/model,58.6,864.25,0.9528000000000001,1.0,1.6715631650121339,0.0152343558235638,0.000704287804639955
C,fraction,ZAC,ZAC-Std-61 0.75 f10,B,3.0,model/model,58.6,864.25,0.06,1.0,0.07461812944579266,0.02359352636426378,5.756906418056325e-05
C,theta,ZAC,ZAC-Std-61 0.86 Theta,B,3.0,model/model,59.5,771.8499999999999,0.7834000000000001,1.0,1.7634976387818109,0.013538143348763697,0.0011597314267507463
C,fraction,ZAC,ZAC-Std-61 0.86 f10,B,3.0,model/model,59.5,771.8499999999999,0.067,1.0,0.08483307097575676,0.02096659325287579,7.572846095313672e-05
C,theta,ZAC,ZAC-Std-61 0.9825 Theta,B,3.0,model/model,83.7,659.45,7.295,1.0,4.736626078873901,0.03369683152810759,0.020497954481775594
C,fraction,ZAC,ZAC-Std-61 0.9825 f10,B,3.0,model/model,83.7,659.45,0.621,1.0,0.41518067543043347,0.05218645883411606,0.02678911177228911
C,radius,ZAC,ZAC-Std-61 0.9825 ECD50/2,B,3.0,model/model,83.7,659.45,3e-07,1.0,3.444950407371004e-07,0.057067148017244045,0.004277006102660996
C,theta,ZAC,ZAC-Std-61 0.9875 Theta,B,3.0,model/model,88.9,654.3499999999999,8.7404,1.0,5.619098338263568,0.026171478825857016,0.0233321627290666
C,fraction,ZAC,ZAC-Std-61 0.9875 f10,B,3.0,model/model,88.9,654.3499999999999,0.833,1.0,0.513233148695952,0.040531905833173995,0.04900911248607962
C,radius,ZAC,ZAC-Std-61 0.9875 ECD50/2,B,3.0,model/model,88.9,654.3499999999999,3e-07,1.0,2.974866105984207e-07,0.06002518978125164,1.4444838394323595e-05
C,theta,ZAC,ZAC-Std-61 0.9925 Theta,B,3.0,model/model,95.8,649.25,9.865600000000002,1.0,6.8257689881686865,0.018553329916177825,0.015445698893642099
C,fraction,ZAC,ZAC-Std-61 0.9925 f10,B,3.0,model/model,95.8,649.25,0.9840000000000001,1.0,0.6473076653520763,0.028733638861522522,0.03758844836758467
C,radius,ZAC,ZAC-Std-61 0.9925 ECD50/2,B,3.0,model/model,95.8,649.25,3e-07,1.0,2.448964423706483e-07,0.05451189334621695,0.006232042716637857
C,theta,ZAC,ZAC-Std-61 0.9975 Theta,B,3.0,model/model,105.8,643.8499999999999,10.0,1.0,8.953721995453842,0.03293179828235321,0.0033451504610845675
C,fraction,ZAC,ZAC-Std-61 0.9975 f10,B,3.0,model/model,105.8,643.8499999999999,1.0,1.0,0.8837468883837603,0.051001647854088714,0.008331754608011378
C,radius,ZAC,ZAC-Std-61 0.9975 ECD50/2,B,3.0,model/model,105.8,643.8499999999999,3.5e-07,1.0,1.8669404103624749e-07,0.03423332175244111,0.03294584797752243
C,theta,ZAC,ZAC-Std-63 0 Theta,B,3.0,model/model,60.4,1164.15,0.7468999999999999,1.0,1.8555722307431353,0.01216563824641812,0.0013298210581924
C,fraction,ZAC,ZAC-Std-63 0 f10,B,3.0,model/model,60.4,1164.15,0.027999999999999997,1.0,0.09506358119368169,0.018840987438470905,0.0009582357153169085
C,theta,ZAC,ZAC-Std-63 1 Theta,U,3.0,model/model,121.0,677.45,10.0,0.25,10.0,0.0,0.0
C,fraction,ZAC,ZAC-Std-63 1 f10,U,3.0,model/model,121.0,677.45,1.0,0.25,0.999999999,0.0,0.0
C,radius,ZAC,ZAC-Std-63 1 ECD50/2,U,3.0,model/model,121.0,677.45,2.5e-07,0.25,1.2411166696865616e-07,0.0013279086732355828,0.0001775519198287299
C,theta,ZAC,ZAC-Std-73 0 Theta,B,3.0,model/model,68.3,1111.85,2.2656,1.0,2.696406973881647,0.00890323546379347,0.00014598270903149027
C,fraction,ZAC,ZAC-Std-73 0 f10,B,3.0,model/model,68.3,1111.85,0.011000000000000001,1.0,0.18848966376462745,0.013788487224209034,0.0048617948023007606
C,radius,ZAC,ZAC-Std-73 0 ECD50/2,B,3.0,model/model,68.3,1111.85,6.5e-07,1.0,5.688868618821448e-07,0.1053509179125192,0.02914790246472325
C,theta,ZAC,ZAC-Std-73 0.1 Theta,B,3.0,model/model,68.3,1106.55,0.7348000000000001,1.0,2.696406973881647,0.008903235463793697,0.0030266343893240923
C,fraction,ZAC,ZAC-Std-73 0.1 f10,B,3.0,model/model,68.3,1106.55,0.035,1.0,0.18848966376462745,0.01378848722420965,0.003635873469165223
C,theta,ZAC,ZAC-Std-73 0.24 Theta,B,3.0,model/model,68.3,1081.75,1.5508,1.0,2.696406973881647,0.008903235463793568,0.0010323031822291311
C,fraction,ZAC,ZAC-Std-73 0.24 f10,B,3.0,model/model,68.3,1081.75,0.08199999999999999,1.0,0.18848966376462745,0.013788487224209034,0.0017501102290477168
C,radius,ZAC,ZAC-Std-73 0.24 ECD50/2,B,3.0,model/model,68.3,1081.75,6.5e-07,1.0,5.688868618821448e-07,0.1053509179125192,0.02914790246472325
C,theta,ZAC,ZAC-Std-73 0.3 Theta,B,3.0,model/model,68.3,1065.05,5.9684,1.0,2.696406973881647,0.008903235463792484,0.008420942605391299
C,fraction,ZAC,ZAC-Std-73 0.3 f10,B,3.0,model/model,68.3,1065.05,0.265,1.0,0.18848966376462745,0.013788487224209342,0.0009034221049822015
C,radius,ZAC,ZAC-Std-73 0.3 ECD50/2,B,3.0,model/model,68.3,1065.05,6e-07,1.0,5.688868618821448e-07,0.1053509179125192,0.0042885703026746035
C,theta,ZAC,ZAC-Std-73 0.38 Theta,B,3.0,model/model,68.3,1037.25,6.107200000000001,1.0,2.696406973881647,0.008903235463793697,0.00915053952594559
C,fraction,ZAC,ZAC-Std-73 0.38 f10,B,3.0,model/model,68.3,1037.25,0.091,1.0,0.18848966376462745,0.013788487224209342,0.0014667889741334017
C,radius,ZAC,ZAC-Std-73 0.38 ECD50/2,B,3.0,model/model,68.3,1037.25,5.5e-07,1.0,5.688868618821448e-07,0.10535091791251877,0.00158031808008351
C,theta,ZAC,ZAC-Std-73 0.42 Theta,B,3.0,model/model,68.3,1021.05,0.40099999999999997,1.0,2.696406973881647,0.008903235463793655,0.0041443398535120505
C,fraction,ZAC,ZAC-Std-73 0.42 f10,B,3.0,model/model,68.3,1021.05,0.028999999999999998,1.0,0.18848966376462745,0.013788487224209034,0.003925686157251043
C,theta,ZAC,ZAC-Std-73 0.75 Theta,B,3.0,model/model,68.5,837.05,0.7472,1.0,2.7189065916389725,0.008970909009107388,0.003081544532540727
C,fraction,ZAC,ZAC-Std-73 0.75 f10,B,3.0,model/model,68.5,837.05,0.068,1.0,0.19098962129321917,0.01389329359698968,0.0023527095959073015
C,theta,ZAC,ZAC-Std-73 0.9725 Theta,B,3.0,model/model,95.3,670.8499999999999,2.5980000000000003,1.0,6.731857371278255,0.01803137778057207,0.02773095933367304
C,fraction,ZAC,ZAC-Std-73 0.9725 f10,B,3.0,model/model,95.3,670.8499999999999,0.198,1.0,0.6368730412531395,0.02792528886530337,0.06196553438621724
C,theta,ZAC,ZAC-Std-73 0.9775 Theta,B,3.0,model/model,100.1,666.55,4.644,1.0,7.679873663851511,0.023752876444811527,0.019933533511175574
C,fraction,ZAC,ZAC-Std-73 0.9775 f10,B,3.0,model/model,100.1,666.55,0.35100000000000003,1.0,0.7422081848723902,0.0367862037041903,0.0660586135376927
C,radius,ZAC,ZAC-Std-73 0.9775 ECD50/2,B,3.0,model/model,100.1,666.55,3e-07,1.0,2.1766068229930864e-07,0.0447688014586995,0.011196054819692181
C,theta,ZAC,ZAC-Std-73 0.9825 Theta,B,3.0,model/model,106.0,662.15,5.116399999999999,1.0,9.001635634737626,0.03330887409178759,0.04669167371685122
C,fraction,ZAC,ZAC-Std-73 0.9825 f10,B,3.0,model/model,106.0,662.15,0.40299999999999997,1.0,0.8890706260819585,0.05158562712792417,0.14750448349790543
C,radius,ZAC,ZAC-Std-73 0.9825 ECD50/2,B,3.0,model/model,106.0,662.15,3e-07,1.0,1.8570031152956504e-07,0.033908505202329166,0.015975491869927992
C,theta,ZAC,ZAC-Std-73 0.9875 Theta,B,3.0,model/model,113.6,657.55,9.524000000000001,1.0,10.0,0.0,0.0
C,fraction,ZAC,ZAC-Std-73 0.9875 f10,B,3.0,model/model,113.6,657.55,0.9440000000000001,1.0,0.999999999,0.0,0.0
C,radius,ZAC,ZAC-Std-73 0.9875 ECD50/2,B,3.0,model/model,113.6,657.55,3e-07,1.0,1.4850901582941273e-07,0.014798882533045128,0.01177727247747112
C,theta,ZAC,ZAC-Std-73 0.9925 Theta,B,3.0,model/model,123.7,652.95,10.0,1.0,10.0,0.0,0.0
C,fraction,ZAC,ZAC-Std-73 0.9925 f10,B,3.0,model/model,123.7,652.95,1.0,1.0,0.999999999,0.0,0.0
C,radius,ZAC,ZAC-Std-73 0.9925 ECD50/2,B,3.0,model/model,123.7,652.95,3e-07,1.0,1.1809008761300826e-07,0.004300393671304943,0.004831214166578053
C,theta,ZAC,ZAC-Std-73 0.9975 Theta,B,3.0,model/model,138.6,648.15,10.0,1.0,10.0,0.0,0.0
C,fraction,ZAC,ZAC-Std-73 0.9975 f10,B,3.0,model/model,138.6,648.15,1.0,1.0,0.999999999,0.0,0.0
C,radius,ZAC,ZAC-Std-73 0.9975 ECD50/2,B,3.0,model/model,138.6,648.15,3.5e-07,1.0,9.890687232627607e-08,0.0036943248175592075,0.007897898341477744
C,theta,Cr,ZAC-Cr-63 0 Theta,B,2.0,model/model,60.2,1124.35,3.8979999999999997,0.6666666666666666,1.8350879485207017,0.008297032906845872,0.0020770644870333763
C,fraction,Cr,ZAC-Cr-63 0 f10,B,2.0,model/model,60.2,1124.35,0.016,0.6666666666666666,0.09278754983563352,0.01284965816080271,0.0005642730931418204
C,radius,Cr,ZAC-Cr-63 0 ECD50/2,B,2.0,model/model,60.2,1124.35,5.5e-07,0.6666666666666666,8.10206121370952e-07,0.4464410970895271,2.2134629838283812
C,theta,Cr,ZAC-Cr-63 0.3 Theta,B,2.0,model/model,60.2,1076.4499999999998,0.0214,0.6666666666666666,1.8350879485207017,0.00829703290684582,0.0016055124912612673
C,fraction,Cr,ZAC-Cr-63 0.3 f10,B,2.0,model/model,60.2,1076.4499999999998,0.001,0.6666666666666666,0.09278754983563352,0.012849658160802746,0.0008062602993841852
C,theta,Cr,ZAC-Cr-63 0.5 Theta,B,2.0,model/model,60.2,994.25,0.0109,0.6666666666666666,1.8350879485207017,0.00829703290684582,0.0016241559176718113
C,fraction,Cr,ZAC-Cr-63 0.5 f10,B,2.0,model/model,60.2,994.25,0.001,0.6666666666666666,0.09278754983563352,0.012849658160802746,0.0008062602993841852
C,theta,Cr,ZAC-Cr-63 0.7 Theta,B,2.0,model/model,60.2,877.65,0.0676,0.6666666666666666,1.8350879485207017,0.008297032906846361,0.001524759952903033
C,fraction,Cr,ZAC-Cr-63 0.7 f10,B,2.0,model/model,60.2,877.65,0.004,0.6666666666666666,0.09278754983563352,0.012849658160801969,0.000754417691583107
C,theta,Cr,ZAC-Cr-63 0.9675 Theta,B,2.0,model/model,73.4,680.15,1.4416,0.6666666666666666,3.2970811195721215,0.008371869994475293,0.0016957696003597833
C,fraction,Cr,ZAC-Cr-63 0.9675 f10,B,2.0,model/model,73.4,680.15,0.07,0.6666666666666666,0.2552312355080135,0.012965558748951079,0.0033138879352501423
C,radius,Cr,ZAC-Cr-63 0.9675 ECD50/2,B,2.0,model/model,73.4,680.15,3e-07,0.6666666666666666,4.7438625932003947e-07,0.0511604501640545,0.038776988859768276
C,theta,Cr,ZAC-Cr-63 0.9725 Theta,B,2.0,model/model,75.7,675.95,2.7971,0.6666666666666666,3.5891202383036576,0.010361880374554976,0.0003839611366291229
C,fraction,Cr,ZAC-Cr-63 0.9725 f10,B,2.0,model/model,75.7,675.95,0.14300000000000002,0.6666666666666666,0.2876800264781842,0.016047498209428458,0.0025180188335230834
C,radius,Cr,ZAC-Cr-63 0.9725 ECD50/2,B,2.0,model/model,75.7,675.95,3e-07,0.6666666666666666,4.397262067201988e-07,0.04751629159065128,0.022944781326334828
C,theta,Cr,ZAC-Cr-63 0.9775 Theta,B,2.0,model/model,78.5,671.75,4.136,0.6666666666666666,3.9657073257528985,0.01360643317482783,2.3461983714130063e-05
C,fraction,Cr,ZAC-Cr-63 0.9775 f10,B,2.0,model/model,78.5,671.75,0.239,0.6666666666666666,0.3295230361947665,0.021072354062870263,0.0013077141989275155
C,radius,Cr,ZAC-Cr-63 0.9775 ECD50/2,B,2.0,model/model,78.5,671.75,3e-07,0.6666666666666666,4.0247489809724156e-07,0.0439926879172088,0.011342109047777401
C,theta,Cr,ZAC-Cr-63 0.9825 Theta,B,2.0,model/model,82.0,667.45,5.344600000000001,0.6666666666666666,4.473432644250904,0.01911403983728238,0.0008722633070020173
C,fraction,Cr,ZAC-Cr-63 0.9825 f10,B,2.0,model/model,82.0,667.45,0.392,0.6666666666666666,0.3859369604723227,0.02960201324239928,8.386582464808399e-06
C,radius,Cr,ZAC-Cr-63 0.9825 ECD50/2,B,2.0,model/model,82.0,667.45,3e-07,0.6666666666666666,3.6206815029145263e-07,0.039965568185415336,0.003748441500358621
C,theta,Cr,ZAC-Cr-63 0.9875 Theta,B,2.0,model/model,86.5,663.05,8.512200000000002,0.6666666666666666,5.196436662224713,0.029119013606891914,0.01964901050834627
C,fraction,Cr,ZAC-Cr-63 0.9875 f10,B,2.0,model/model,86.5,663.05,0.8009999999999999,0.6666666666666666,0.4662707402471903,0.045096768330236875,0.04021580780373444
C,radius,Cr,ZAC-Cr-63 0.9875 ECD50/2,B,2.0,model/model,86.5,663.05,3.5e-07,0.6666666666666666,3.180259489313426e-07,0.03491605731391226,0.000859985453182689
C,theta,Cr,ZAC-Cr-63 0.9925 Theta,B,2.0,model/model,92.4,658.55,9.692200000000001,0.6666666666666666,6.207789681497174,0.010207315134087276,0.007318306474827534
C,fraction,Cr,ZAC-Cr-63 0.9925 f10,B,2.0,model/model,92.4,658.55,0.9620000000000001,0.6666666666666666,0.5786432979441305,0.015808122214917626,0.01740642566364911
C,radius,Cr,ZAC-Cr-63 0.9925 ECD50/2,B,2.0,model/model,92.4,658.55,3e-07,0.6666666666666666,2.692756403505053e-07,0.04227033384601451,0.0009761492757820571
C,theta,Cr,ZAC-Cr-63 0.9975 Theta,B,2.0,model/model,101.1,654.05,10.0,0.6666666666666666,7.891101902130228,0.01677329717695,0.004464278391121691
C,fraction,Cr,ZAC-Cr-63 0.9975 f10,B,2.0,model/model,101.1,654.05,1.0,0.6666666666666666,0.7656779891255809,0.025976892869202173,0.010910825308070445
C,radius,Cr,ZAC-Cr-63 0.9975 ECD50/2,B,2.0,model/model,101.1,654.05,2.5e-07,0.6666666666666666,2.1183436259962064e-07,0.02848858377806429,0.0009865539543055153
C,theta,ONO,ONO-Std-16 0 Theta,U,3.0,reported/model,15.4,1255.35,0.0,0.25,0.0,0.0,0.0
C,theta,ONO,ONO-Std-16 0.4 Theta,B,3.0,reported/model,15.4,1147.15,0.0,1.0,0.0,0.0,0.0
C,theta,ONO,ONO-Std-16 0.56 Theta,U,3.0,reported/model,15.4,1051.4499999999998,0.0,0.25,0.0,0.0,0.0
C,theta,ONO,ONO-Std-16 0.75 Theta,B,3.0,reported/model,15.4,910.55,0.0,1.0,0.0,0.0,0.0
C,theta,ONO,ONO-Std-16 0.9844 Theta,B,3.0,reported/model,17.1,700.55,0.0,1.0,0.0,0.0,0.0
C,theta,ONO,ONO-Std-16 0.996 Theta,B,3.0,reported/model,18.2,686.75,0.0,1.0,0.0,0.0,0.0
C,theta,ONO,ONO-Std-16 0.9987 Theta,B,3.0,reported/model,18.6,684.15,0.0,1.0,0.0,0.0,0.0
C,theta,ONO,ONO-Std-37 0 Theta,B,3.0,reported/model,35.3,1221.85,0.0,1.0,0.0,0.0,0.0
C,theta,ONO,ONO-Std-37 0.2 Theta,B,3.0,reported/model,35.3,1197.55,0.0,1.0,0.0,0.0,0.0
C,theta,ONO,ONO-Std-37 0.56 Theta,U,3.0,reported/model,35.3,1032.4499999999998,0.0,0.25,0.0,0.0,0.0
C,theta,ONO,ONO-Std-37 0.75 Theta,B,3.0,reported/model,35.3,900.15,0.0,1.0,0.0,0.0,0.0
C,theta,ONO,ONO-Std-37 0.9746 Theta,B,3.0,reported/model,44.1,668.3499999999999,0.0,1.0,0.0,0.0,0.0
C,theta,ONO,ONO-Std-37 0.9947 Theta,B,3.0,reported/model,54.4,649.25,0.0,1.0,1.2358850491728508,0.03037273431133222,0.0042820391699597985
C,theta,ONO,ONO-Std-37 0.9982 Theta,B,3.0,reported/model,58.3,647.25,0.0,1.0,1.6409088251191013,0.01588296872007373,0.0038320159888328297
C,fraction,NOI,NOI-Std-76 0.3 Xe area,B,2,reported/literature,72.4,1080.85,0.456949,0.6666666666666666,0.24161276828086908,0.011899451373950735,0.004101489679691479
C,fraction,NOI,NOI-Std-76 0.66 Xe area,B,2,reported/literature,77.3,1080.85,0.501143,0.6666666666666666,0.31125643630924776,0.01873825877055042,0.005092496248768165
C,fraction,NOI,NOI-Std-76 0.97 Xe area,B,2,reported/literature,83.8,1080.85,0.531478,0.6666666666666666,0.4169411708963099,0.03511958739438305,0.0035914967986150244
C,fraction,NOI,NOI-LG-72 0.05 Xe area,B,1,reported/average,72.0,1023.4499999999999,0.16744,0.3333333333333333,0.23624327220978902,0.005759067378298808,0.00010007827713173797
C,fraction,NOI,NOI-LG-72 0.47 Xe area,B,1,reported/average,72.0,1023.4499999999999,0.211633,0.3333333333333333,0.23624327220978902,0.0057590673782988355,1.2804259534154552e-05
C,fraction,NOI,NOI-LG-72 0.98 Xe area,B,1,reported/average,72.0,1023.4499999999999,0.26048899999999997,0.3333333333333333,0.23624327220978902,0.005759067378298807,1.2427737847799328e-05
C,fraction,GER,GER-HBR-E02 0.63 Barani area,U,3,model/literature,64.7,977.75,0.15,0.25,0.14481055454279726,0.0034124278085389302,2.518189780811038e-07
C,fraction,GER,GER-HBR-E02 0.82 Barani area,U,3,model/literature,71.2,845.4499999999999,0.41,0.25,0.22563249369413166,0.004061811721986647,0.0003788242713746437
C,fraction,GER,GER-HBR-E02 0.94 Barani area,U,3,model/literature,88.4,747.75,0.54,0.25,0.503192908923063,0.02007314560821355,7.707350741399019e-05
C,fraction,GER,GER-HBR-E02 0.95 Barani area,U,3,model/literature,90.8,738.95,0.61,0.25,0.5481101860573848,0.005428710884120841,5.7210698024630185e-05
C,radius,GER,GER-HBR-E02 1 dA/2,B,3.0,model/model,149.0,692.15,3.2499999999999996e-07,1.0,9.282701026974999e-08,0.004140120118221924,0.007574114639565045
C,radius,GER,GER-HBR-E02 0.97 dA/2,B,3,model/literature,101.4,720.8499999999999,3.5899999999999997e-07,1.0,2.1012102096469228e-07,0.04213830954669149,0.03426338626470198
C,radius,GER,GER-HBR-E02 0.98 dA/2,B,3,model/literature,110.0,711.55,3.13e-07,1.0,1.669348522839396e-07,0.029014938491900674,0.022099465984711967
C,fraction,GER,GER-HBR-E02 0.99 Barani area,U,3,model/literature,129.4,701.8499999999999,1.0,0.25,0.999999999,0.0,0.0
C,radius,GER,GER-HBR-E02 0.99 dA/2,B,3.0,model/literature,129.4,701.8499999999999,2.95e-07,1.0,1.085331649781602e-07,0.0035571475576174592,0.004192685676056243
