Time (s),Average dC (atm/m^3)
0.0,0.0
10000.0,4.6853197348316544e+23
20000.0,8.760845498073556e+23
30000.0,1.2400912231779743e+24
40000.0,1.5693654148937845e+24
50000.0,1.8694638408923294e+24
60000.0,2.144317773122208e+24
70000.0,2.3969075892991483e+24
80000.0,2.6296037889813706e+24
90000.0,2.8443603553099764e+24
100000.0,3.0428257019823973e+24
110000.0,3.2264244031526284e+24
120000.0,3.396402061666728e+24
130000.0,3.5538694174251023e+24
140000.0,3.699807111694458e+24
150000.0,3.83511507691584e+24
160000.0,3.960604007937714e+24
170000.0,4.0770142583436905e+24
180000.0,4.185021581342385e+24
190000.0,4.285251069348535e+24
200000.0,4.3782761160169587e+24
210000.0,4.464616700791629e+24
220000.0,4.5447667959026624e+24
230000.0,4.6191757388751597e+24
240000.0,4.6882595965639494e+24
250000.0,4.7524022273272644e+24
260000.0,4.8119610952258684e+24
270000.0,4.867267771439971e+24
280000.0,4.918626689336784e+24
290000.0,4.96632409617774e+24
300000.0,5.010621619639209e+24
310000.0,5.05176485567726e+24
320000.0,5.089979179005032e+24
330000.0,5.125473256747724e+24
340000.0,5.158445159499826e+24
350000.0,5.189073649315392e+24
360000.0,5.217524846239368e+24
370000.0,5.243957283882651e+24
380000.0,5.268514128029589e+24
390000.0,5.291325391094116e+24
400000.0,5.312522932340713e+24
410000.0,5.332219501328609e+24
420000.0,5.350522112692553e+24
430000.0,5.367528281537655e+24
440000.0,5.383326188023605e+24
450000.0,5.398022857728218e+24
460000.0,5.411668791957155e+24
470000.0,5.424351682692712e+24
480000.0,5.436140029884931e+24
490000.0,5.447093857735312e+24
500000.0,5.457278588460495e+24
510000.0,5.466750680175007e+24
520000.0,5.475546357541517e+24
530000.0,5.48372502678196e+24
540000.0,5.491328762282776e+24
550000.0,5.498396853192175e+24
560000.0,5.504968176228956e+24
570000.0,5.51107791603654e+24
580000.0,5.516757950863172e+24
590000.0,5.522039337537873e+24
600000.0,5.526949556538664e+24
610000.0,5.531516127538777e+24
620000.0,5.535762089832336e+24
630000.0,5.539709311621249e+24
640000.0,5.543380055558573e+24
650000.0,5.546794763558183e+24
660000.0,5.549970938214942e+24
670000.0,5.552924377021044e+24
680000.0,5.555672668084582e+24
690000.0,5.558225252680537e+24
700000.0,5.560602158701374e+24
710000.0,5.562811870135439e+24
720000.0,5.564871176457643e+24
730000.0,5.566782742870195e+24
740000.0,5.568562772087517e+24
750000.0,5.570217791968251e+24
760000.0,5.571758747044899e+24
770000.0,5.573191925726616e+24
780000.0,5.574525499468633e+24
790000.0,5.575765132487185e+24
800000.0,5.576919891209474e+24
810000.0,5.577994948916621e+24
820000.0,5.578995396177087e+24
830000.0,5.579925686523289e+24
840000.0,5.580791784444013e+24
850000.0,5.58160376150056e+24
860000.0,5.582352112927755e+24
870000.0,5.583047991874593e+24
880000.0,5.583713890971098e+24
890000.0,5.584312742742002e+24
900000.0,5.584872937358592e+24
910000.0,5.585394567628701e+24
920000.0,5.585883748224408e+24
930000.0,5.586335036046563e+24
940000.0,5.586755553761217e+24
950000.0,5.587147231400361e+24
960000.0,5.587512672826556e+24
970000.0,5.587853862059094e+24
980000.0,5.588171369346918e+24
990000.0,5.588465998319544e+24
1000000.0,5.588738568518951e+24
1010000.0,5.588995121195801e+24
1020000.0,5.58923045852262e+24
1030000.0,5.589451987201682e+24
1040000.0,5.589656817775608e+24
1050000.0,5.589860499044189e+24
1060000.0,5.590036727289117e+24
1070000.0,5.590202123008435e+24
1080000.0,5.590356806780449e+24
1090000.0,5.590503766937684e+24
1100000.0,5.590638003147301e+24
1110000.0,5.590762738872377e+24
1120000.0,5.59088015582631e+24
1130000.0,5.590989692169378e+24
1140000.0,5.591091636776568e+24
1150000.0,5.591179547337762e+24
1160000.0,5.591267296911646e+24
1170000.0,5.59134490951494e+24
1180000.0,5.591421313541518e+24
1190000.0,5.591492892249674e+24
1200000.0,5.591559952003098e+24
1210000.0,5.59162590958232e+24
1220000.0,5.591685206712655e+24
1230000.0,5.59173688968959e+24
1240000.0,5.591787423628832e+24
1250000.0,5.591833619418731e+24
1260000.0,5.591877441902343e+24
1270000.0,5.591919043032223e+24
1280000.0,5.591957325647001e+24
1290000.0,5.59199176009173e+24
1300000.0,5.592023813453859e+24
1310000.0,5.592054713304406e+24
1320000.0,5.592083598164693e+24
1330000.0,5.592112525698238e+24
1340000.0,5.592136805226499e+24
1350000.0,5.592159581671473e+24
1360000.0,5.592180517819176e+24
1370000.0,5.592200928084845e+24
1380000.0,5.592219937195177e+24
1390000.0,5.592237498333906e+24
1400000.0,5.592254281612918e+24
1410000.0,5.592269642389503e+24
1420000.0,5.592286374735974e+24
1430000.0,5.592299387873186e+24
1440000.0,5.592311716931044e+24
1450000.0,5.592323052787826e+24
1460000.0,5.59233319061614e+24
1470000.0,5.592343312475764e+24
1480000.0,5.592350558226123e+24
1490000.0,5.59235907581284e+24
1500000.0,5.592367354617552e+24
1510000.0,5.592376132696145e+24
1520000.0,5.592379827206862e+24
1530000.0,5.592387036365252e+24
1540000.0,5.59239228873996e+24
1550000.0,5.592400159201824e+24
1560000.0,5.592405227911562e+24
1570000.0,5.592410299077986e+24
1580000.0,5.592410874634105e+24
1590000.0,5.592418583635175e+24
1600000.0,5.592420929914705e+24
1610000.0,5.592425026513887e+24
1620000.0,5.592428789396704e+24
1630000.0,5.59243276970114e+24
1640000.0,5.592436224596372e+24
1650000.0,5.592439096910961e+24
1660000.0,5.5924423965574e+24
1670000.0,5.592446840464412e+24
1680000.0,5.592447986692902e+24
1690000.0,5.592449538942893e+24
1700000.0,5.59245433013611e+24
1710000.0,5.592455803618681e+24
1720000.0,5.592457733257176e+24
1730000.0,5.592459367797534e+24
1740000.0,5.592461455905125e+24
1750000.0,5.59246408214814e+24
1760000.0,5.59246879220775e+24
1770000.0,5.592468244480422e+24
1780000.0,5.592468829237764e+24
1790000.0,5.592469915599169e+24
1800000.0,5.592471871214185e+24
1810000.0,5.592471862606045e+24
1820000.0,5.592471231508742e+24
1830000.0,5.59247087183305e+24
1840000.0,5.592466553495276e+24
1850000.0,5.592468252074007e+24
1860000.0,5.592469354254399e+24
1870000.0,5.592470640914451e+24
1880000.0,5.592471701098542e+24
1890000.0,5.592472172609622e+24
1900000.0,5.592473344299034e+24
1910000.0,5.592475322773256e+24
1920000.0,5.592476074157441e+24
1930000.0,5.592475467737866e+24
1940000.0,5.592475523229783e+24
1950000.0,5.59247616305596e+24
1960000.0,5.592477332163451e+24
1970000.0,5.592478176225342e+24
1980000.0,5.592480946564802e+24
1990000.0,5.592479983105928e+24
2000000.0,5.592482406597651e+24
2010000.0,5.592482475524303e+24
2020000.0,5.592482257806356e+24
2030000.0,5.592484387789491e+24
2040000.0,5.592483577026006e+24
2050000.0,5.592484195907402e+24
2060000.0,5.592484118572831e+24
2070000.0,5.592484993908888e+24
2080000.0,5.592484860148209e+24
2090000.0,5.592484626354658e+24
2100000.0,5.592485309792852e+24
2110000.0,5.592485743303597e+24
2120000.0,5.592486281339588e+24
2130000.0,5.592486039887168e+24
2140000.0,5.592486435279683e+24
2150000.0,5.592486597606501e+24
2160000.0,5.59248676689126e+24
2170000.0,5.592485286128877e+24
2180000.0,5.592485829607908e+24
2190000.0,5.592485512141906e+24
2200000.0,5.592486145702409e+24
2210000.0,5.592485750272313e+24
2220000.0,5.592485842309954e+24
2230000.0,5.592486498831308e+24
2240000.0,5.592486425990191e+24
2250000.0,5.592486359352808e+24
2260000.0,5.592486366004749e+24
2270000.0,5.59248454737279e+24
2280000.0,5.592485327876503e+24
2290000.0,5.592483537107601e+24
2300000.0,5.592484413075537e+24
2310000.0,5.59248461030605e+24
2320000.0,5.592490152947012e+24
2330000.0,5.592488880193731e+24
2340000.0,5.592487826431822e+24
2350000.0,5.592487974391981e+24
2360000.0,5.592487856092483e+24
2370000.0,5.592488167459096e+24
2380000.0,5.592488221887951e+24
2390000.0,5.592488694132408e+24
2400000.0,5.592487105153395e+24
2410000.0,5.592486017147151e+24
2420000.0,5.592486139586101e+24
2430000.0,5.592489015791565e+24
2440000.0,5.592487482977023e+24
2450000.0,5.592487476627371e+24
2460000.0,5.592487981045299e+24
2470000.0,5.592488024649105e+24
2480000.0,5.592488900116156e+24
2490000.0,5.592488291704478e+24
2500000.0,5.592487566375146e+24
2510000.0,5.59248717901959e+24
2520000.0,5.592487360812705e+24
2530000.0,5.592487394865306e+24
2540000.0,5.592488701321938e+24
2550000.0,5.592486928241756e+24
2560000.0,5.592486715291696e+24
2570000.0,5.592487651586618e+24
2580000.0,5.592484248236983e+24
2590000.0,5.592485064434153e+24
2600000.0,5.592484722313681e+24
2610000.0,5.592485155392388e+24
2620000.0,5.592486085358398e+24
2630000.0,5.592484531139104e+24
2640000.0,5.592484891041903e+24
2650000.0,5.592486244573872e+24
2660000.0,5.592485774925076e+24
2670000.0,5.59248472688043e+24
2680000.0,5.592484807332434e+24
2690000.0,5.592481809631773e+24
2700000.0,5.592482454791435e+24
2710000.0,5.592476715497801e+24
2720000.0,5.592476668193018e+24
2730000.0,5.592477653754504e+24
2740000.0,5.592478364051326e+24
2750000.0,5.592480121426953e+24
2760000.0,5.592479975188332e+24
2770000.0,5.592480535209507e+24
2780000.0,5.592480260615029e+24
2790000.0,5.592479970409158e+24
2800000.0,5.592480076215855e+24
2810000.0,5.592479551900479e+24
2820000.0,5.592478629721601e+24
2830000.0,5.592478958883515e+24
2840000.0,5.5924795369157e+24
2850000.0,5.592479083935058e+24
2860000.0,5.592479531123602e+24
2870000.0,5.592471457930237e+24
2880000.0,5.592472173454147e+24
2890000.0,5.592474075667773e+24
2900000.0,5.592478397231516e+24
2910000.0,5.592478281207988e+24
2920000.0,5.592477622275275e+24
2930000.0,5.5924770315273e+24
2940000.0,5.592478294044076e+24
2950000.0,5.592478423204901e+24
2960000.0,5.592478921295279e+24
2970000.0,5.592482793799427e+24
2980000.0,5.592481870176332e+24
2990000.0,5.592481540591103e+24
3000000.0,5.592480958068837e+24
3010000.0,5.592481388487627e+24
3020000.0,5.592481398905328e+24
3030000.0,5.592484103849185e+24
3040000.0,5.592482345983182e+24
3050000.0,5.592482599038383e+24
3060000.0,5.592477868613354e+24
3070000.0,5.592485202927122e+24
3080000.0,5.592483588676467e+24
3090000.0,5.592483195059424e+24
3100000.0,5.592483453119781e+24
3110000.0,5.592482390017968e+24
3120000.0,5.592482869300903e+24
3130000.0,5.59248351992955e+24
3140000.0,5.592483369468419e+24
3150000.0,5.592483764215534e+24
3160000.0,5.592483283910367e+24
3170000.0,5.592483990527991e+24
3180000.0,5.59248724975325e+24
3190000.0,5.592486821214318e+24
3200000.0,5.592497981160301e+24
3210000.0,5.592505423748519e+24
3220000.0,5.592499961650869e+24
3230000.0,5.592497241968298e+24
3240000.0,5.592491302223096e+24
3250000.0,5.592492254588246e+24
3260000.0,5.592490814985619e+24
3270000.0,5.592490414453992e+24
3280000.0,5.592489576083241e+24
3290000.0,5.592492479571715e+24
3300000.0,5.592488580006003e+24
3310000.0,5.592496405548463e+24
3320000.0,5.592492565310393e+24
3330000.0,5.592490840034206e+24
3340000.0,5.592488795536524e+24
3350000.0,5.592486901562238e+24
3360000.0,5.59248593087651e+24
3370000.0,5.592485424872297e+24
3380000.0,5.592484047964287e+24
3390000.0,5.592484472551519e+24
3400000.0,5.592483597348412e+24
3410000.0,5.592483086047e+24
3420000.0,5.592484431126309e+24
3430000.0,5.59248356125766e+24
3440000.0,5.592483810206725e+24
3450000.0,5.592485028057952e+24
3460000.0,5.592484302923744e+24
3470000.0,5.59248628097402e+24
3480000.0,5.592483786003776e+24
3490000.0,5.592483558789073e+24
3500000.0,5.592484550101858e+24
3510000.0,5.592484453716673e+24
3520000.0,5.592485298829642e+24
3530000.0,5.592485347031124e+24
3540000.0,5.592485316446169e+24
3550000.0,5.592482877870231e+24
3560000.0,5.592488873446925e+24
3570000.0,5.592488016912357e+24
3580000.0,5.592488237441207e+24
3590000.0,5.592488064377871e+24
3600000.0,5.592487723994493e+24
3610000.0,5.592486113382143e+24
3620000.0,5.592486586664546e+24
3630000.0,5.592486257305922e+24
3640000.0,5.592486201587384e+24
3650000.0,5.59248479712963e+24
3660000.0,5.592485546413325e+24
3670000.0,5.592486621736439e+24
3680000.0,5.592478806806043e+24
3690000.0,5.592479615712741e+24
3700000.0,5.592480094640704e+24
3710000.0,5.59247747219187e+24
3720000.0,5.592478591253709e+24
3730000.0,5.592478731709245e+24
3740000.0,5.592476531625422e+24
3750000.0,5.592477308622309e+24
3760000.0,5.59247777008447e+24
3770000.0,5.592477994307867e+24
3780000.0,5.592479475356115e+24
3790000.0,5.592477499212709e+24
3800000.0,5.592476529983511e+24
3810000.0,5.592477746733536e+24
3820000.0,5.592474211920967e+24
3830000.0,5.59247235090544e+24
3840000.0,5.592473985980257e+24
3850000.0,5.592473847117922e+24
3860000.0,5.592469027524005e+24
3870000.0,5.592469626155471e+24
3880000.0,5.592470997509197e+24
3890000.0,5.592466971896442e+24
3900000.0,5.592467536542121e+24
3910000.0,5.59246908758976e+24
3920000.0,5.592469319957551e+24
3930000.0,5.592469703983566e+24
3940000.0,5.59247142945284e+24
3950000.0,5.592471936629654e+24
3960000.0,5.59247102277763e+24
3970000.0,5.592471905169368e+24
3980000.0,5.592474373750888e+24
3990000.0,5.592474879460059e+24
4000000.0,5.592471629148355e+24
4010000.0,5.592472055624592e+24
4020000.0,5.59247311900142e+24
4030000.0,5.592473180255484e+24
4040000.0,5.592473439857394e+24
4050000.0,5.592474447000343e+24
4060000.0,5.592475270633433e+24
4070000.0,5.592477166807727e+24
4080000.0,5.592477689370168e+24
4090000.0,5.592477610473395e+24
4100000.0,5.592478236059995e+24
4110000.0,5.592478626268272e+24
4120000.0,5.592478961251859e+24
4130000.0,5.592479822589385e+24
4140000.0,5.592481193985625e+24
4150000.0,5.59248047578364e+24
4160000.0,5.592481113593984e+24
4170000.0,5.592485438777373e+24
4180000.0,5.592484614235282e+24
4190000.0,5.59248241333952e+24
4200000.0,5.592482014102939e+24
4210000.0,5.592482575587119e+24
4220000.0,5.592481634644776e+24
4230000.0,5.592482363919373e+24
4240000.0,5.592483544121235e+24
4250000.0,5.592483664584807e+24
4260000.0,5.592483692793753e+24
4270000.0,5.59248323211631e+24
4280000.0,5.592483066307474e+24
4290000.0,5.592483398020997e+24
4300000.0,5.592483198063269e+24
4310000.0,5.59248478651567e+24
4320000.0,5.592484716242019e+24
4330000.0,5.592485093262848e+24
4340000.0,5.59248546956475e+24
4350000.0,5.592483764952614e+24
4360000.0,5.592483999450366e+24
4370000.0,5.592482037415669e+24
4380000.0,5.592484999997016e+24
4390000.0,5.592483819890716e+24
4400000.0,5.592484100733085e+24
4410000.0,5.592483056296213e+24
4420000.0,5.592483234886646e+24
4430000.0,5.592483517413099e+24
4440000.0,5.592484124387833e+24
4450000.0,5.592485268896852e+24
4460000.0,5.59248458336265e+24
4470000.0,5.592483806140684e+24
4480000.0,5.592484190776191e+24
4490000.0,5.592484348694491e+24
4500000.0,5.5924826807522e+24
4510000.0,5.5924840569541e+24
4520000.0,5.592483210031326e+24
4530000.0,5.592482926462902e+24
4540000.0,5.592486367448502e+24
4550000.0,5.592486773520157e+24
4560000.0,5.592486117950649e+24
4570000.0,5.592486134608351e+24
4580000.0,5.592487017360296e+24
4590000.0,5.592484803381267e+24
4600000.0,5.592484701431022e+24
4610000.0,5.592484591110415e+24
4620000.0,5.592484878527482e+24
4630000.0,5.592485723204644e+24
4640000.0,5.592487081386641e+24
4650000.0,5.592485417816458e+24
4660000.0,5.592485785464565e+24
4670000.0,5.59248513158158e+24
4680000.0,5.592485001841112e+24
4690000.0,5.592484531198658e+24
4700000.0,5.592483413100621e+24
4710000.0,5.592483365969273e+24
4720000.0,5.592479559402055e+24
4730000.0,5.592481934936458e+24
4740000.0,5.592481939532848e+24
4750000.0,5.592474911557966e+24
4760000.0,5.592475032103474e+24
4770000.0,5.592477250071683e+24
4780000.0,5.592477520713872e+24
4790000.0,5.592477152244798e+24
4800000.0,5.592476876158789e+24
4810000.0,5.592477385258336e+24
4820000.0,5.592478404930268e+24
4830000.0,5.592478827778825e+24
4840000.0,5.592477776786012e+24
4850000.0,5.59247866890294e+24
4860000.0,5.592479543576216e+24
4870000.0,5.592480235121945e+24
4880000.0,5.592480561611689e+24
4890000.0,5.592480604113207e+24
4900000.0,5.592481204511125e+24
4910000.0,5.592480776764446e+24
4920000.0,5.592481169354994e+24
4930000.0,5.592481097622129e+24
4940000.0,5.59248144050857e+24
4950000.0,5.592481557378169e+24
4960000.0,5.592481825848987e+24
4970000.0,5.59247870258656e+24
4980000.0,5.592479057161665e+24
4990000.0,5.592486158133138e+24
5000000.0,5.592485234489154e+24
5010000.0,5.592484628967174e+24
5020000.0,5.592484224468141e+24
5030000.0,5.592483637225282e+24
5040000.0,5.592483639108588e+24
5050000.0,5.592482670476607e+24
5060000.0,5.59248286745835e+24
5070000.0,5.59248425680689e+24
5080000.0,5.592484290887414e+24
5090000.0,5.592485527835999e+24
5100000.0,5.592484934578513e+24
5110000.0,5.59248473453674e+24
5120000.0,5.592484534146383e+24
5130000.0,5.592484301138815e+24
5140000.0,5.592484210970712e+24
5150000.0,5.592484956495462e+24
5160000.0,5.592486356090506e+24
5170000.0,5.592489420981417e+24
5180000.0,5.592487879344341e+24
5190000.0,5.592488359050207e+24
5200000.0,5.592487797777763e+24
5210000.0,5.592487588228126e+24
5220000.0,5.592487596254717e+24
5230000.0,5.592487813369943e+24
5240000.0,5.592490984275505e+24
5250000.0,5.592490678080303e+24
5260000.0,5.592490260868073e+24
5270000.0,5.592490656419455e+24
5280000.0,5.592490925780131e+24
5290000.0,5.592488502968259e+24
5300000.0,5.592488756509004e+24
5310000.0,5.592488498488627e+24
5320000.0,5.592488554555741e+24
5330000.0,5.592488385373841e+24
5340000.0,5.592488505705062e+24
5350000.0,5.592488088371579e+24
5360000.0,5.59248872505991e+24
5370000.0,5.592488769124579e+24
5380000.0,5.592490351284283e+24
5390000.0,5.592490803592069e+24
5400000.0,5.592493380223187e+24
5410000.0,5.592492209406311e+24
5420000.0,5.592492529092517e+24
5430000.0,5.592491236268843e+24
5440000.0,5.592491579254229e+24
5450000.0,5.592490115776497e+24
5460000.0,5.592489257818003e+24
5470000.0,5.592486333844124e+24
5480000.0,5.592487722567442e+24
5490000.0,5.592494851782861e+24
5500000.0,5.592491995161462e+24
5510000.0,5.59249130277678e+24
5520000.0,5.592491535069282e+24
5530000.0,5.592487451768268e+24
5540000.0,5.592487493944258e+24
5550000.0,5.592488248472843e+24
5560000.0,5.592486842885163e+24
5570000.0,5.59248740309709e+24
5580000.0,5.592482154653301e+24
5590000.0,5.592482123322488e+24
5600000.0,5.592483334181752e+24
5610000.0,5.592482613704077e+24
5620000.0,5.592483291145493e+24
5630000.0,5.592487716737538e+24
5640000.0,5.592486058886777e+24
5650000.0,5.592484992488008e+24
5660000.0,5.592482359047153e+24
5670000.0,5.59248289734171e+24
5680000.0,5.592482480988811e+24
5690000.0,5.592483091134423e+24
5700000.0,5.592483389903841e+24
5710000.0,5.59248434442743e+24
5720000.0,5.592484478807787e+24
5730000.0,5.59248434643038e+24
5740000.0,5.59248237606753e+24
5750000.0,5.592485184710924e+24
5760000.0,5.592484981366351e+24
5770000.0,5.592482356962796e+24
5780000.0,5.592481360511284e+24
5790000.0,5.592480606617028e+24
5800000.0,5.592477819744218e+24
5810000.0,5.592478548268965e+24
5820000.0,5.592478269983068e+24
5830000.0,5.592479358171506e+24
5840000.0,5.592477644173388e+24
5850000.0,5.592478494433461e+24
5860000.0,5.592480176416067e+24
5870000.0,5.59247872414955e+24
5880000.0,5.592479171342283e+24
5890000.0,5.592479135795485e+24
5900000.0,5.592478878468222e+24
5910000.0,5.592475504979194e+24
5920000.0,5.592476788607139e+24
5930000.0,5.592479517710675e+24
5940000.0,5.592480212518539e+24
5950000.0,5.592480692744279e+24
5960000.0,5.592481066870964e+24
5970000.0,5.592481152977957e+24
5980000.0,5.592481707727272e+24
5990000.0,5.592482566562315e+24
6000000.0,5.592488706288848e+24
6010000.0,5.59248555901786e+24
6020000.0,5.592485370403875e+24
6030000.0,5.592486473930904e+24
6040000.0,5.592488362302811e+24
6050000.0,5.592487447375321e+24
6060000.0,5.592486857950669e+24
6070000.0,5.592486568183855e+24
6080000.0,5.592486707893358e+24
6090000.0,5.592486673866655e+24
6100000.0,5.592488033307586e+24
6110000.0,5.592487499775662e+24
6120000.0,5.592491904082075e+24
6130000.0,5.592490394533943e+24
6140000.0,5.592490127844287e+24
6150000.0,5.592488157527943e+24
6160000.0,5.592490276677192e+24
6170000.0,5.592487984246863e+24
6180000.0,5.592487936075277e+24
6190000.0,5.592487296197383e+24
6200000.0,5.592488542901037e+24
6210000.0,5.59248718329925e+24
6220000.0,5.592487896397165e+24
6230000.0,5.592485170391457e+24
6240000.0,5.592485169259306e+24
6250000.0,5.592484646437061e+24
6260000.0,5.592484743497263e+24
6270000.0,5.592485066903722e+24
6280000.0,5.592485243881084e+24
6290000.0,5.592486143740498e+24
6300000.0,5.59248923046991e+24
6310000.0,5.592487765252486e+24
6320000.0,5.592487618093489e+24
6330000.0,5.592487721961439e+24
6340000.0,5.592487716084196e+24
6350000.0,5.592487439941025e+24
6360000.0,5.592487420239029e+24
6370000.0,5.592488022793259e+24
6380000.0,5.59248735131367e+24
6390000.0,5.592484744818285e+24
6400000.0,5.592484432448497e+24
6410000.0,5.592483436463159e+24
6420000.0,5.592484152814098e+24
6430000.0,5.592486347096835e+24
6440000.0,5.592484010881726e+24
6450000.0,5.59248416703031e+24
6460000.0,5.592484068311605e+24
6470000.0,5.592485746019321e+24
6480000.0,5.592485618936433e+24
6490000.0,5.592485455778789e+24
6500000.0,5.592478068390968e+24
6510000.0,5.592479415803443e+24
6520000.0,5.592479864523288e+24
6530000.0,5.59248071808612e+24
6540000.0,5.592481341060617e+24
6550000.0,5.592482657026943e+24
6560000.0,5.59248305790001e+24
6570000.0,5.592482200792245e+24
6580000.0,5.592483694071701e+24
6590000.0,5.592483916006599e+24
6600000.0,5.592483893168924e+24
6610000.0,5.592482883583496e+24
6620000.0,5.592483554618751e+24
6630000.0,5.592483874175909e+24
6640000.0,5.592484570154499e+24
6650000.0,5.592484528629792e+24
6660000.0,5.592486221185263e+24
6670000.0,5.592489680959774e+24
6680000.0,5.592487703330195e+24
6690000.0,5.592488965356474e+24
6700000.0,5.592488332306939e+24
6710000.0,5.59249340946991e+24
6720000.0,5.59249156677618e+24
6730000.0,5.592489695159735e+24
6740000.0,5.592490042372796e+24
6750000.0,5.592490559064429e+24
6760000.0,5.592489498359655e+24
6770000.0,5.592486008509113e+24
6780000.0,5.592485564592126e+24
6790000.0,5.592485202453492e+24
6800000.0,5.59248495298183e+24
6810000.0,5.592485401344489e+24
6820000.0,5.592486995559881e+24
6830000.0,5.592486167029586e+24
6840000.0,5.592486033588283e+24
6850000.0,5.592486110219176e+24
6860000.0,5.592487098837191e+24
6870000.0,5.592487652530194e+24
6880000.0,5.592487010522471e+24
6890000.0,5.592487524698739e+24
6900000.0,5.592484124530886e+24
6910000.0,5.592484515463908e+24
6920000.0,5.592484903160626e+24
6930000.0,5.592485670300179e+24
6940000.0,5.592487022609142e+24
6950000.0,5.592486583089656e+24
6960000.0,5.592491664788714e+24
6970000.0,5.592490890603987e+24
6980000.0,5.592488809389924e+24
6990000.0,5.592487659046234e+24
7000000.0,5.59248549235526e+24
7010000.0,5.592484356899479e+24
7020000.0,5.592483573921686e+24
7030000.0,5.592483856110011e+24
7040000.0,5.592484011183719e+24
7050000.0,5.592484134799092e+24
7060000.0,5.592483403854197e+24
7070000.0,5.592481727651582e+24
7080000.0,5.592481462600891e+24
7090000.0,5.592482887929474e+24
7100000.0,5.592483092373648e+24
7110000.0,5.592482634531485e+24
7120000.0,5.592479344745581e+24
7130000.0,5.592480638690722e+24
7140000.0,5.592478454176088e+24
7150000.0,5.592477872522762e+24
7160000.0,5.592478799205595e+24
7170000.0,5.592478623358086e+24
7180000.0,5.59247906573843e+24
7190000.0,5.592479311115443e+24
7200000.0,5.592479126922874e+24
7210000.0,5.592479265122791e+24
7220000.0,5.592479165097081e+24
7230000.0,5.592479489676429e+24
7240000.0,5.59247791737561e+24
7250000.0,5.59247851275037e+24
7260000.0,5.592478811466337e+24
7270000.0,5.592480245914913e+24
7280000.0,5.592479207342407e+24
7290000.0,5.592479899673777e+24
7300000.0,5.592481082278379e+24
7310000.0,5.59248110500802e+24
7320000.0,5.592481913589672e+24
7330000.0,5.592483164084351e+24
7340000.0,5.592482322082811e+24
7350000.0,5.592482334872744e+24
7360000.0,5.592483009819992e+24
7370000.0,5.592484006122445e+24
7380000.0,5.592484414265176e+24
7390000.0,5.592483026868738e+24
7400000.0,5.592482931882142e+24
7410000.0,5.592485676721396e+24
7420000.0,5.592483413009238e+24
7430000.0,5.592483699550878e+24
7440000.0,5.59248442312881e+24
7450000.0,5.592483398238049e+24
7460000.0,5.592483972660684e+24
7470000.0,5.592483901032612e+24
7480000.0,5.592485009166135e+24
7490000.0,5.59248363110595e+24
7500000.0,5.592483194150625e+24
7510000.0,5.592488647574963e+24
7520000.0,5.592487288441072e+24
7530000.0,5.5924862125608e+24
7540000.0,5.592485719517511e+24
7550000.0,5.592484799346153e+24
7560000.0,5.592485948160811e+24
7570000.0,5.592485563984237e+24
7580000.0,5.592484850171442e+24
7590000.0,5.592484132117974e+24
7600000.0,5.592484928052795e+24
7610000.0,5.59248527434588e+24
7620000.0,5.592485289657559e+24
7630000.0,5.592486003719273e+24
7640000.0,5.592485131397822e+24
7650000.0,5.592484618685057e+24
7660000.0,5.592484302063248e+24
7670000.0,5.592484291756007e+24
7680000.0,5.592484679892392e+24
7690000.0,5.592483227437486e+24
7700000.0,5.592482976671648e+24
7710000.0,5.592484044186031e+24
7720000.0,5.592482969350684e+24
7730000.0,5.59248361243816e+24
7740000.0,5.59248347592556e+24
7750000.0,5.592484990756894e+24
7760000.0,5.592484873402841e+24
7770000.0,5.592484432837135e+24
7780000.0,5.592486533078093e+24
7790000.0,5.592486204629293e+24
7800000.0,5.592486215540608e+24
7810000.0,5.592486176867905e+24
7820000.0,5.59248575459657e+24
7830000.0,5.592485811932334e+24
7840000.0,5.592486867335955e+24
7850000.0,5.592486461412212e+24
7860000.0,5.592484939759555e+24
7870000.0,5.592485020630789e+24
7880000.0,5.592485058524147e+24
7890000.0,5.592485803681682e+24
7900000.0,5.592488108036117e+24
7910000.0,5.592487490443326e+24
7920000.0,5.592487318641546e+24
7930000.0,5.59248731140726e+24
7940000.0,5.592488506685702e+24
7950000.0,5.592490525807493e+24
7960000.0,5.592488360131291e+24
7970000.0,5.592490891579001e+24
7980000.0,5.592489158471735e+24
7990000.0,5.592486774441066e+24
8000000.0,5.592486459964241e+24
8010000.0,5.592486291971039e+24
8020000.0,5.592486455544e+24
8030000.0,5.592483630370563e+24
8040000.0,5.592480296099189e+24
8050000.0,5.592483761732777e+24
8060000.0,5.592482982846489e+24
8070000.0,5.592482335734782e+24
8080000.0,5.592482342235741e+24
8090000.0,5.592482997318512e+24
8100000.0,5.592483213209363e+24
8110000.0,5.59248325620368e+24
8120000.0,5.592482175043337e+24
8130000.0,5.592482504477396e+24
8140000.0,5.592483042683414e+24
8150000.0,5.592480986002377e+24
8160000.0,5.592481693335052e+24
8170000.0,5.592483160392269e+24
8180000.0,5.592482943168432e+24
8190000.0,5.592485818510634e+24
8200000.0,5.592484449504891e+24
8210000.0,5.592483717668986e+24
8220000.0,5.5924822692596e+24
8230000.0,5.592482538002909e+24
8240000.0,5.592482632353094e+24
8250000.0,5.592482367000949e+24
8260000.0,5.592484139550215e+24
8270000.0,5.592484539022107e+24
8280000.0,5.592481596820847e+24
8290000.0,5.592481312775541e+24
8300000.0,5.592480339227928e+24
8310000.0,5.592479699345448e+24
8320000.0,5.592478589584714e+24
8330000.0,5.592482178090244e+24
8340000.0,5.592481031817576e+24
8350000.0,5.592481114276983e+24
8360000.0,5.59248119123062e+24
8370000.0,5.592481501112002e+24
8380000.0,5.592483212517847e+24
8390000.0,5.592482102647581e+24
8400000.0,5.592480476226547e+24
8410000.0,5.592478219774919e+24
8420000.0,5.592479297354944e+24
8430000.0,5.592479346933037e+24
8440000.0,5.592480200108723e+24
8450000.0,5.59248055317498e+24
8460000.0,5.592481501457242e+24
8470000.0,5.592480613445391e+24
8480000.0,5.592480999564985e+24
8490000.0,5.592481654624916e+24
8500000.0,5.592479256421956e+24
8510000.0,5.592479267150148e+24
8520000.0,5.592478698121602e+24
8530000.0,5.592482366513613e+24
8540000.0,5.59248331363379e+24
8550000.0,5.592481239243032e+24
8560000.0,5.592480719066816e+24
8570000.0,5.592483855363825e+24
8580000.0,5.592482041765382e+24
8590000.0,5.592481286049563e+24
8600000.0,5.592481169438033e+24
8610000.0,5.592481271882609e+24
8620000.0,5.592481868494191e+24
8630000.0,5.592475667155445e+24
8640000.0,5.592475797499692e+24
8650000.0,5.592476044220091e+24
8660000.0,5.592476526766739e+24
8670000.0,5.592477561180092e+24
8680000.0,5.592475597294954e+24
8690000.0,5.592477711772948e+24
8700000.0,5.592477302628863e+24
8710000.0,5.592477218095875e+24
8720000.0,5.592477394362443e+24
8730000.0,5.592476861415089e+24
8740000.0,5.592478914381504e+24
8750000.0,5.592478070287811e+24
8760000.0,5.592477810772901e+24
8770000.0,5.592479230162854e+24
8780000.0,5.592479436250871e+24
8790000.0,5.592480264221082e+24
8800000.0,5.592480743480236e+24
8810000.0,5.592478896529681e+24
8820000.0,5.592478783293514e+24
8830000.0,5.592479228523414e+24
8840000.0,5.592479923983735e+24
8850000.0,5.592480128398424e+24
8860000.0,5.592480252104371e+24
8870000.0,5.592487774297308e+24
8880000.0,5.592486237746722e+24
8890000.0,5.592488957372825e+24
8900000.0,5.592488879021347e+24
8910000.0,5.592487377192101e+24
8920000.0,5.592486776645911e+24
8930000.0,5.592486675060944e+24
8940000.0,5.592488204675078e+24
8950000.0,5.592488107424912e+24
8960000.0,5.592487985265812e+24
8970000.0,5.592490638382347e+24
8980000.0,5.592489079358959e+24
8990000.0,5.592487551907425e+24
9000000.0,5.592488384593473e+24
9010000.0,5.592488076509706e+24
9020000.0,5.592488004514587e+24
9030000.0,5.592486625963481e+24
9040000.0,5.59248649479733e+24
9050000.0,5.592487777691217e+24
9060000.0,5.592484573098465e+24
9070000.0,5.592483898616851e+24
9080000.0,5.592483150878077e+24
9090000.0,5.592483089604113e+24
9100000.0,5.592480963613182e+24
9110000.0,5.592480964832779e+24
9120000.0,5.592479209950538e+24
9130000.0,5.592478602590291e+24
9140000.0,5.592478538738407e+24
9150000.0,5.592476230573079e+24
9160000.0,5.592468151237761e+24
9170000.0,5.592468480538075e+24
9180000.0,5.592470111089514e+24
9190000.0,5.592470130482013e+24
9200000.0,5.592470355537373e+24
9210000.0,5.592471682702089e+24
9220000.0,5.59247192033408e+24
9230000.0,5.592471994027088e+24
9240000.0,5.592472554110135e+24
9250000.0,5.592472411183477e+24
9260000.0,5.592471202041596e+24
9270000.0,5.592472701557816e+24
9280000.0,5.592472377731036e+24
9290000.0,5.592471416595166e+24
9300000.0,5.592470791395059e+24
9310000.0,5.592471486886895e+24
9320000.0,5.592472229007547e+24
9330000.0,5.592471644193216e+24
9340000.0,5.592470295980235e+24
9350000.0,5.592471390708483e+24
9360000.0,5.592472108957134e+24
9370000.0,5.59247341717317e+24
9380000.0,5.592474148045255e+24
9390000.0,5.592473547398276e+24
9400000.0,5.592475425535395e+24
9410000.0,5.592477786145226e+24
9420000.0,5.592473733207151e+24
9430000.0,5.592475059877189e+24
9440000.0,5.592474617366303e+24
9450000.0,5.592474281328454e+24
9460000.0,5.592472922829874e+24
9470000.0,5.592472022556889e+24
9480000.0,5.59247218341982e+24
9490000.0,5.59247242214348e+24
9500000.0,5.592473354958154e+24
9510000.0,5.592479157945714e+24
9520000.0,5.592477621126121e+24
9530000.0,5.592476953544084e+24
9540000.0,5.592477274845329e+24
9550000.0,5.592479493971984e+24
9560000.0,5.592479551508179e+24
9570000.0,5.592480418492464e+24
9580000.0,5.592482722112864e+24
9590000.0,5.59248261701376e+24
9600000.0,5.592482980248489e+24
9610000.0,5.592483440571877e+24
9620000.0,5.592480861824355e+24
9630000.0,5.592482408742407e+24
9640000.0,5.592482375524375e+24
9650000.0,5.592482422937569e+24
9660000.0,5.592485034553103e+24
9670000.0,5.592499862301684e+24
9680000.0,5.592494950664185e+24
9690000.0,5.592493096721899e+24
9700000.0,5.592491744986155e+24
9710000.0,5.592491026189995e+24
9720000.0,5.592490652195897e+24
9730000.0,5.592490803313534e+24
9740000.0,5.592490009168292e+24
9750000.0,5.592489665735585e+24
9760000.0,5.592488765586622e+24
9770000.0,5.59248824709154e+24
9780000.0,5.592488694549786e+24
9790000.0,5.592488677101149e+24
9800000.0,5.592489717720616e+24
9810000.0,5.59248959589783e+24
9820000.0,5.592489445985843e+24
9830000.0,5.592493301610579e+24
9840000.0,5.592492295265794e+24
9850000.0,5.59249147386743e+24
9860000.0,5.592494643986576e+24
9870000.0,5.592493495758321e+24
9880000.0,5.592492640936341e+24
9890000.0,5.592492623274234e+24
9900000.0,5.592492075952924e+24
9910000.0,5.592489718114375e+24
9920000.0,5.592489025225354e+24
9930000.0,5.592487525777709e+24
9940000.0,5.592487502318267e+24
9950000.0,5.592487931792115e+24
9960000.0,5.592488530430956e+24
9970000.0,5.592488695689384e+24
9980000.0,5.592490807475575e+24
9990000.0,5.59249051745954e+24
10000000.0,5.592489017218908e+24
