label,f_n,case,Sd_1600_percent,Rd_1600_nm,Nd_1600_m-3
FN_1e-7,1e-07,AP3.2,8.78703532775411,129.44451790711196,9.671699086985292e+18
FN_1e-7,1e-07,AP3.8,8.529715307678707,127.61724078538204,9.797558727612238e+18
FN_1e-7,1e-07,AP3.4,9.990107785376326,137.90468148415397,9.09378194048898e+18
FN_1e-7,1e-07,ANP6,20.89632983784137,220.35937945945523,4.662155806828299e+18
FN_1e-6_Rizk,1e-06,AP3.2,8.627308930340511,128.31017057091844,9.749974805955635e+18
FN_1e-6_Rizk,1e-06,AP3.8,8.370642169847022,126.48241602282091,9.87596880505792e+18
FN_1e-6_Rizk,1e-06,AP3.4,9.70142287862438,135.8795704867619,9.231756271242676e+18
FN_1e-6_Rizk,1e-06,ANP6,18.07630351150194,196.55799501790815,5.682623395481128e+18
FN_1e-5,1e-05,AP3.2,7.531791743860122,120.4331752119292,1.0293694712105011e+19
FN_1e-5,1e-05,AP3.8,7.299653635522802,118.73606627666372,1.0410358231254729e+19
FN_1e-5,1e-05,AP3.4,8.070694379870531,124.32343010734655,1.0026822821591511e+19
FN_1e-5,1e-05,ANP6,11.69722750216442,149.68808856297903,8.325927009221657e+18
FN_1e-4,0.0001,AP3.2,4.479540008801425,96.57773601882693,1.1871722849055451e+19
FN_1e-4,0.0001,AP3.8,4.362100018918781,95.55854964570932,1.193433876223949e+19
FN_1e-4,0.0001,AP3.4,4.474691771358397,96.53434771467391,1.187487144830614e+19
FN_1e-4,0.0001,ANP6,4.978409610964314,100.77823788872588,1.1611858522521129e+19
FN_4p2e-4_L3,0.00042,AP3.2,2.7194779428309825,79.70163840013157,1.28231636258202e+19
FN_4p2e-4_L3,0.00042,AP3.8,2.6525988726573506,78.96744982501171,1.2859930811377097e+19
FN_4p2e-4_L3,0.00042,AP3.4,2.6804201832789443,79.27354319329505,1.2844862536542947e+19
FN_4p2e-4_L3,0.00042,ANP6,3.009530540053877,82.77666835737764,1.2667365958900666e+19
FN_1e-3,0.001,AP3.2,1.996952158406647,71.17446063362034,1.322228448560944e+19
FN_1e-3,0.001,AP3.8,1.9491215249537197,70.55431051077275,1.324889481034187e+19
FN_1e-3,0.001,AP3.4,1.9719000331632472,70.85035887875871,1.3236407278041303e+19
FN_1e-3,0.001,ANP6,2.267064775909509,74.52607886491707,1.3075265153219486e+19
FN_1e-2,0.01,AP3.2,0.912986923509849,54.0152721919986,1.3830129326198989e+19
FN_1e-2,0.01,AP3.8,0.8930121315203414,53.60383835376887,1.3841433893113403e+19
FN_1e-2,0.01,AP3.4,0.9148281327418984,54.0527323008799,1.3829228308450669e+19
FN_1e-2,0.01,ANP6,1.1193361058531734,57.97217643290807,1.3715545578129517e+19
