batch,label,parameter,parameter_value,case,Sd_1600_percent,Rd_1600_nm,Nd_1600_m-3
Kd,Kd_1p0e5,K_d,100000.0,AP3.2,5.179677033747825,163.95822916714573,2.805526754867435e+18
Kd,Kd_1p0e5,K_d,100000.0,AP3.8,4.972441517051172,161.23375783084626,2.832129751927648e+18
Kd,Kd_1p0e5,K_d,100000.0,AP3.4,5.14170858227009,163.4576053097436,2.8106285454054354e+18
Kd,Kd_1p0e5,K_d,100000.0,ANP6,6.364737217067026,178.80155315540068,2.658140957875572e+18
Kd,Kd_2p5e5,K_d,250000.0,AP3.2,3.5596075622865637,104.06764225139796,7.539913533020691e+18
Kd,Kd_2p5e5,K_d,250000.0,AP3.8,3.465025563788931,102.99549649007488,7.571172259155499e+18
Kd,Kd_2p5e5,K_d,250000.0,AP3.4,3.513586560354684,103.54662961807364,7.555342308977234e+18
Kd,Kd_2p5e5,K_d,250000.0,ANP6,3.979447775605994,108.66214604260928,7.404561872175724e+18
Kd,Kd_4p1e5_L3,K_d,410000.0,AP3.2,2.7194779428309825,79.70163840013157,1.28231636258202e+19
Kd,Kd_4p1e5_L3,K_d,410000.0,AP3.8,2.6525988726573506,78.96744982501171,1.2859930811377097e+19
Kd,Kd_4p1e5_L3,K_d,410000.0,AP3.4,2.6804201832789443,79.27354319329505,1.2844862536542947e+19
Kd,Kd_4p1e5_L3,K_d,410000.0,ANP6,3.009530540053877,82.77666835737764,1.2667365958900666e+19
Kd,Kd_6p0e5,K_d,600000.0,AP3.2,2.200604047982599,64.93857576114023,1.9184258599121957e+19
Kd,Kd_6p0e5,K_d,600000.0,AP3.8,2.1479538624619976,64.36875302654073,1.922697898201336e+19
Kd,Kd_6p0e5,K_d,600000.0,AP3.4,2.167786285786072,64.5839983240458,1.921113706394515e+19
Kd,Kd_6p0e5,K_d,600000.0,ANP6,2.4239473299710474,67.27284671324854,1.900706905451818e+19
Kd,Kd_1p0e6,K_d,1000000.0,AP3.2,1.6522423919825937,49.40073793108843,3.2717856444417462e+19
Kd,Kd_1p0e6,K_d,1000000.0,AP3.8,1.6136762121224817,48.98709619000473,3.277047210424674e+19
Kd,Kd_1p0e6,K_d,1000000.0,AP3.4,1.6264499565372872,49.12457824761778,3.2753339847298154e+19
Kd,Kd_1p0e6,K_d,1000000.0,ANP6,1.8101719896723687,51.03690037028753,3.2507109915109843e+19
Kd,Kd_3p0e6,K_d,3000000.0,AP3.2,0.879093026397053,27.461788582201272,1.0133506900224233e+20
Kd,Kd_3p0e6,K_d,3000000.0,AP3.8,0.8594974590243326,27.24893201977864,1.014162461669438e+20
Kd,Kd_3p0e6,K_d,3000000.0,AP3.4,0.864028762937903,27.29837929976247,1.0139790903658984e+20
Kd,Kd_3p0e6,K_d,3000000.0,ANP6,0.9522197354480256,28.23057354768431,1.0103909885756216e+20
