boundary_sink_scale,candidate_label,family,T_K,burnup_FIMA_percent,dt_h,n_modes,time_s,burnup_from_time_percent,Dg,D1_Xe,D2_Xe_scaled,D3_Xe,tau_boundary_unscaled_h,tau_boundary_scaled_h,generated,matrix_percent,bulk_percent,dislocation_percent,qgb_percent,balance_sum_percent,gas_balance_rel_error,intra_bulk_fraction_no_qgb,intra_dislocation_fraction_no_qgb,swelling_b_percent,swelling_d_percent,swelling_ig_percent,Rb_nm,Rd_nm,Nb,Nd,p_b_over_eq,p_d_over_eq,max_f_cap_step,capture_fraction_sum,bulk_anchor_penalty,disl_anchor_penalty,qgb_anchor_penalty,partition_anchor_penalty
0.0,M7_no_phi_Dv05_trial_00097_balanced,M7_no_phi,1400.0,1.1,1.0,40,5432786.961605881,1.0999999999999999,1.720711724456542e-19,2.56984711400453e-21,2.9449198733515696e-106,1.2821582109204226e-19,5888.3299394230835,inf,9.036573938600274e+25,8.476054501534621,59.70438546724486,30.31858170395457,1.500978327265962,100.00000000000001,1.9011485216333091e-16,0.6061419134254397,0.30780591714594857,0.8056725371803436,0.6819557868631023,1.487628324043446,7.485461024080176,51.00181683741121,4.5857913494523373e+21,1.2271867795527903e+19,1.0131178466318393,2.709173001625036,3.2547736477010004e-05,0.027787590076293757,1.4876867161384948,0.0,0.0,1.4876867161384948
0.0,M7_no_phi_Dv05_trial_00097_balanced,M7_no_phi,1600.0,1.1,1.0,40,5432786.961605881,1.0999999999999999,7.33571673864993e-19,4.2934800659537927e-19,4.895151025154585e-105,1.2821582109204226e-19,1381.203599486108,inf,9.036573938600274e+25,2.7388649338625557,50.64425408462164,45.11590265424967,1.5009783272661332,100.00000000000001,0.0,0.5141599705719798,0.4580340178824181,0.8652290782531054,2.8517512867781125,3.716980365031218,10.465098586925775,101.23061823047986,1.8022395887040743e+21,6.562772799305129e+18,1.0007241815130143,1.6392724535430352,0.00012612912793921816,0.13341780775689227,3.3259414870521775,0.0,0.0,3.3259414870521775
0.0,M7_no_phi_Dv05_trial_00097_balanced,M7_no_phi,1700.0,1.1,1.0,40,5432786.961605881,1.0999999999999999,4.8167323632717555e-18,3.532824850314724e-18,3.946714695915007e-104,1.2821582109204226e-19,210.3525294760525,inf,9.036573938600274e+25,0.6229881297967519,30.867418549881904,67.00861499305603,1.5009783272653348,100.00000000000001,1.9011485216333091e-16,0.31337792016289895,0.6802972644306431,0.693723671826729,6.356885807203493,7.050609479030221,15.491234265044607,189.98593512052872,4.4549192876729454e+20,2.2130511316206674e+18,1.0004756595184663,2.081899174830768,0.0003378695279209627,0.39324374775184573,9.873245485120075,0.0,0.0,9.873245485120075
0.0,M7_no_phi_Dv05_trial_00097_balanced,M7_no_phi,1800.0,1.1,1.0,40,5432786.961605881,1.0999999999999999,3.042955372416583e-17,2.3000292344816836e-17,3.978758947397585e-103,1.2821582109204226e-19,33.296966679426816,inf,9.036573938600274e+25,0.13196719043026683,11.193550172673751,87.17350430962912,1.5009783272668935,100.00000000000003,1.9011485216333091e-16,0.11364123198974262,0.8850189862724374,0.321349249686901,11.227470056057454,11.548819305744356,20.792956732020343,405.63828764814286,8.533750304966536e+19,4.015840672741838e+17,1.0003189394982992,3.388076689246751,0.0008728639983627484,0.9436324044556471,0.0,0.0,0.0,0.0
0.0,M7_no_phi_Dv05_trial_00097_balanced,M7_no_phi,2000.0,1.1,1.0,40,5432786.961605881,1.0999999999999999,7.31342189768822e-16,5.557410539509728e-16,5.4060721867612494e-101,1.2821582109204226e-19,1.385414174920847,inf,9.036573938600274e+25,0.006282362970811977,0.5860590882761278,97.90668022148726,1.500978327265829,100.00000000000003,1.9011485216333091e-16,0.005949897555564825,0.9939863214762172,0.0209409640227541,20.897156338762848,20.9180973027856,24.962381257108223,2022.928221985643,3.214030733971092e+18,6026389012619650.0,1.00024354646742,11.050626720363823,0.004935299358582871,2.892074838593242,0.0,0.08448789909985271,0.24986025849517216,0.3343481575950249
0.0,M7_no_phi_Dv05_trial_00097_balanced,M7_no_phi,2200.0,1.1,1.0,40,5432786.961605881,1.0999999999999999,9.901183863882954e-15,7.52543768382339e-15,7.55565243133933e-99,1.2821582109204226e-19,0.1023323928080279,inf,9.036573938600274e+25,0.00046639971026459875,0.042594291324608985,98.45596098169818,1.5009783272669697,100.00000000000001,3.8022970432666183e-16,0.00043243364859125424,0.9995628312819396,0.0017408084147440615,28.27136089451691,28.27310170293166,26.849876728436293,8653.109066017252,2.14701698241556e+17,104169738066578.06,1.0002586178592945,38.28244820065909,0.03174757085546733,5.526931365689543,0.0,0.1194366630702033,0.24986025849500923,0.36929692156521254
0.0,M7_no_phi_Dv05_trial_00097_balanced,M7_no_phi,1400.0,3.2,1.0,40,15804471.161035294,3.2000000000000006,1.720711724456542e-19,2.56984711400453e-21,2.9449198733515696e-106,1.2821582109204226e-19,5888.3299394230835,inf,2.628821509410849e+26,2.9788711721398857,84.57690806205449,10.943242438552229,1.500978327253416,100.00000000000003,0.0,0.8586573412175912,0.11110001147940421,3.36222046354779,0.9746700427157166,4.336890506263507,7.698059334997559,58.94993616251296,1.7595184094334952e+22,1.135844792283642e+19,1.0121413650435074,2.0222767691775108,3.2547736477010004e-05,0.03889606041189013,0.19224764291874363,0.0,0.0,0.19224764291874363
0.0,M7_no_phi_Dv05_trial_00097_balanced,M7_no_phi,1600.0,3.2,1.0,40,15804471.161035294,3.2000000000000006,7.33571673864993e-19,4.2934800659537927e-19,4.895151025154585e-105,1.2821582109204226e-19,1381.203599486108,inf,2.628821509410849e+26,0.9761497896095745,81.3234131597881,16.199458723354027,1.5009783272483055,100.00000000000001,1.3070396086229696e-16,0.825626608048687,0.16446314337186324,4.147264640138644,4.216798922158251,8.364063562296895,10.960752676075419,130.2714898921585,7.518860113222226e+21,4.553508404793175e+18,1.0006768574774814,1.4320458136034724,0.00012612912793921816,0.20850523720922204,0.04908922235845661,0.0,0.0,0.04908922235845661
0.0,M7_no_phi_Dv05_trial_00097_balanced,M7_no_phi,1700.0,3.2,1.0,40,15804471.161035294,3.2000000000000006,4.8167323632717555e-18,3.532824850314724e-18,3.946714695915007e-104,1.2821582109204226e-19,210.3525294760525,inf,2.628821509410849e+26,0.23587023475472202,73.05930170648784,25.20384973150619,1.5009783272512593,100.00000000000003,1.3070396086229696e-16,0.7417261660650667,0.25587918847806396,5.170800101468632,10.01116914930809,15.181969250776723,17.434164185101075,307.7102043070577,2.3295162512225374e+21,8.202958119108836e+17,1.0005145255679462,2.2814434304721076,0.0003378695279209627,0.7079824642288212,0.10849110945561756,0.0,0.0,0.10849110945561756
0.0,M7_no_phi_Dv05_trial_00097_balanced,M7_no_phi,1800.0,3.2,1.0,40,15804471.161035294,3.2000000000000006,3.042955372416583e-17,2.3000292344816836e-17,3.978758947397585e-103,1.2821582109204226e-19,33.296966679426816,inf,2.628821509410849e+26,0.05856591197286161,59.5595461892076,38.880909571568665,1.5009783272508934,100.00000000000003,2.6140792172459393e-16,0.6046714492970992,0.39473396701081664,6.252231366891651,17.50861969002134,23.76085105691299,28.09300848362126,857.4559764678946,6.732117394759514e+20,6.630217950572809e+16,1.0005231543082325,5.896080017736194,0.0008728639983627484,1.7585132138406123,0.0,0.0,0.0,0.0
0.0,M7_no_phi_Dv05_trial_00097_balanced,M7_no_phi,2000.0,3.2,1.0,40,15804471.161035294,3.2000000000000006,7.31342189768822e-16,5.557410539509728e-16,5.4060721867612494e-101,1.2821582109204226e-19,1.385414174920847,inf,2.628821509410849e+26,0.004727921462247867,23.508017009753473,74.98627674153335,1.5009783272509456,100.00000000000001,0.0,0.2386624416215623,0.7612895586990303,5.060794456156362,28.19507529222671,33.25586974838308,59.025030045444105,6006.254174100556,5.875183548158555e+19,310651552863789.7,1.0003400534033275,55.531759521433194,0.004935299358582871,4.8508880484929255,0.0,4.00549118666489,0.24986025849729776,4.255351445162187
0.0,M7_no_phi_Dv05_trial_00097_balanced,M7_no_phi,2200.0,3.2,1.0,40,15804471.161035294,3.2000000000000006,9.901183863882954e-15,7.52543768382339e-15,7.55565243133933e-99,1.2821582109204226e-19,0.1023323928080279,inf,2.628821509410849e+26,0.00044515431394013627,3.334023444445915,95.16455307398905,1.5009783272511026,100.00000000000001,0.0,0.03384828994061286,0.9661471906813631,1.047580483414146,33.72284581656774,34.770426299981885,81.15494441685668,29666.888687883937,4.679008516146192e+18,3083327108732.8384,1.000111402361254,321.383637241049,0.03174757085546733,8.372683263199129,0.0,0.0002707771415924903,0.24986025849727533,0.25013103563886785
0.25,M7_no_phi_Dv05_trial_00097_balanced,M7_no_phi,1400.0,1.1,1.0,40,5432786.961605881,1.0999999999999999,1.720711724456542e-19,2.56984711400453e-21,2.9449198733515696e-106,1.2821582109204226e-19,5888.3299394230835,23553.319757692334,9.036573938600274e+25,8.176852633605847,51.18759941547279,29.186511499629447,11.449036451291933,100.00000000000001,1.9011485216333091e-16,0.578058073725157,0.32960128642276376,0.6830077503058144,0.6638569171501902,1.3468646674560047,7.271995218670812,50.463647162960456,4.240101652133287e+21,1.2332467231186799e+19,1.0104974200747123,2.6356844643062907,3.097179649182192e-05,0.026823522108620594,3.195132556022914,0.0,0.0,3.195132556022914
0.25,M7_no_phi_Dv05_trial_00097_balanced,M7_no_phi,1600.0,1.1,1.0,40,5432786.961605881,1.0999999999999999,7.33571673864993e-19,4.2934800659537927e-19,4.895151025154585e-105,1.2821582109204226e-19,1381.203599486108,5524.814397944432,9.036573938600274e+25,2.603952186961248,40.68922268941403,42.83343565803867,13.873389465586063,100.0,0.0,0.47243497029475784,0.49733102687146324,0.6782989667756567,2.735314387264262,3.413613354039918,10.002250234734374,98.7448168482985,1.618226838936827e+21,6.782279990384184e+18,1.0005372189283912,1.580521037851056,0.00011673847160323389,0.1259150020445771,6.187084904533944,0.0,0.0,6.187084904533944
0.25,M7_no_phi_Dv05_trial_00097_balanced,M7_no_phi,1700.0,1.1,1.0,40,5432786.961605881,1.0999999999999999,4.8167323632717555e-18,3.532824850314724e-18,3.946714695915007e-104,1.2821582109204226e-19,210.3525294760525,841.41011790421,9.036573938600274e+25,0.5716297755759403,21.630435601094014,61.51330793654667,16.284626686783383,100.0,0.0,0.2583806861872895,0.7347910604949212,0.4613201466327175,6.008683936589391,6.470004083222109,14.287884345790317,179.9503590773093,3.775809142412219e+20,2.4616856735611633e+18,1.000315149503405,1.9102643536579869,0.0003021696256975014,0.35998073668073705,14.122345735655154,0.0,0.0,14.122345735655154
0.25,M7_no_phi_Dv05_trial_00097_balanced,M7_no_phi,1800.0,1.1,1.0,40,5432786.961605881,1.0999999999999999,3.042955372416583e-17,2.3000292344816836e-17,3.978758947397585e-103,1.2821582109204226e-19,33.296966679426816,133.18786671770727,9.036573938600274e+25,0.11453077129416019,6.525097957936012,75.7780285835477,17.582342687222127,99.99999999999999,0.0,0.07917111661125041,0.9194392446265179,0.17015826243500193,10.618662252028345,10.788820514463348,18.189326379099956,370.47110158446026,6.750168058179925e+19,4.985608682393147e+17,1.000207324695363,2.829550476843498,0.0007862126401913592,0.85399329585957,0.0,0.0,0.0,0.0
0.25,M7_no_phi_Dv05_trial_00097_balanced,M7_no_phi,2000.0,1.1,1.0,40,5432786.961605881,1.0999999999999999,7.31342189768822e-16,5.557410539509728e-16,5.4060721867612494e-101,1.2821582109204226e-19,1.385414174920847,5.541656699683388,9.036573938600274e+25,0.005219648403794279,0.2948612017499966,81.55308478618338,18.146834363662833,100.0,0.0,0.0036023188530059543,0.9963339127103891,0.00921309325856003,20.345530991285187,20.354744084543746,20.969078116242947,1831.6704188592657,2.385496838066894e+18,7903845174931832.0,1.0001988802388957,8.514603412750914,0.004657478354050848,2.729817894549931,0.0,1.8081952876757297,3.527331709909917,5.335526997585647
0.25,M7_no_phi_Dv05_trial_00097_balanced,M7_no_phi,2200.0,1.1,1.0,40,5432786.961605881,1.0999999999999999,9.901183863882954e-15,7.52543768382339e-15,7.55565243133933e-99,1.2821582109204226e-19,0.1023323928080279,0.4093295712321116,9.036573938600274e+25,0.0003864529495506145,0.021275845671432363,81.80602791663709,18.172309784741955,100.00000000000003,1.9011485216333091e-16,0.0002600078972712485,0.9997352693377511,0.0007538198545096695,27.86603212813136,27.866785947985868,22.4488202947202,7913.550145885648,1.590737035766751e+17,134237065012607.92,1.0002121241374897,29.386202098558492,0.03101740466361647,5.336644990391747,0.0,1.7408089933655964,3.5410152054124198,5.281824198778017
0.25,M7_no_phi_Dv05_trial_00097_balanced,M7_no_phi,1400.0,3.2,1.0,40,15804471.161035294,3.2000000000000006,1.720711724456542e-19,2.56984711400453e-21,2.9449198733515696e-106,1.2821582109204226e-19,5888.3299394230835,23553.319757692334,2.628821509410849e+26,2.8773317523193973,73.1037467436002,10.550648584473882,13.468272919606513,99.99999999999997,0.0,0.8448201510606874,0.12192809435863516,2.8741938900198396,0.949595211641833,3.8237891016616725,7.485596265487696,58.32384205076192,1.6358679851890303e+22,1.1426455463237511e+19,1.0095353342418258,1.9730729695177143,3.097179649182192e-05,0.03768853797727899,0.10654798200358098,0.0,0.0,0.10654798200358098
0.25,M7_no_phi_Dv05_trial_00097_balanced,M7_no_phi,1600.0,3.2,1.0,40,15804471.161035294,3.2000000000000006,7.33571673864993e-19,4.2934800659537927e-19,4.895151025154585e-105,1.2821582109204226e-19,1381.203599486108,5524.814397944432,2.628821509410849e+26,0.9301659549212026,66.28818956109488,15.424088182214595,17.357556301769325,100.0,1.3070396086229696e-16,0.8021082944152347,0.18663640003840803,3.3002063944479936,4.038878092640116,7.33908448708811,10.495157658090186,126.67865880588629,6.815309630932288e+21,4.743094368922165e+18,1.0004705490425834,1.3835369297595335,0.00011673847160323389,0.19778427401323562,0.6096289055859869,0.0,0.0,0.6096289055859869
0.25,M7_no_phi_Dv05_trial_00097_balanced,M7_no_phi,1700.0,3.2,1.0,40,15804471.161035294,3.2000000000000006,4.8167323632717555e-18,3.532824850314724e-18,3.946714695915007e-104,1.2821582109204226e-19,210.3525294760525,841.41011790421,2.628821509410849e+26,0.21844294572360107,52.69317291673885,23.331879871106704,23.75650426643086,100.00000000000003,1.3070396086229696e-16,0.6911169590239372,0.3060179710625983,3.5500624902187723,9.499107280759219,13.049169770977992,16.20540234789863,293.6462904309047,1.9914432460655944e+21,8.956134903949348e+17,1.000284793146938,2.1210296616060913,0.0003021696256975014,0.6691558680153948,2.8463799867648008,0.0,0.0,2.8463799867648008
0.25,M7_no_phi_Dv05_trial_00097_balanced,M7_no_phi,1800.0,3.2,1.0,40,15804471.161035294,3.2000000000000006,3.042955372416583e-17,2.3000292344816836e-17,3.978758947397585e-103,1.2821582109204226e-19,33.296966679426816,133.18786671770727,2.628821509410849e+26,0.051758659367129416,34.74834909520625,34.30602643313941,30.893865812287203,100.0,0.0,0.5028258273110663,0.4964251992443109,3.3186836743536485,16.375804880875314,19.69448855522896,24.866028280170177,805.1252177036512,5.152974340720887e+20,7.490723334240643e+16,1.000205552004009,5.207341706799678,0.0007862126401913592,1.6741599655662818,0.0,0.0,0.0,0.0
0.25,M7_no_phi_Dv05_trial_00097_balanced,M7_no_phi,2000.0,3.2,1.0,40,15804471.161035294,3.2000000000000006,7.31342189768822e-16,5.557410539509728e-16,5.4060721867612494e-101,1.2821582109204226e-19,1.385414174920847,5.541656699683388,2.628821509410849e+26,0.0034463098174905217,6.629535775111687,54.55809159819081,38.808926316880004,100.0,0.0,0.1083415500999861,0.8916021294334808,1.0785332102573657,26.052879461548788,27.131412671806153,42.92325688285278,5140.324363570694,3.2558689106590007e+19,457926257822924.2,1.0000672211887556,36.92566046772147,0.004657478354050848,4.544152358386213,0.0,16.355479551803235,23.327418340820838,39.68289789262407
0.25,M7_no_phi_Dv05_trial_00097_balanced,M7_no_phi,2200.0,3.2,1.0,40,15804471.161035294,3.2000000000000006,9.901183863882954e-15,7.52543768382339e-15,7.55565243133933e-99,1.2821582109204226e-19,0.1023323928080279,0.4093295712321116,2.628821509410849e+26,0.00027772931732811864,0.6231163347608168,59.45474187047886,39.92186406544301,100.00000000000003,0.0,0.010371765452902472,0.9896236117452578,0.12761962154051298,32.29757226399059,32.4251918855311,50.73243565308465,22788.84277218416,2.3333060303922324e+18,6515000495936.476,1.0000538334411242,157.360191746792,0.03101740466361647,7.723283485754016,0.0,12.634653754942878,24.888501832760806,37.523155587703684
0.5,M7_no_phi_Dv05_trial_00097_balanced,M7_no_phi,1400.0,1.1,1.0,40,5432786.961605881,1.0999999999999999,1.720711724456542e-19,2.56984711400453e-21,2.9449198733515696e-106,1.2821582109204226e-19,5888.3299394230835,11776.659878846167,9.036573938600274e+25,7.878667242214178,43.72868553983524,28.06134886227804,20.33129835567254,100.0,0.0,0.5488816139499468,0.3522255074214085,0.5766914914480953,0.6458024884139575,1.2224939798620529,7.0574256178953325,49.91963945873625,3.916661200863814e+21,1.2393580293180117e+19,1.0083345863605413,2.561594312155113,2.963501696603366e-05,0.0258680634708283,5.2201021992333265,0.0,0.0,5.2201021992333265
0.5,M7_no_phi_Dv05_trial_00097_balanced,M7_no_phi,1600.0,1.1,1.0,40,5432786.961605881,1.0999999999999999,7.33571673864993e-19,4.2934800659537927e-19,4.895151025154585e-105,1.2821582109204226e-19,1381.203599486108,2762.407198972216,9.036573938600274e+25,2.4749110797220886,32.80450940832128,40.65425757102516,24.066321940931473,100.00000000000001,0.0,0.4320152828999377,0.535391655062466,0.533882970582763,2.622791178989429,3.1566741495721917,9.56081015892907,96.33399052743862,1.458388981317507e+21,7.003843811952986e+18,1.0004005791287043,1.5241563733130845,0.00010873509268558257,0.11878984903626444,9.07836608810009,0.0,0.0,9.07836608810009
0.5,M7_no_phi_Dv05_trial_00097_balanced,M7_no_phi,1700.0,1.1,1.0,40,5432786.961605881,1.0999999999999999,4.8167323632717555e-18,3.532824850314724e-18,3.946714695915007e-104,1.2821582109204226e-19,210.3525294760525,420.705058952105,9.036573938600274e+25,0.5272241651989263,15.660834489403955,56.783528283940356,27.028413061456774,100.00000000000001,0.0,0.21461551196075165,0.7781594270625293,0.3186061820823165,5.692578068853594,6.01118425093591,13.257145453081213,171.047720646819,3.264491373818058e+20,2.715616959972766e+18,1.0002181281351765,1.7653578031409451,0.0002728563605492057,0.3307476937563604,17.27187358469995,0.0,0.0,17.27187358469995
0.5,M7_no_phi_Dv05_trial_00097_balanced,M7_no_phi,1800.0,1.1,1.0,40,5432786.961605881,1.0999999999999999,3.042955372416583e-17,2.3000292344816836e-17,3.978758947397585e-103,1.2821582109204226e-19,33.296966679426816,66.59393335885363,9.036573938600274e+25,0.10157339338332799,4.175357518643602,67.36506180903504,28.358007278938047,100.00000000000001,1.9011485216333091e-16,0.05828086796664566,0.9403013407418865,0.10076989476698547,10.085035057839068,10.185804952606054,16.267301566180826,341.7244441214695,5.588504981751078e+19,6.033379812036882e+17,1.0001563015991128,2.433965702167528,0.0007143994361647769,0.7792380737954372,0.0,0.0,0.0,0.0
0.5,M7_no_phi_Dv05_trial_00097_balanced,M7_no_phi,2000.0,1.1,1.0,40,5432786.961605881,1.0999999999999999,7.31342189768822e-16,5.557410539509728e-16,5.4060721867612494e-101,1.2821582109204226e-19,1.385414174920847,2.770828349841694,9.036573938600274e+25,0.004528030324363683,0.1728188389775501,70.88554603136912,28.93710709932898,100.00000000000001,0.0,0.0024319139275558285,0.9975043674404052,0.004890832552809628,19.889501586830132,19.894392419382942,18.347700477958146,1688.5769899633801,1.8903806342583588e+18,9862174673005484.0,1.0001675571251234,6.954619998823895,0.004422093499677892,2.600849891541429,0.0,5.815068902052175,11.693573393566238,17.508642295618415
0.5,M7_no_phi_Dv05_trial_00097_balanced,M7_no_phi,2200.0,1.1,1.0,40,5432786.961605881,1.0999999999999999,9.901183863882954e-15,7.52543768382339e-15,7.55565243133933e-99,1.2821582109204226e-19,0.1023323928080279,0.2046647856160558,9.036573938600274e+25,0.00033488530176950797,0.012423805259444065,71.0320377150033,28.955203594435492,100.0,0.0,0.00017487283922276093,0.9998204134404387,0.00039615899032450065,27.54750911281142,27.547905271801742,19.581419329968853,7383.5581214987205,1.2596456854200432e+17,163379150069502.8,1.0001793979049167,24.014986631963072,0.030390172390211974,5.191073872669599,0.0,5.744632160950243,11.711260801037858,17.4558929619881
0.5,M7_no_phi_Dv05_trial_00097_balanced,M7_no_phi,1400.0,3.2,1.0,40,15804471.161035294,3.2000000000000006,1.720711724456542e-19,2.56984711400453e-21,2.9449198733515696e-106,1.2821582109204226e-19,5888.3299394230835,11776.659878846167,2.628821509410849e+26,2.7745397693606004,62.787461455664406,10.154089257930446,24.283909517044552,100.0,0.0,0.8292485924084865,0.13410741618013472,2.439847621464468,0.9241460367634717,3.36399365822794,7.2682925098331905,57.67826328272995,1.5169696898714104e+22,1.149781908120426e+19,1.0074034665666518,1.922569949181275,2.963501696603366e-05,0.036452691472629695,1.028539239835094,0.0,0.0,1.028539239835094
0.5,M7_no_phi_Dv05_trial_00097_balanced,M7_no_phi,1600.0,3.2,1.0,40,15804471.161035294,3.2000000000000006,7.33571673864993e-19,4.2934800659537927e-19,4.895151025154585e-105,1.2821582109204226e-19,1381.203599486108,2762.407198972216,2.628821509410849e+26,0.8841003092297043,53.66250623969284,14.64918432381922,30.80420912725824,100.0,1.3070396086229696e-16,0.7755169145820409,0.21170629223330342,2.6064139384390685,3.8592118616075104,6.4656258000465785,10.028873440708592,122.9515307953066,6.168766446038535e+21,4.956877553244336e+18,1.0003217994813076,1.333992278138683,0.00010873509268558257,0.18668542205547942,2.6325049001466225,0.0,0.0,2.6325049001466225
0.5,M7_no_phi_Dv05_trial_00097_balanced,M7_no_phi,1700.0,3.2,1.0,40,15804471.161035294,3.2000000000000006,4.8167323632717555e-18,3.532824850314724e-18,3.946714695915007e-104,1.2821582109204226e-19,210.3525294760525,420.705058952105,2.628821509410849e+26,0.20151728306625583,37.85796199443737,21.52680201796299,40.41371870453339,100.0,1.3070396086229696e-16,0.6353469485151045,0.36127111056351097,2.4256136573629394,9.02797090293912,11.45358456030206,15.015429696438368,279.0868898597177,1.710486792745101e+21,9.914783459504292e+17,1.0001536284583754,1.9536549873075006,0.0002728563605492057,0.6279689741603282,7.1617031788446015,0.0,0.0,7.1617031788446015
0.5,M7_no_phi_Dv05_trial_00097_balanced,M7_no_phi,1800.0,3.2,1.0,40,15804471.161035294,3.2000000000000006,3.042955372416583e-17,2.3000292344816836e-17,3.978758947397585e-103,1.2821582109204226e-19,33.296966679426816,66.59393335885363,2.628821509410849e+26,0.0454853324124951,20.369384569834555,30.120906669155243,49.46422342859773,100.00000000000003,1.3070396086229696e-16,0.4030685971759934,0.5960313408184644,1.7683370183130593,15.546156181208183,17.31449319952124,21.908803169293112,750.9858195151704,4.014398376350297e+20,8.762725506602805e+16,1.0000807478393174,4.475711089775625,0.0007143994361647769,1.5816169280430767,0.0,0.0,0.0,0.0
0.5,M7_no_phi_Dv05_trial_00097_balanced,M7_no_phi,2000.0,3.2,1.0,40,15804471.161035294,3.2000000000000006,7.31342189768822e-16,5.557410539509728e-16,5.4060721867612494e-101,1.2821582109204226e-19,1.385414174920847,2.770828349841694,2.628821509410849e+26,0.0026091273655054355,2.299349245785604,41.29710937834955,56.40093224849935,100.00000000000001,1.3070396086229696e-16,0.05273849566901489,0.9472016606806489,0.29574281288944304,25.131677910203994,25.427420723093437,32.50299945282953,4512.793352283395,2.0561522453377163e+19,652824635487259.2,1.0000293552828718,25.17164178904867,0.004422093499677892,4.285646593243324,0.0,28.8400046112095,53.919506857445285,82.75951146865478
0.5,M7_no_phi_Dv05_trial_00097_balanced,M7_no_phi,2200.0,3.2,1.0,40,15804471.161035294,3.2000000000000006,9.901183863882954e-15,7.52543768382339e-15,7.55565243133933e-99,1.2821582109204226e-19,0.1023323928080279,0.2046647856160558,2.628821509410849e+26,0.00019984721975840645,0.18767617636116155,42.830035863777155,56.982088112641925,100.0,0.0,0.0043627449154805455,0.995632609409939,0.028807562229739226,31.63474166492094,31.66354922715068,36.464637534755504,19473.850109865205,1.4184113459566863e+18,10226339679558.145,1.000032181213981,97.78933193025209,0.030390172390211974,7.343174384730928,0.0,27.217051579747764,55.14566295000956,82.36271452975733
0.75,M7_no_phi_Dv05_trial_00097_balanced,M7_no_phi,1400.0,1.1,1.0,40,5432786.961605881,1.0999999999999999,1.720711724456542e-19,2.56984711400453e-21,2.9449198733515696e-106,1.2821582109204226e-19,5888.3299394230835,7851.106585897445,9.036573938600274e+25,7.582530724946466,37.23504405224468,26.94696418706156,28.235461035747292,100.0,0.0,0.5188501812962552,0.3754913579321447,0.4851663373975786,0.6278340020264601,1.1130003394240386,6.842788342457917,49.370854439102935,3.614953627108538e+21,1.245501608684908e+19,1.0065688825445092,2.4872144979982242,2.8539867757304366e-05,0.024924779035103498,7.385696148544142,0.0,0.0,7.385696148544142
0.75,M7_no_phi_Dv05_trial_00097_balanced,M7_no_phi,1600.0,1.1,1.0,40,5432786.961605881,1.0999999999999999,7.33571673864993e-19,4.2934800659537927e-19,4.895151025154585e-105,1.2821582109204226e-19,1381.203599486108,1841.604799314811,9.036573938600274e+25,2.352197300251363,26.551636915936804,38.58464055924651,32.51152522456532,99.99999999999999,0.0,0.39342475888344436,0.5717219227080687,0.4221463290582773,2.5138606513653063,2.936006980423584,9.142007006379146,93.99384606035142,1.3190150726958818e+21,7.226938006231495e+18,1.0003004474593697,1.4706406748640832,0.00010186791937117914,0.11203287035991015,11.764151395687097,0.0,0.0,11.764151395687097
0.75,M7_no_phi_Dv05_trial_00097_balanced,M7_no_phi,1700.0,1.1,1.0,40,5432786.961605881,1.0999999999999999,4.8167323632717555e-18,3.532824850314724e-18,3.946714695915007e-104,1.2821582109204226e-19,210.3525294760525,280.47003930140335,9.036573938600274e+25,0.48868348447515864,11.65043689776028,52.68924724705144,35.171632370713134,100.0,0.0,0.17971201996604147,0.8127498682112202,0.22713374506369935,5.399224872347956,5.626358617411655,12.368178016805537,162.99882128753734,2.8659979144834443e+20,2.9763871091740667e+18,1.0001572256913556,1.6428437022100029,0.0002479020303659031,0.30465034401759145,19.565620106035954,0.0,0.0,19.565620106035954
0.75,M7_no_phi_Dv05_trial_00097_balanced,M7_no_phi,1800.0,1.1,1.0,40,5432786.961605881,1.0999999999999999,3.042955372416583e-17,2.3000292344816836e-17,3.978758947397585e-103,1.2821582109204226e-19,33.296966679426816,44.395955572569086,9.036573938600274e+25,0.09153199023631824,2.8514749939331048,60.86851722993179,36.18847578589878,100.0,0.0,0.04468589379507376,0.9538796946097853,0.06453321896880451,9.592696076950851,9.657229295919656,14.7809553254322,316.99979812372317,4.770756011393199e+19,7.189109835106862e+17,1.000127388268382,2.139034830547472,0.0006515148236370948,0.7139224073683609,0.0,0.0,0.0,0.0
0.75,M7_no_phi_Dv05_trial_00097_balanced,M7_no_phi,2000.0,1.1,1.0,40,5432786.961605881,1.0999999999999999,7.31342189768822e-16,5.557410539509728e-16,5.4060721867612494e-101,1.2821582109204226e-19,1.385414174920847,1.8472188998944623,9.036573938600274e+25,0.004031108094175648,0.11098244794220433,63.205240449493566,36.679745994470075,100.00000000000003,0.0,0.001752716404651692,0.9981836213729286,0.002904513483650799,19.48281278101989,19.48571729450354,16.45248524260548,1571.4510791471214,1.5570058986433175e+18,1.198561853389808e+16,1.00014392128746,5.876592109284399,0.004211670172748851,2.4898155268445055,0.0,10.109067348745201,20.481761352533525,30.590828701278724
0.75,M7_no_phi_Dv05_trial_00097_balanced,M7_no_phi,2200.0,1.1,1.0,40,5432786.961605881,1.0999999999999999,9.901183863882954e-15,7.52543768382339e-15,7.55565243133933e-99,1.2821582109204226e-19,0.1023323928080279,0.13644319041070388,9.036573938600274e+25,0.0002979933804836379,0.007958117037762098,63.30455429077734,36.687189598804416,100.0,0.0,0.00012569521061115015,0.9998695981055662,0.00023344989661000246,27.276915788745608,27.277149238642217,17.51632797433554,6965.473355131822,1.0369931121366066e+17,192688034965424.1,1.0001547217128226,20.349739049847905,0.029836587894219526,5.0700989753441394,0.0,10.046012787062809,20.491387442256705,30.537400229319516
0.75,M7_no_phi_Dv05_trial_00097_balanced,M7_no_phi,1400.0,3.2,1.0,40,15804471.161035294,3.2000000000000006,1.720711724456542e-19,2.56984711400453e-21,2.9449198733515696e-106,1.2821582109204226e-19,5888.3299394230835,7851.106585897445,2.628821509410849e+26,2.6708779970507517,53.59131865344526,9.755042435027915,33.98276091447609,100.00000000000001,1.3070396086229696e-16,0.811777641655369,0.14776507727611066,2.0570498313644068,0.8983553618047705,2.9554051931691774,7.04726021566937,57.01366027923659,1.4031215008510353e+22,1.1572382611286772e+19,1.0056842934705266,1.8710119518321864,2.8539867757304366e-05,0.035194221535873024,2.6479276670117744,0.0,0.0,2.6479276670117744
0.75,M7_no_phi_Dv05_trial_00097_balanced,M7_no_phi,1600.0,3.2,1.0,40,15804471.161035294,3.2000000000000006,7.33571673864993e-19,4.2934800659537927e-19,4.895151025154585e-105,1.2821582109204226e-19,1381.203599486108,1841.604799314811,2.628821509410849e+26,0.8385034892409791,43.20249407441185,13.883336975664136,42.07566546068304,100.0,0.0,0.7458435978248062,0.23968056061551515,2.046361447541697,3.6774391107262523,5.72380055826795,9.567546350153464,119.1081988270102,5.578173413962423e+21,5.195554557758036e+18,1.000216702829373,1.284623648030649,0.00010186791937117914,0.17532692903697814,5.381628527294857,0.0,0.0,5.381628527294857
0.75,M7_no_phi_Dv05_trial_00097_balanced,M7_no_phi,1700.0,3.2,1.0,40,15804471.161035294,3.2000000000000006,4.8167323632717555e-18,3.532824850314724e-18,3.946714695915007e-104,1.2821582109204226e-19,210.3525294760525,280.47003930140335,2.628821509410849e+26,0.18559497384552018,27.263853310668125,19.839192209043155,52.7113595064432,100.0,0.0,0.5765412798108015,0.41953399382979295,1.6623495521471723,8.582604256079865,10.244953808227036,13.899311934464034,264.3073928301125,1.477929903479834e+21,1.1096922323425933e+18,1.000080781232828,1.7905509518082654,0.0002479020303659031,0.585469392053681,11.440695915028458,0.0,0.0,11.440695915028458
0.75,M7_no_phi_Dv05_trial_00097_balanced,M7_no_phi,1800.0,3.2,1.0,40,15804471.161035294,3.2000000000000006,3.042955372416583e-17,2.3000292344816836e-17,3.978758947397585e-103,1.2821582109204226e-19,33.296966679426816,44.395955572569086,2.628821509410849e+26,0.04006544373117899,12.242128037095881,26.526229911069375,61.19157660810356,100.0,-1.3070396086229696e-16,0.3154502803031197,0.6835173292973376,0.9712191687506138,14.889441535558928,15.860660704309543,19.366120626325085,698.593167602523,3.192278244647671e+20,1.0425977852015464e+17,1.0000322813169087,3.8144116973385342,0.0006515148236370948,1.4879988053140698,0.0,0.0,0.0,0.0
0.75,M7_no_phi_Dv05_trial_00097_balanced,M7_no_phi,2000.0,3.2,1.0,40,15804471.161035294,3.2000000000000006,7.31342189768822e-16,5.557410539509728e-16,5.4060721867612494e-101,1.2821582109204226e-19,1.385414174920847,1.8472188998944623,2.628821509410849e+26,0.0020845983969459145,0.9796561290912817,33.001914693104304,66.01634457940747,100.0,0.0,0.028827273492705415,0.9711113853016136,0.10515241163915014,24.547737676357603,24.652890087996752,25.99318282394793,4069.3743581371946,1.429394951801379e+19,869640849853962.1,1.0000175509663078,18.44264161096005,0.004211670172748851,4.083986902019068,0.0,38.43762581721115,75.97947562924462,114.41710144645577
0.75,M7_no_phi_Dv05_trial_00097_balanced,M7_no_phi,2200.0,3.2,1.0,40,15804471.161035294,3.2000000000000006,9.901183863882954e-15,7.52543768382339e-15,7.55565243133933e-99,1.2821582109204226e-19,0.1023323928080279,0.13644319041070388,2.628821509410849e+26,0.00015679477285233777,0.07570793311283065,33.62634870834034,66.29778656377397,99.99999999999999,-1.3070396086229696e-16,0.0022463786616297816,0.9977489689800569,0.009467598053642539,31.186861668538445,31.196329266592087,28.55645071360406,17458.474678261882,9.705960479665144e+17,13991496642743.293,1.0000200957169443,69.3777037731319,0.029836587894219526,7.0831179313074175,0.0,37.66725072870237,76.68201301261199,114.34926374131436
1.0,M7_no_phi_Dv05_trial_00097_balanced,M7_no_phi,1400.0,1.1,1.0,40,5432786.961605881,1.0999999999999999,1.720711724456542e-19,2.56984711400453e-21,2.9449198733515696e-106,1.2821582109204226e-19,5888.3299394230835,5888.3299394230835,9.036573938600274e+25,7.289621358031761,31.616043825620213,25.84773173140533,35.2466030849427,100.0,0.0,0.48825305438560607,0.39917182669678414,0.406905499195751,0.6100009851027898,1.0169064842985407,6.629191715792525,48.81864375075329,3.334442348794542e+21,1.2516554571740166e+19,1.0051429719294476,2.412905215570323,2.7681350216845627e-05,0.023997396073071182,9.56209506838571,0.0,0.0,9.56209506838571
1.0,M7_no_phi_Dv05_trial_00097_balanced,M7_no_phi,1600.0,1.1,1.0,40,5432786.961605881,1.0999999999999999,7.33571673864993e-19,4.2934800659537927e-19,4.895151025154585e-105,1.2821582109204226e-19,1381.203599486108,1381.203599486108,9.036573938600274e+25,2.236131017067126,21.586715607806944,36.628802869288016,39.548350505837924,100.0,0.0,0.35709059700499335,0.6059189976747503,0.33554903085070686,2.4083638106123875,2.743912841463094,8.746632379955237,91.72222909080243,1.1971394947764833e+21,7.45091624032102e+18,1.0002266881918094,1.4203027231190655,9.595304741441455e-05,0.10563637484256481,14.144260692953127,0.0,0.0,14.144260692953127
1.0,M7_no_phi_Dv05_trial_00097_balanced,M7_no_phi,1700.0,1.1,1.0,40,5432786.961605881,1.0999999999999999,4.8167323632717555e-18,3.532824850314724e-18,3.946714695915007e-104,1.2821582109204226e-19,210.3525294760525,210.3525294760525,9.036573938600274e+25,0.4550962088531115,8.871694322640844,49.12521722906263,41.54799223944343,100.00000000000001,0.0,0.15177740957988894,0.8404367807227373,0.1664259940569255,5.123287612672788,5.2897136067297135,11.596698338516122,155.6278013831337,2.5475896155378162e+20,3.244879559516337e+18,1.0001178315425432,1.5390449857190567,0.00022620574089657374,0.28109942455591524,21.238767314766257,0.0,0.0,21.238767314766257
1.0,M7_no_phi_Dv05_trial_00097_balanced,M7_no_phi,1800.0,1.1,1.0,40,5432786.961605881,1.0999999999999999,3.042955372416583e-17,2.3000292344816836e-17,3.978758947397585e-103,1.2821582109204226e-19,33.296966679426816,33.296966679426816,9.036573938600274e+25,0.08349981817300245,2.044375797744277,55.683420426538575,42.18870395754415,100.0,0.0,0.03536291240111472,0.963192736340756,0.043809770494043915,9.123767882980408,9.167577653474451,13.592208941860648,295.00808823863827,4.16497350322781e+19,8.483671604388201e+17,1.0001080206208715,1.9109265208927635,0.0005945966674029715,0.6550436517721699,0.0,0.0,0.0,0.0
1.0,M7_no_phi_Dv05_trial_00097_balanced,M7_no_phi,2000.0,1.1,1.0,40,5432786.961605881,1.0999999999999999,7.31342189768822e-16,5.557410539509728e-16,5.4060721867612494e-101,1.2821582109204226e-19,1.385414174920847,1.385414174920847,9.036573938600274e+25,0.003652135993862148,0.07580453482977834,57.33763697956673,42.58290634960964,100.0,0.0,0.0013202433284301728,0.9986161495510824,0.0018601839085709867,19.1027299459836,19.10459012989217,15.000291401369228,1470.1798798098575,1.3157342687527217e+18,1.4351437437867726e+16,1.0001253530216927,5.077019967771138,0.0040176874214606605,2.389374582712637,0.0,14.18453588282899,28.82601734048017,43.01055322330916
1.0,M7_no_phi_Dv05_trial_00097_balanced,M7_no_phi,2200.0,1.1,1.0,40,5432786.961605881,1.0999999999999999,9.901183863882954e-15,7.52543768382339e-15,7.55565243133933e-99,1.2821582109204226e-19,0.1023323928080279,0.1023323928080279,9.036573938600274e+25,0.0002699258360171719,0.005423558534693783,57.41294782848854,42.58135868714076,100.0,0.0,9.445640667709676e-05,0.9999008425793343,0.0001485168365242986,27.036073032266028,27.036221549102553,15.937666163608188,6616.271824955285,8.758160578852531e+16,222851202990145.28,1.000135362122623,17.659511833928583,0.02932985736284358,4.964457456869886,0.0,14.127864909439243,28.82364328105163,42.95150819049087
1.0,M7_no_phi_Dv05_trial_00097_balanced,M7_no_phi,1400.0,3.2,1.0,40,15804471.161035294,3.2000000000000006,1.720711724456542e-19,2.56984711400453e-21,2.9449198733515696e-106,1.2821582109204226e-19,5888.3299394230835,5888.3299394230835,2.628821509410849e+26,2.566844241655927,45.46972038951376,9.355411603341121,42.60802376548919,100.0,1.3070396086229696e-16,0.7922661558772395,0.16300905138923488,1.723149364388115,0.872277265201799,2.595426629589914,6.823834055799383,56.33106463242483,1.2946397699636803e+22,1.1649896475912847e+19,1.0043183235381423,1.8187191782068963,2.7681350216845627e-05,0.033920011504104605,4.703195962384075,0.0,0.0,4.703195962384075
1.0,M7_no_phi_Dv05_trial_00097_balanced,M7_no_phi,1600.0,3.2,1.0,40,15804471.161035294,3.2000000000000006,7.33571673864993e-19,4.2934800659537927e-19,4.895151025154585e-105,1.2821582109204226e-19,1381.203599486108,1381.203599486108,2.628821509410849e+26,0.7939716142979301,34.653942430655086,13.135837664329985,51.41624829071701,100.0,1.3070396086229696e-16,0.713282552529464,0.27037511929775676,1.6006913897727022,3.4935751447331147,5.094266534505817,9.117216326658472,115.17261459021762,5.042341097604471e+21,5.459260292498798e+18,1.000143822290754,1.2366902475849175,9.595304741441455e-05,0.16384336736125077,8.35058091913317,0.0,0.0,8.35058091913317
1.0,M7_no_phi_Dv05_trial_00097_balanced,M7_no_phi,1700.0,3.2,1.0,40,15804471.161035294,3.2000000000000006,4.8167323632717555e-18,3.532824850314724e-18,3.946714695915007e-104,1.2821582109204226e-19,210.3525294760525,210.3525294760525,2.628821509410849e+26,0.17104258661309438,19.808024863149942,18.30476586394808,61.7161666862889,100.00000000000001,1.3070396086229696e-16,0.5173992034924,0.4781330467602977,1.1517757644603672,8.151431921744466,9.303207686204834,12.88202168712968,249.5354044645748,1.2862555115858771e+21,1.252416493675975e+18,1.0000408741520093,1.639684867289558,0.00022620574089657374,0.5425619263066649,15.050248757012335,0.0,0.0,15.050248757012335
1.0,M7_no_phi_Dv05_trial_00097_balanced,M7_no_phi,1800.0,3.2,1.0,40,15804471.161035294,3.2000000000000006,3.042955372416583e-17,2.3000292344816836e-17,3.978758947397585e-103,1.2821582109204226e-19,33.296966679426816,33.296966679426816,2.628821509410849e+26,0.035566708907389145,7.644236430151898,23.554784476137154,68.76541238480357,100.00000000000001,1.3070396086229696e-16,0.2447362687904603,0.7541250349236925,0.5591621264528662,14.325792987404865,14.884955113857732,17.263661000247602,649.4986168410813,2.594480676491293e+20,1.2482321671383347e+17,1.000012910087243,3.262564691599436,0.0005945966674029715,1.397060439859954,0.0,0.0,0.0,0.0
1.0,M7_no_phi_Dv05_trial_00097_balanced,M7_no_phi,2000.0,3.2,1.0,40,15804471.161035294,3.2000000000000006,7.31342189768822e-16,5.557410539509728e-16,5.4060721867612494e-101,1.2821582109204226e-19,1.385414174920847,1.385414174920847,2.628821509410849e+26,0.001740865442304384,0.4898197955565929,27.56613139872142,71.94230794027969,100.0,0.0,0.017457593964393787,0.9824803601111375,0.04575912045271008,24.10079955533863,24.146558675791336,21.73714064593065,3739.34908872461,1.063608532504494e+19,1100410710956069.9,1.0000113060109572,14.351778607276955,0.0040176874214606605,3.922374570157531,0.0,45.47326634534505,91.45454270145373,136.92780904679879
1.0,M7_no_phi_Dv05_trial_00097_balanced,M7_no_phi,2200.0,3.2,1.0,40,15804471.161035294,3.2000000000000006,9.901183863882954e-15,7.52543768382339e-15,7.55565243133933e-99,1.2821582109204226e-19,0.1023323928080279,0.1023323928080279,2.628821509410849e+26,0.0001299581293184547,0.036921018049413404,27.88254151361572,72.08040751020556,100.00000000000001,1.3070396086229696e-16,0.0013224053346376486,0.9986729399366314,0.00396314398989058,30.844091181300907,30.848054325290796,23.631476481442036,16062.655192018214,7.169331653706668e+17,17767705980268.656,1.0000130769703652,53.30330568772659,0.02932985736284358,6.887208956184361,0.0,45.04753233671516,91.83226677010694,136.8797991068221
